-8.46296978	-71.09573364	-3.85157752
-6.46296978	-71.09573364	-3.85574889
-4.46296978	-71.09573364	-3.85724664
-2.46296978	-71.09573364	-3.85252094
-0.46296978	-71.09573364	-3.84866750
1.53703022	-71.09573364	-3.84869550
3.53703022	-71.09573364	-3.86393229
5.53703022	-71.09573364	-3.87420177
7.53703022	-71.09573364	-3.88197947
9.53703022	-71.09573364	-3.88596416
11.53703022	-71.09573364	-3.87879729
13.53703022	-71.09573364	-3.87861848
15.53703022	-71.09573364	-3.86328602
17.53703022	-71.09573364	-3.86799431
19.53703022	-71.09573364	-3.85698056
21.53703022	-71.09573364	-3.86606431
23.53703022	-71.09573364	-3.85418272
25.53703022	-71.09573364	-3.88689899
27.53703022	-71.09573364	-3.87126136
29.53703022	-71.09573364	-3.88111258
31.53703022	-71.09573364	-3.87662268
33.53703022	-71.09573364	-3.86596060
35.53703022	-71.09573364	-3.86340475
37.53703022	-71.09573364	-3.84818649
39.53703022	-71.09573364	-3.86134028
41.53703022	-71.09573364	-3.87798882
43.53703022	-71.09573364	-3.86042166
45.53703022	-71.09573364	-3.88967562
47.53703022	-71.09573364	-3.87949991
49.53703022	-71.09573364	-3.89282966
51.53703022	-71.09573364	-3.87281489
53.53703022	-71.09573364	-3.86146283
55.53703022	-71.09573364	-3.85157752
57.53703022	-71.09573364	-3.85828209
59.53703022	-71.09573364	-3.85574889
61.53703022	-71.09573364	-3.85872698
63.53703022	-71.09573364	-3.85769749
65.53703022	-71.09573364	-3.87097859
67.53703022	-71.09573364	-3.85381436
69.53703022	-71.09573364	-3.87382555
71.53703022	-71.09573364	-3.86067438
73.53703022	-71.09573364	-3.87639403
75.53703022	-71.09573364	-3.77584882
77.53703022	-71.09573364	-3.73270488
79.53703022	-71.09573364	-3.82744749
81.53703022	-71.09573364	-3.83536657
83.53703022	-71.09573364	-3.85808325
85.53703022	-71.09573364	-3.83577347
87.53703022	-71.09573364	-3.82488871
89.53703022	-71.09573364	-3.81629443
91.53703022	-71.09573364	-3.79794979
93.53703022	-71.09573364	-3.82851434
95.53703022	-71.09573364	-3.82375836
97.53703022	-71.09573364	-3.75902449
99.53703022	-71.09573364	-3.72543788
101.53703022	-71.09573364	-3.78206011
103.53703022	-71.09573364	-3.79474579
105.53703022	-71.09573364	-3.79407740
107.53703022	-71.09573364	-3.80188155
109.53703022	-71.09573364	-3.78947139
111.53703022	-71.09573364	-3.79655957
113.53703022	-71.09573364	-3.78163624
115.53703022	-71.09573364	-3.77697897
117.53703022	-71.09573364	-3.79313278
119.53703022	-71.09573364	-3.79026866
121.53703022	-71.09573364	-3.80000162
123.53703022	-71.09573364	-3.77800393
125.53703022	-71.09573364	-3.76559138
127.53703022	-71.09573364	-3.78492737
129.53703022	-71.09573364	-3.77899909
131.53703022	-71.09573364	-3.79172134
133.53703022	-71.09573364	-3.80679607
135.53703022	-71.09573364	-3.81522465
137.53703022	-71.09573364	-3.82358098
139.53703022	-71.09573364	-3.82890821
141.53703022	-71.09573364	-3.81090403
143.53703022	-71.09573364	-3.81609869
145.53703022	-71.09573364	-3.83547640
147.53703022	-71.09573364	-3.77376723
149.53703022	-71.09573364	-3.80598855
151.53703022	-71.09573364	-3.80389333
153.53703022	-71.09573364	-3.78762817
155.53703022	-71.09573364	-3.87647128
157.53703022	-71.09573364	-3.82447719
159.53703022	-71.09573364	-3.92378998
161.53703022	-71.09573364	-3.78359103
163.53703022	-71.09573364	-3.77020574
165.53703022	-71.09573364	-3.78430605
167.53703022	-71.09573364	-3.81845498
169.53703022	-71.09573364	-3.81896782
171.53703022	-71.09573364	-3.82063603
173.53703022	-71.09573364	-3.80692792
175.53703022	-71.09573364	-3.82043386
177.53703022	-71.09573364	-3.83886981
179.53703022	-71.09573364	-3.82137203
181.53703022	-71.09573364	-3.80289531
183.53703022	-71.09573364	-3.78519607
185.53703022	-71.09573364	-3.77503603
187.53703022	-71.09573364	-3.76838303
189.53703022	-71.09573364	-3.77542639
191.53703022	-71.09573364	-3.79297495
193.53703022	-71.09573364	-3.77848434
195.53703022	-71.09573364	-3.82704306
197.53703022	-71.09573364	-3.74288344
199.53703022	-71.09573364	-3.61090541
201.53703022	-71.09573364	-3.66225946
203.53703022	-71.09573364	-3.61979461
205.53703022	-71.09573364	-3.68167049
207.53703022	-71.09573364	-3.60041285
209.53703022	-71.09573364	-3.72307749
211.53703022	-71.09573364	-3.69597006
213.53703022	-71.09573364	-3.71122289
215.53703022	-71.09573364	-3.73445514
217.53703022	-71.09573364	-3.72003687
219.53703022	-71.09573364	-3.73021811
221.53703022	-71.09573364	-3.68101025
223.53703022	-71.09573364	-3.73024511
225.53703022	-71.09573364	-3.82416272
227.53703022	-71.09573364	-3.78477788
229.53703022	-71.09573364	-3.78715277
231.53703022	-71.09573364	-3.79524970
233.53703022	-71.09573364	-3.79583900
235.53703022	-71.09573364	-3.80293663
237.53703022	-71.09573364	-3.81153402
239.53703022	-71.09573364	-3.80574541
241.53703022	-71.09573364	-3.82494020
243.53703022	-71.09573364	-3.80149126
245.53703022	-71.09573364	-3.78878784
247.53703022	-71.09573364	-3.79111171
249.53703022	-71.09573364	-3.77811050
251.53703022	-71.09573364	-3.79724145
253.53703022	-71.09573364	-3.78813648
255.53703022	-71.09573364	-3.75070500
257.53703022	-71.09573364	-3.79659176
259.53703022	-71.09573364	-3.79593420
261.53703022	-71.09573364	-3.81521153
263.53703022	-71.09573364	-3.76917529
265.53703022	-71.09573364	-3.78652859
267.53703022	-71.09573364	-3.77553916
269.53703022	-71.09573364	-3.72162843
271.53703022	-71.09573364	-3.78243041
273.53703022	-71.09573364	-3.85089445
275.53703022	-71.09573364	-3.79156899
277.53703022	-71.09573364	-3.74983001
279.53703022	-71.09573364	-3.75196290
281.53703022	-71.09573364	-3.86768198
-8.46296978	-69.09573364	-3.85157752
-6.46296978	-69.09573364	-3.85157752
-4.46296978	-69.09573364	-3.85724664
-2.46296978	-69.09573364	-3.85252094
-0.46296978	-69.09573364	-3.84438784
1.53703022	-69.09573364	-3.85205748
3.53703022	-69.09573364	-3.86403857
5.53703022	-69.09573364	-3.87420177
7.53703022	-69.09573364	-3.88197947
9.53703022	-69.09573364	-3.88596416
11.53703022	-69.09573364	-3.87879729
13.53703022	-69.09573364	-3.87861848
15.53703022	-69.09573364	-3.86328602
17.53703022	-69.09573364	-3.86799431
19.53703022	-69.09573364	-3.85698056
21.53703022	-69.09573364	-3.86606431
23.53703022	-69.09573364	-3.85418272
25.53703022	-69.09573364	-3.88689899
27.53703022	-69.09573364	-3.87126136
29.53703022	-69.09573364	-3.88111258
31.53703022	-69.09573364	-3.87662268
33.53703022	-69.09573364	-3.86596060
35.53703022	-69.09573364	-3.86340475
37.53703022	-69.09573364	-3.84818649
39.53703022	-69.09573364	-3.86134028
41.53703022	-69.09573364	-3.87798882
43.53703022	-69.09573364	-3.86042166
45.53703022	-69.09573364	-3.88967562
47.53703022	-69.09573364	-3.87949991
49.53703022	-69.09573364	-3.89282966
51.53703022	-69.09573364	-3.87281489
53.53703022	-69.09573364	-3.86146283
55.53703022	-69.09573364	-3.85157752
57.53703022	-69.09573364	-3.85828209
59.53703022	-69.09573364	-3.85574889
61.53703022	-69.09573364	-3.85872698
63.53703022	-69.09573364	-3.85769749
65.53703022	-69.09573364	-3.87097859
67.53703022	-69.09573364	-3.85381436
69.53703022	-69.09573364	-3.87382555
71.53703022	-69.09573364	-3.86067438
73.53703022	-69.09573364	-3.87639403
75.53703022	-69.09573364	-3.77328851
77.53703022	-69.09573364	-3.73270488
79.53703022	-69.09573364	-3.77549040
81.53703022	-69.09573364	-3.83487802
83.53703022	-69.09573364	-3.85808325
85.53703022	-69.09573364	-3.83577347
87.53703022	-69.09573364	-3.82488871
89.53703022	-69.09573364	-3.81629443
91.53703022	-69.09573364	-3.79794979
93.53703022	-69.09573364	-3.82851434
95.53703022	-69.09573364	-3.82375836
97.53703022	-69.09573364	-3.75550581
99.53703022	-69.09573364	-3.72543788
101.53703022	-69.09573364	-3.75498654
103.53703022	-69.09573364	-3.78563030
105.53703022	-69.09573364	-3.79407740
107.53703022	-69.09573364	-3.80188155
109.53703022	-69.09573364	-3.78947139
111.53703022	-69.09573364	-3.79655957
113.53703022	-69.09573364	-3.78163624
115.53703022	-69.09573364	-3.77697897
117.53703022	-69.09573364	-3.79313278
119.53703022	-69.09573364	-3.79026866
121.53703022	-69.09573364	-3.80000162
123.53703022	-69.09573364	-3.77800393
125.53703022	-69.09573364	-3.76559138
127.53703022	-69.09573364	-3.78492737
129.53703022	-69.09573364	-3.77899909
131.53703022	-69.09573364	-3.79172134
133.53703022	-69.09573364	-3.80679607
135.53703022	-69.09573364	-3.81522465
137.53703022	-69.09573364	-3.82358098
139.53703022	-69.09573364	-3.82890821
141.53703022	-69.09573364	-3.81090403
143.53703022	-69.09573364	-3.81609869
145.53703022	-69.09573364	-3.83547640
147.53703022	-69.09573364	-3.77376723
149.53703022	-69.09573364	-3.80598855
151.53703022	-69.09573364	-3.80389333
153.53703022	-69.09573364	-3.78762817
155.53703022	-69.09573364	-3.80491393
157.53703022	-69.09573364	-3.81240707
159.53703022	-69.09573364	-3.92378998
161.53703022	-69.09573364	-3.78359103
163.53703022	-69.09573364	-3.77020574
165.53703022	-69.09573364	-3.78430605
167.53703022	-69.09573364	-3.81845498
169.53703022	-69.09573364	-3.81896782
171.53703022	-69.09573364	-3.82063603
173.53703022	-69.09573364	-3.80692792
175.53703022	-69.09573364	-3.82043386
177.53703022	-69.09573364	-3.83886981
179.53703022	-69.09573364	-3.82137203
181.53703022	-69.09573364	-3.80289531
183.53703022	-69.09573364	-3.78519607
185.53703022	-69.09573364	-3.78316355
187.53703022	-69.09573364	-3.76838303
189.53703022	-69.09573364	-3.77542639
191.53703022	-69.09573364	-3.79297495
193.53703022	-69.09573364	-3.77848434
195.53703022	-69.09573364	-3.82704306
197.53703022	-69.09573364	-3.74288344
199.53703022	-69.09573364	-3.61090541
201.53703022	-69.09573364	-3.76132523
203.53703022	-69.09573364	-3.61979461
205.53703022	-69.09573364	-3.76016606
207.53703022	-69.09573364	-3.60041285
209.53703022	-69.09573364	-3.76657120
211.53703022	-69.09573364	-3.69597006
213.53703022	-69.09573364	-3.71122289
215.53703022	-69.09573364	-3.77401332
217.53703022	-69.09573364	-3.77421222
219.53703022	-69.09573364	-3.76945582
221.53703022	-69.09573364	-3.68101025
223.53703022	-69.09573364	-3.73024511
225.53703022	-69.09573364	-3.82416272
227.53703022	-69.09573364	-3.78477788
229.53703022	-69.09573364	-3.78715277
231.53703022	-69.09573364	-3.79524970
233.53703022	-69.09573364	-3.78016785
235.53703022	-69.09573364	-3.78008636
237.53703022	-69.09573364	-3.78081191
239.53703022	-69.09573364	-3.78282312
241.53703022	-69.09573364	-3.82494020
243.53703022	-69.09573364	-3.80149126
245.53703022	-69.09573364	-3.78878784
247.53703022	-69.09573364	-3.79111171
249.53703022	-69.09573364	-3.77811050
251.53703022	-69.09573364	-3.79724145
253.53703022	-69.09573364	-3.78813648
255.53703022	-69.09573364	-3.75070500
257.53703022	-69.09573364	-3.79659176
259.53703022	-69.09573364	-3.79593420
261.53703022	-69.09573364	-3.81521153
263.53703022	-69.09573364	-3.76917529
265.53703022	-69.09573364	-3.78652859
267.53703022	-69.09573364	-3.77553916
269.53703022	-69.09573364	-3.72162843
271.53703022	-69.09573364	-3.78243041
273.53703022	-69.09573364	-3.85089445
275.53703022	-69.09573364	-3.79156899
277.53703022	-69.09573364	-3.74983001
279.53703022	-69.09573364	-3.75196290
281.53703022	-69.09573364	-3.86768198
-8.46296978	-67.09573364	-3.84184427
-6.46296978	-67.09573364	-3.84254858
-4.46296978	-67.09573364	-3.84052379
-2.46296978	-67.09573364	-3.84038965
-0.46296978	-67.09573364	-3.83917226
1.53703022	-67.09573364	-3.83966015
3.53703022	-67.09573364	-3.84236684
5.53703022	-67.09573364	-3.84337057
7.53703022	-67.09573364	-3.84393727
9.53703022	-67.09573364	-3.84379419
11.53703022	-67.09573364	-3.84350559
13.53703022	-67.09573364	-3.84251501
15.53703022	-67.09573364	-3.84219216
17.53703022	-67.09573364	-3.84153076
19.53703022	-67.09573364	-3.84166649
21.53703022	-67.09573364	-3.84133795
23.53703022	-67.09573364	-3.84290813
25.53703022	-67.09573364	-3.84297931
27.53703022	-67.09573364	-3.84347060
29.53703022	-67.09573364	-3.84325845
31.53703022	-67.09573364	-3.84297767
33.53703022	-67.09573364	-3.84093452
35.53703022	-67.09573364	-3.84157607
37.53703022	-67.09573364	-3.84191351
39.53703022	-67.09573364	-3.84128780
41.53703022	-67.09573364	-3.84340602
43.53703022	-67.09573364	-3.84240206
45.53703022	-67.09573364	-3.84444065
47.53703022	-67.09573364	-3.84262586
49.53703022	-67.09573364	-3.84279427
51.53703022	-67.09573364	-3.84135164
53.53703022	-67.09573364	-3.84154825
55.53703022	-67.09573364	-3.84076962
57.53703022	-67.09573364	-3.84101500
59.53703022	-67.09573364	-3.84073115
61.53703022	-67.09573364	-3.84172999
63.53703022	-67.09573364	-3.84063457
65.53703022	-67.09573364	-3.84233379
67.53703022	-67.09573364	-3.84102848
69.53703022	-67.09573364	-3.84269952
71.53703022	-67.09573364	-3.83910997
73.53703022	-67.09573364	-3.83446010
75.53703022	-67.09573364	-3.83408618
77.53703022	-67.09573364	-3.83169716
79.53703022	-67.09573364	-3.83805544
81.53703022	-67.09573364	-3.83606183
83.53703022	-67.09573364	-3.83820654
85.53703022	-67.09573364	-3.83677719
87.53703022	-67.09573364	-3.83601173
89.53703022	-67.09573364	-3.83709349
91.53703022	-67.09573364	-3.83624809
93.53703022	-67.09573364	-3.83547907
95.53703022	-67.09573364	-3.83078233
97.53703022	-67.09573364	-3.83163957
99.53703022	-67.09573364	-3.82901171
101.53703022	-67.09573364	-3.83274549
103.53703022	-67.09573364	-3.83247056
105.53703022	-67.09573364	-3.83323596
107.53703022	-67.09573364	-3.83370132
109.53703022	-67.09573364	-3.83371037
111.53703022	-67.09573364	-3.83416858
113.53703022	-67.09573364	-3.83443944
115.53703022	-67.09573364	-3.83442354
117.53703022	-67.09573364	-3.83452709
119.53703022	-67.09573364	-3.83436361
121.53703022	-67.09573364	-3.83432253
123.53703022	-67.09573364	-3.83435934
125.53703022	-67.09573364	-3.83429709
127.53703022	-67.09573364	-3.83441866
129.53703022	-67.09573364	-3.83449570
131.53703022	-67.09573364	-3.83464987
133.53703022	-67.09573364	-3.83476801
135.53703022	-67.09573364	-3.83487037
137.53703022	-67.09573364	-3.83480772
139.53703022	-67.09573364	-3.83486631
141.53703022	-67.09573364	-3.83495167
143.53703022	-67.09573364	-3.83455790
145.53703022	-67.09573364	-3.83478106
147.53703022	-67.09573364	-3.83008086
149.53703022	-67.09573364	-3.83014413
151.53703022	-67.09573364	-3.82116104
153.53703022	-67.09573364	-3.82176847
155.53703022	-67.09573364	-3.81174885
157.53703022	-67.09573364	-3.80283127
159.53703022	-67.09573364	-3.80548856
161.53703022	-67.09573364	-3.80126795
163.53703022	-67.09573364	-3.80433329
165.53703022	-67.09573364	-3.80303653
167.53703022	-67.09573364	-3.80411321
169.53703022	-67.09573364	-3.80358089
171.53703022	-67.09573364	-3.80484328
173.53703022	-67.09573364	-3.80559709
175.53703022	-67.09573364	-3.80512352
177.53703022	-67.09573364	-3.80432628
179.53703022	-67.09573364	-3.80275612
181.53703022	-67.09573364	-3.79363742
183.53703022	-67.09573364	-3.77584757
185.53703022	-67.09573364	-3.77798425
187.53703022	-67.09573364	-3.76838303
189.53703022	-67.09573364	-3.77542639
191.53703022	-67.09573364	-3.79297495
193.53703022	-67.09573364	-3.79297495
195.53703022	-67.09573364	-3.79297495
197.53703022	-67.09573364	-3.79297495
199.53703022	-67.09573364	-3.79297495
201.53703022	-67.09573364	-3.79297495
203.53703022	-67.09573364	-3.79297495
205.53703022	-67.09573364	-3.79297495
207.53703022	-67.09573364	-3.79297495
209.53703022	-67.09573364	-3.79297495
211.53703022	-67.09573364	-3.79297495
213.53703022	-67.09573364	-3.79297495
215.53703022	-67.09573364	-3.79297495
217.53703022	-67.09573364	-3.79297495
219.53703022	-67.09573364	-3.79297495
221.53703022	-67.09573364	-3.79297495
223.53703022	-67.09573364	-3.79297495
225.53703022	-67.09573364	-3.79297495
227.53703022	-67.09573364	-3.79297495
229.53703022	-67.09573364	-3.79297495
231.53703022	-67.09573364	-3.79297495
233.53703022	-67.09573364	-3.79297495
235.53703022	-67.09573364	-3.79297495
237.53703022	-67.09573364	-3.79297495
239.53703022	-67.09573364	-3.79297495
241.53703022	-67.09573364	-3.79297495
243.53703022	-67.09573364	-3.79297495
245.53703022	-67.09573364	-3.79297495
247.53703022	-67.09573364	-3.79297495
249.53703022	-67.09573364	-3.79297495
251.53703022	-67.09573364	-3.79297495
253.53703022	-67.09573364	-3.79297495
255.53703022	-67.09573364	-3.79297495
257.53703022	-67.09573364	-3.79297495
259.53703022	-67.09573364	-3.79297495
261.53703022	-67.09573364	-3.79297495
263.53703022	-67.09573364	-3.79297495
265.53703022	-67.09573364	-3.79297495
267.53703022	-67.09573364	-3.79297495
269.53703022	-67.09573364	-3.79297495
271.53703022	-67.09573364	-3.79297495
273.53703022	-67.09573364	-3.79297495
275.53703022	-67.09573364	-3.79297495
277.53703022	-67.09573364	-3.79297495
279.53703022	-67.09573364	-3.79297495
281.53703022	-67.09573364	-3.79297495
-8.46296978	-65.09573364	-3.80289531
-6.46296978	-65.09573364	-3.80289531
-4.46296978	-65.09573364	-3.80289531
-2.46296978	-65.09573364	-3.80289531
-0.46296978	-65.09573364	-3.80289531
1.53703022	-65.09573364	-3.80289531
3.53703022	-65.09573364	-3.80289531
5.53703022	-65.09573364	-3.80289531
7.53703022	-65.09573364	-3.80289531
9.53703022	-65.09573364	-3.80289531
11.53703022	-65.09573364	-3.80289531
13.53703022	-65.09573364	-3.80289531
15.53703022	-65.09573364	-3.80289531
17.53703022	-65.09573364	-3.80289531
19.53703022	-65.09573364	-3.80289531
21.53703022	-65.09573364	-3.80289531
23.53703022	-65.09573364	-3.80289531
25.53703022	-65.09573364	-3.80289531
27.53703022	-65.09573364	-3.80289531
29.53703022	-65.09573364	-3.80289531
31.53703022	-65.09573364	-3.80289531
33.53703022	-65.09573364	-3.80289531
35.53703022	-65.09573364	-3.80289531
37.53703022	-65.09573364	-3.80289531
39.53703022	-65.09573364	-3.80289531
41.53703022	-65.09573364	-3.80289531
43.53703022	-65.09573364	-3.80289531
45.53703022	-65.09573364	-3.80289531
47.53703022	-65.09573364	-3.80289531
49.53703022	-65.09573364	-3.80289531
51.53703022	-65.09573364	-3.80289531
53.53703022	-65.09573364	-3.80289531
55.53703022	-65.09573364	-3.80289531
57.53703022	-65.09573364	-3.80289531
59.53703022	-65.09573364	-3.80289531
61.53703022	-65.09573364	-3.80289531
63.53703022	-65.09573364	-3.80289531
65.53703022	-65.09573364	-3.80289531
67.53703022	-65.09573364	-3.80289531
69.53703022	-65.09573364	-3.80289531
71.53703022	-65.09573364	-3.80289531
73.53703022	-65.09573364	-3.80289531
75.53703022	-65.09573364	-3.80289531
77.53703022	-65.09573364	-3.80289531
79.53703022	-65.09573364	-3.80289531
81.53703022	-65.09573364	-3.80289531
83.53703022	-65.09573364	-3.80289531
85.53703022	-65.09573364	-3.80289531
87.53703022	-65.09573364	-3.80289531
89.53703022	-65.09573364	-3.80289531
91.53703022	-65.09573364	-3.80289531
93.53703022	-65.09573364	-3.80289531
95.53703022	-65.09573364	-3.80289531
97.53703022	-65.09573364	-3.80289531
99.53703022	-65.09573364	-3.80289531
101.53703022	-65.09573364	-3.80289531
103.53703022	-65.09573364	-3.80289531
105.53703022	-65.09573364	-3.80289531
107.53703022	-65.09573364	-3.80289531
109.53703022	-65.09573364	-3.80289531
111.53703022	-65.09573364	-3.80289531
113.53703022	-65.09573364	-3.80289531
115.53703022	-65.09573364	-3.80289531
117.53703022	-65.09573364	-3.80289531
119.53703022	-65.09573364	-3.80289531
121.53703022	-65.09573364	-3.80289531
123.53703022	-65.09573364	-3.80289531
125.53703022	-65.09573364	-3.80289531
127.53703022	-65.09573364	-3.80289531
129.53703022	-65.09573364	-3.80289531
131.53703022	-65.09573364	-3.80289531
133.53703022	-65.09573364	-3.80289531
135.53703022	-65.09573364	-3.80289531
137.53703022	-65.09573364	-3.80289531
139.53703022	-65.09573364	-3.80289531
141.53703022	-65.09573364	-3.80289531
143.53703022	-65.09573364	-3.80289531
145.53703022	-65.09573364	-3.80289531
147.53703022	-65.09573364	-3.80289531
149.53703022	-65.09573364	-3.80289531
151.53703022	-65.09573364	-3.80289531
153.53703022	-65.09573364	-3.80289531
155.53703022	-65.09573364	-3.80289531
157.53703022	-65.09573364	-3.80289531
159.53703022	-65.09573364	-3.80289531
161.53703022	-65.09573364	-3.80289531
163.53703022	-65.09573364	-3.80289531
165.53703022	-65.09573364	-3.80289531
167.53703022	-65.09573364	-3.80289531
169.53703022	-65.09573364	-3.80289531
171.53703022	-65.09573364	-3.80289531
173.53703022	-65.09573364	-3.80289531
175.53703022	-65.09573364	-3.80289531
177.53703022	-65.09573364	-3.80289531
179.53703022	-65.09573364	-3.80289531
181.53703022	-65.09573364	-3.80289531
183.53703022	-65.09573364	-3.78519607
185.53703022	-65.09573364	-3.76353145
187.53703022	-65.09573364	-3.78257203
189.53703022	-65.09573364	-3.78166817
191.53703022	-65.09573364	-3.78214548
193.53703022	-65.09573364	-3.77848434
195.53703022	-65.09573364	-3.77848434
197.53703022	-65.09573364	-3.77848434
199.53703022	-65.09573364	-3.77848434
201.53703022	-65.09573364	-3.77848434
203.53703022	-65.09573364	-3.77848434
205.53703022	-65.09573364	-3.77848434
207.53703022	-65.09573364	-3.77848434
209.53703022	-65.09573364	-3.77848434
211.53703022	-65.09573364	-3.77848434
213.53703022	-65.09573364	-3.77848434
215.53703022	-65.09573364	-3.77848434
217.53703022	-65.09573364	-3.77848434
219.53703022	-65.09573364	-3.77848434
221.53703022	-65.09573364	-3.77848434
223.53703022	-65.09573364	-3.77848434
225.53703022	-65.09573364	-3.77848434
227.53703022	-65.09573364	-3.77848434
229.53703022	-65.09573364	-3.77848434
231.53703022	-65.09573364	-3.77848434
233.53703022	-65.09573364	-3.77848434
235.53703022	-65.09573364	-3.77848434
237.53703022	-65.09573364	-3.77848434
239.53703022	-65.09573364	-3.77848434
241.53703022	-65.09573364	-3.77848434
243.53703022	-65.09573364	-3.77848434
245.53703022	-65.09573364	-3.77848434
247.53703022	-65.09573364	-3.77848434
249.53703022	-65.09573364	-3.77848434
251.53703022	-65.09573364	-3.77848434
253.53703022	-65.09573364	-3.77848434
255.53703022	-65.09573364	-3.77848434
257.53703022	-65.09573364	-3.77848434
259.53703022	-65.09573364	-3.77848434
261.53703022	-65.09573364	-3.77848434
263.53703022	-65.09573364	-3.77848434
265.53703022	-65.09573364	-3.77848434
267.53703022	-65.09573364	-3.77848434
269.53703022	-65.09573364	-3.77848434
271.53703022	-65.09573364	-3.77848434
273.53703022	-65.09573364	-3.77848434
275.53703022	-65.09573364	-3.77848434
277.53703022	-65.09573364	-3.77848434
279.53703022	-65.09573364	-3.77848434
281.53703022	-65.09573364	-3.77848434
-8.46296978	-63.09573364	-3.83886981
-6.46296978	-63.09573364	-3.83886981
-4.46296978	-63.09573364	-3.83886981
-2.46296978	-63.09573364	-3.83886981
-0.46296978	-63.09573364	-3.83886981
1.53703022	-63.09573364	-3.83886981
3.53703022	-63.09573364	-3.83886981
5.53703022	-63.09573364	-3.83886981
7.53703022	-63.09573364	-3.83886981
9.53703022	-63.09573364	-3.83886981
11.53703022	-63.09573364	-3.83886981
13.53703022	-63.09573364	-3.83886981
15.53703022	-63.09573364	-3.83886981
17.53703022	-63.09573364	-3.83886981
19.53703022	-63.09573364	-3.83886981
21.53703022	-63.09573364	-3.83886981
23.53703022	-63.09573364	-3.83886981
25.53703022	-63.09573364	-3.83886981
27.53703022	-63.09573364	-3.83886981
29.53703022	-63.09573364	-3.83886981
31.53703022	-63.09573364	-3.83886981
33.53703022	-63.09573364	-3.83886981
35.53703022	-63.09573364	-3.83886981
37.53703022	-63.09573364	-3.83886981
39.53703022	-63.09573364	-3.83886981
41.53703022	-63.09573364	-3.83886981
43.53703022	-63.09573364	-3.83886981
45.53703022	-63.09573364	-3.83886981
47.53703022	-63.09573364	-3.83886981
49.53703022	-63.09573364	-3.83886981
51.53703022	-63.09573364	-3.83886981
53.53703022	-63.09573364	-3.83886981
55.53703022	-63.09573364	-3.83886981
57.53703022	-63.09573364	-3.83886981
59.53703022	-63.09573364	-3.83886981
61.53703022	-63.09573364	-3.83886981
63.53703022	-63.09573364	-3.83886981
65.53703022	-63.09573364	-3.83886981
67.53703022	-63.09573364	-3.83886981
69.53703022	-63.09573364	-3.83886981
71.53703022	-63.09573364	-3.83886981
73.53703022	-63.09573364	-3.83886981
75.53703022	-63.09573364	-3.83886981
77.53703022	-63.09573364	-3.83886981
79.53703022	-63.09573364	-3.83886981
81.53703022	-63.09573364	-3.83886981
83.53703022	-63.09573364	-3.83886981
85.53703022	-63.09573364	-3.83886981
87.53703022	-63.09573364	-3.83886981
89.53703022	-63.09573364	-3.83886981
91.53703022	-63.09573364	-3.83886981
93.53703022	-63.09573364	-3.83886981
95.53703022	-63.09573364	-3.83886981
97.53703022	-63.09573364	-3.83886981
99.53703022	-63.09573364	-3.83886981
101.53703022	-63.09573364	-3.83886981
103.53703022	-63.09573364	-3.83886981
105.53703022	-63.09573364	-3.83886981
107.53703022	-63.09573364	-3.83886981
109.53703022	-63.09573364	-3.83886981
111.53703022	-63.09573364	-3.83886981
113.53703022	-63.09573364	-3.83886981
115.53703022	-63.09573364	-3.83886981
117.53703022	-63.09573364	-3.83886981
119.53703022	-63.09573364	-3.83886981
121.53703022	-63.09573364	-3.83886981
123.53703022	-63.09573364	-3.83886981
125.53703022	-63.09573364	-3.83886981
127.53703022	-63.09573364	-3.83886981
129.53703022	-63.09573364	-3.83886981
131.53703022	-63.09573364	-3.83886981
133.53703022	-63.09573364	-3.83886981
135.53703022	-63.09573364	-3.83886981
137.53703022	-63.09573364	-3.83886981
139.53703022	-63.09573364	-3.83886981
141.53703022	-63.09573364	-3.83886981
143.53703022	-63.09573364	-3.83886981
145.53703022	-63.09573364	-3.83886981
147.53703022	-63.09573364	-3.83886981
149.53703022	-63.09573364	-3.83886981
151.53703022	-63.09573364	-3.83886981
153.53703022	-63.09573364	-3.83886981
155.53703022	-63.09573364	-3.83886981
157.53703022	-63.09573364	-3.83886981
159.53703022	-63.09573364	-3.83886981
161.53703022	-63.09573364	-3.83886981
163.53703022	-63.09573364	-3.83886981
165.53703022	-63.09573364	-3.83886981
167.53703022	-63.09573364	-3.83886981
169.53703022	-63.09573364	-3.83886981
171.53703022	-63.09573364	-3.83886981
173.53703022	-63.09573364	-3.83886981
175.53703022	-63.09573364	-3.83886981
177.53703022	-63.09573364	-3.83886981
179.53703022	-63.09573364	-3.82137203
181.53703022	-63.09573364	-3.82188416
183.53703022	-63.09573364	-3.79843402
185.53703022	-63.09573364	-3.79527426
187.53703022	-63.09573364	-3.79211092
189.53703022	-63.09573364	-3.80058074
191.53703022	-63.09573364	-3.79147124
193.53703022	-63.09573364	-3.77883543
195.53703022	-63.09573364	-3.82704306
197.53703022	-63.09573364	-3.82704306
199.53703022	-63.09573364	-3.82704306
201.53703022	-63.09573364	-3.82704306
203.53703022	-63.09573364	-3.82704306
205.53703022	-63.09573364	-3.82704306
207.53703022	-63.09573364	-3.82704306
209.53703022	-63.09573364	-3.82704306
211.53703022	-63.09573364	-3.82704306
213.53703022	-63.09573364	-3.82704306
215.53703022	-63.09573364	-3.82704306
217.53703022	-63.09573364	-3.82704306
219.53703022	-63.09573364	-3.82704306
221.53703022	-63.09573364	-3.82704306
223.53703022	-63.09573364	-3.82704306
225.53703022	-63.09573364	-3.82704306
227.53703022	-63.09573364	-3.82704306
229.53703022	-63.09573364	-3.82704306
231.53703022	-63.09573364	-3.82704306
233.53703022	-63.09573364	-3.82704306
235.53703022	-63.09573364	-3.82704306
237.53703022	-63.09573364	-3.82704306
239.53703022	-63.09573364	-3.82704306
241.53703022	-63.09573364	-3.82704306
243.53703022	-63.09573364	-3.82704306
245.53703022	-63.09573364	-3.82704306
247.53703022	-63.09573364	-3.82704306
249.53703022	-63.09573364	-3.82704306
251.53703022	-63.09573364	-3.82704306
253.53703022	-63.09573364	-3.82704306
255.53703022	-63.09573364	-3.82704306
257.53703022	-63.09573364	-3.82704306
259.53703022	-63.09573364	-3.82704306
261.53703022	-63.09573364	-3.82704306
263.53703022	-63.09573364	-3.82704306
265.53703022	-63.09573364	-3.82704306
267.53703022	-63.09573364	-3.82704306
269.53703022	-63.09573364	-3.82704306
271.53703022	-63.09573364	-3.82704306
273.53703022	-63.09573364	-3.82704306
275.53703022	-63.09573364	-3.82704306
277.53703022	-63.09573364	-3.82704306
279.53703022	-63.09573364	-3.82704306
281.53703022	-63.09573364	-3.82704306
-8.46296978	-61.09573364	-3.80692792
-6.46296978	-61.09573364	-3.80692792
-4.46296978	-61.09573364	-3.80692792
-2.46296978	-61.09573364	-3.80692792
-0.46296978	-61.09573364	-3.80692792
1.53703022	-61.09573364	-3.80692792
3.53703022	-61.09573364	-3.80692792
5.53703022	-61.09573364	-3.80692792
7.53703022	-61.09573364	-3.80692792
9.53703022	-61.09573364	-3.80692792
11.53703022	-61.09573364	-3.80692792
13.53703022	-61.09573364	-3.80692792
15.53703022	-61.09573364	-3.80692792
17.53703022	-61.09573364	-3.80692792
19.53703022	-61.09573364	-3.80692792
21.53703022	-61.09573364	-3.80692792
23.53703022	-61.09573364	-3.80692792
25.53703022	-61.09573364	-3.80692792
27.53703022	-61.09573364	-3.80692792
29.53703022	-61.09573364	-3.80692792
31.53703022	-61.09573364	-3.80692792
33.53703022	-61.09573364	-3.80692792
35.53703022	-61.09573364	-3.80692792
37.53703022	-61.09573364	-3.80692792
39.53703022	-61.09573364	-3.80692792
41.53703022	-61.09573364	-3.80692792
43.53703022	-61.09573364	-3.80692792
45.53703022	-61.09573364	-3.80692792
47.53703022	-61.09573364	-3.80692792
49.53703022	-61.09573364	-3.80692792
51.53703022	-61.09573364	-3.80692792
53.53703022	-61.09573364	-3.80692792
55.53703022	-61.09573364	-3.80692792
57.53703022	-61.09573364	-3.80692792
59.53703022	-61.09573364	-3.80692792
61.53703022	-61.09573364	-3.80692792
63.53703022	-61.09573364	-3.80692792
65.53703022	-61.09573364	-3.80692792
67.53703022	-61.09573364	-3.80692792
69.53703022	-61.09573364	-3.80692792
71.53703022	-61.09573364	-3.80692792
73.53703022	-61.09573364	-3.80692792
75.53703022	-61.09573364	-3.80692792
77.53703022	-61.09573364	-3.80692792
79.53703022	-61.09573364	-3.80692792
81.53703022	-61.09573364	-3.80692792
83.53703022	-61.09573364	-3.80692792
85.53703022	-61.09573364	-3.80692792
87.53703022	-61.09573364	-3.80692792
89.53703022	-61.09573364	-3.80692792
91.53703022	-61.09573364	-3.80692792
93.53703022	-61.09573364	-3.80692792
95.53703022	-61.09573364	-3.80692792
97.53703022	-61.09573364	-3.80692792
99.53703022	-61.09573364	-3.80692792
101.53703022	-61.09573364	-3.80692792
103.53703022	-61.09573364	-3.80692792
105.53703022	-61.09573364	-3.80692792
107.53703022	-61.09573364	-3.80692792
109.53703022	-61.09573364	-3.80692792
111.53703022	-61.09573364	-3.80692792
113.53703022	-61.09573364	-3.80692792
115.53703022	-61.09573364	-3.80692792
117.53703022	-61.09573364	-3.80692792
119.53703022	-61.09573364	-3.80692792
121.53703022	-61.09573364	-3.80692792
123.53703022	-61.09573364	-3.80692792
125.53703022	-61.09573364	-3.80692792
127.53703022	-61.09573364	-3.80692792
129.53703022	-61.09573364	-3.80692792
131.53703022	-61.09573364	-3.80692792
133.53703022	-61.09573364	-3.80692792
135.53703022	-61.09573364	-3.80692792
137.53703022	-61.09573364	-3.80692792
139.53703022	-61.09573364	-3.80692792
141.53703022	-61.09573364	-3.80692792
143.53703022	-61.09573364	-3.80692792
145.53703022	-61.09573364	-3.80692792
147.53703022	-61.09573364	-3.80692792
149.53703022	-61.09573364	-3.80692792
151.53703022	-61.09573364	-3.80692792
153.53703022	-61.09573364	-3.80692792
155.53703022	-61.09573364	-3.80692792
157.53703022	-61.09573364	-3.80692792
159.53703022	-61.09573364	-3.80692792
161.53703022	-61.09573364	-3.80692792
163.53703022	-61.09573364	-3.80692792
165.53703022	-61.09573364	-3.80692792
167.53703022	-61.09573364	-3.80692792
169.53703022	-61.09573364	-3.80692792
171.53703022	-61.09573364	-3.80692792
173.53703022	-61.09573364	-3.80692792
175.53703022	-61.09573364	-3.82043386
177.53703022	-61.09573364	-3.82625365
179.53703022	-61.09573364	-3.81810880
181.53703022	-61.09573364	-3.80347753
183.53703022	-61.09573364	-3.81092930
185.53703022	-61.09573364	-3.86219668
187.53703022	-61.09573364	-3.79268837
189.53703022	-61.09573364	-3.79222822
191.53703022	-61.09573364	-3.80847478
193.53703022	-61.09573364	-3.78490520
195.53703022	-61.09573364	-3.78672528
197.53703022	-61.09573364	-3.78672528
199.53703022	-61.09573364	-3.78672528
201.53703022	-61.09573364	-3.78672528
203.53703022	-61.09573364	-3.78672528
205.53703022	-61.09573364	-3.78672528
207.53703022	-61.09573364	-3.78672528
209.53703022	-61.09573364	-3.78672528
211.53703022	-61.09573364	-3.78672528
213.53703022	-61.09573364	-3.78672528
215.53703022	-61.09573364	-3.78672528
217.53703022	-61.09573364	-3.78672528
219.53703022	-61.09573364	-3.78672528
221.53703022	-61.09573364	-3.78672528
223.53703022	-61.09573364	-3.78672528
225.53703022	-61.09573364	-3.78672528
227.53703022	-61.09573364	-3.78672528
229.53703022	-61.09573364	-3.78672528
231.53703022	-61.09573364	-3.78672528
233.53703022	-61.09573364	-3.78672528
235.53703022	-61.09573364	-3.78672528
237.53703022	-61.09573364	-3.78672528
239.53703022	-61.09573364	-3.78672528
241.53703022	-61.09573364	-3.78672528
243.53703022	-61.09573364	-3.78672528
245.53703022	-61.09573364	-3.78672528
247.53703022	-61.09573364	-3.78672528
249.53703022	-61.09573364	-3.78672528
251.53703022	-61.09573364	-3.78672528
253.53703022	-61.09573364	-3.78672528
255.53703022	-61.09573364	-3.78672528
257.53703022	-61.09573364	-3.78672528
259.53703022	-61.09573364	-3.78672528
261.53703022	-61.09573364	-3.78672528
263.53703022	-61.09573364	-3.78672528
265.53703022	-61.09573364	-3.78672528
267.53703022	-61.09573364	-3.78672528
269.53703022	-61.09573364	-3.78672528
271.53703022	-61.09573364	-3.78672528
273.53703022	-61.09573364	-3.78672528
275.53703022	-61.09573364	-3.78672528
277.53703022	-61.09573364	-3.78672528
279.53703022	-61.09573364	-3.78672528
281.53703022	-61.09573364	-3.78672528
-8.46296978	-59.09573364	-3.81896782
-6.46296978	-59.09573364	-3.81896782
-4.46296978	-59.09573364	-3.81896782
-2.46296978	-59.09573364	-3.81896782
-0.46296978	-59.09573364	-3.81896782
1.53703022	-59.09573364	-3.81896782
3.53703022	-59.09573364	-3.81896782
5.53703022	-59.09573364	-3.81896782
7.53703022	-59.09573364	-3.81896782
9.53703022	-59.09573364	-3.81896782
11.53703022	-59.09573364	-3.81896782
13.53703022	-59.09573364	-3.81896782
15.53703022	-59.09573364	-3.81896782
17.53703022	-59.09573364	-3.81896782
19.53703022	-59.09573364	-3.81896782
21.53703022	-59.09573364	-3.81896782
23.53703022	-59.09573364	-3.81896782
25.53703022	-59.09573364	-3.81896782
27.53703022	-59.09573364	-3.81896782
29.53703022	-59.09573364	-3.81896782
31.53703022	-59.09573364	-3.81896782
33.53703022	-59.09573364	-3.81896782
35.53703022	-59.09573364	-3.81896782
37.53703022	-59.09573364	-3.81896782
39.53703022	-59.09573364	-3.81896782
41.53703022	-59.09573364	-3.81896782
43.53703022	-59.09573364	-3.81896782
45.53703022	-59.09573364	-3.81896782
47.53703022	-59.09573364	-3.81896782
49.53703022	-59.09573364	-3.81896782
51.53703022	-59.09573364	-3.81896782
53.53703022	-59.09573364	-3.81896782
55.53703022	-59.09573364	-3.81896782
57.53703022	-59.09573364	-3.81896782
59.53703022	-59.09573364	-3.81896782
61.53703022	-59.09573364	-3.81896782
63.53703022	-59.09573364	-3.81896782
65.53703022	-59.09573364	-3.81896782
67.53703022	-59.09573364	-3.81896782
69.53703022	-59.09573364	-3.81896782
71.53703022	-59.09573364	-3.81896782
73.53703022	-59.09573364	-3.81896782
75.53703022	-59.09573364	-3.81896782
77.53703022	-59.09573364	-3.81896782
79.53703022	-59.09573364	-3.81896782
81.53703022	-59.09573364	-3.81896782
83.53703022	-59.09573364	-3.81896782
85.53703022	-59.09573364	-3.81896782
87.53703022	-59.09573364	-3.81896782
89.53703022	-59.09573364	-3.81896782
91.53703022	-59.09573364	-3.81896782
93.53703022	-59.09573364	-3.81896782
95.53703022	-59.09573364	-3.81896782
97.53703022	-59.09573364	-3.81896782
99.53703022	-59.09573364	-3.81896782
101.53703022	-59.09573364	-3.81896782
103.53703022	-59.09573364	-3.81896782
105.53703022	-59.09573364	-3.81896782
107.53703022	-59.09573364	-3.81896782
109.53703022	-59.09573364	-3.81896782
111.53703022	-59.09573364	-3.81896782
113.53703022	-59.09573364	-3.81896782
115.53703022	-59.09573364	-3.81896782
117.53703022	-59.09573364	-3.81896782
119.53703022	-59.09573364	-3.81896782
121.53703022	-59.09573364	-3.81896782
123.53703022	-59.09573364	-3.81896782
125.53703022	-59.09573364	-3.81896782
127.53703022	-59.09573364	-3.81896782
129.53703022	-59.09573364	-3.81896782
131.53703022	-59.09573364	-3.81896782
133.53703022	-59.09573364	-3.81896782
135.53703022	-59.09573364	-3.81896782
137.53703022	-59.09573364	-3.81896782
139.53703022	-59.09573364	-3.81896782
141.53703022	-59.09573364	-3.81896782
143.53703022	-59.09573364	-3.81896782
145.53703022	-59.09573364	-3.81896782
147.53703022	-59.09573364	-3.81896782
149.53703022	-59.09573364	-3.81896782
151.53703022	-59.09573364	-3.81896782
153.53703022	-59.09573364	-3.81896782
155.53703022	-59.09573364	-3.81896782
157.53703022	-59.09573364	-3.81896782
159.53703022	-59.09573364	-3.81896782
161.53703022	-59.09573364	-3.81896782
163.53703022	-59.09573364	-3.81896782
165.53703022	-59.09573364	-3.81896782
167.53703022	-59.09573364	-3.81896782
169.53703022	-59.09573364	-3.81896782
171.53703022	-59.09573364	-3.82063603
173.53703022	-59.09573364	-3.81359005
175.53703022	-59.09573364	-3.78975105
177.53703022	-59.09573364	-3.80546188
179.53703022	-59.09573364	-3.82368231
181.53703022	-59.09573364	-3.80541658
183.53703022	-59.09573364	-3.79031551
185.53703022	-59.09573364	-3.79352723
187.53703022	-59.09573364	-3.79951830
189.53703022	-59.09573364	-3.79171181
191.53703022	-59.09573364	-3.82681155
193.53703022	-59.09573364	-3.82022572
195.53703022	-59.09573364	-3.81552076
197.53703022	-59.09573364	-3.74288344
199.53703022	-59.09573364	-3.74288344
201.53703022	-59.09573364	-3.74288344
203.53703022	-59.09573364	-3.74288344
205.53703022	-59.09573364	-3.74288344
207.53703022	-59.09573364	-3.74288344
209.53703022	-59.09573364	-3.74288344
211.53703022	-59.09573364	-3.74288344
213.53703022	-59.09573364	-3.74288344
215.53703022	-59.09573364	-3.74288344
217.53703022	-59.09573364	-3.74288344
219.53703022	-59.09573364	-3.74288344
221.53703022	-59.09573364	-3.74288344
223.53703022	-59.09573364	-3.74288344
225.53703022	-59.09573364	-3.74288344
227.53703022	-59.09573364	-3.74288344
229.53703022	-59.09573364	-3.74288344
231.53703022	-59.09573364	-3.74288344
233.53703022	-59.09573364	-3.74288344
235.53703022	-59.09573364	-3.74288344
237.53703022	-59.09573364	-3.74288344
239.53703022	-59.09573364	-3.74288344
241.53703022	-59.09573364	-3.74288344
243.53703022	-59.09573364	-3.74288344
245.53703022	-59.09573364	-3.74288344
247.53703022	-59.09573364	-3.74288344
249.53703022	-59.09573364	-3.74288344
251.53703022	-59.09573364	-3.74288344
253.53703022	-59.09573364	-3.74288344
255.53703022	-59.09573364	-3.74288344
257.53703022	-59.09573364	-3.74288344
259.53703022	-59.09573364	-3.74288344
261.53703022	-59.09573364	-3.74288344
263.53703022	-59.09573364	-3.74288344
265.53703022	-59.09573364	-3.74288344
267.53703022	-59.09573364	-3.74288344
269.53703022	-59.09573364	-3.74288344
271.53703022	-59.09573364	-3.74288344
273.53703022	-59.09573364	-3.74288344
275.53703022	-59.09573364	-3.74288344
277.53703022	-59.09573364	-3.74288344
279.53703022	-59.09573364	-3.74288344
281.53703022	-59.09573364	-3.74288344
-8.46296978	-57.09573364	-3.78430605
-6.46296978	-57.09573364	-3.78430605
-4.46296978	-57.09573364	-3.78430605
-2.46296978	-57.09573364	-3.78430605
-0.46296978	-57.09573364	-3.78430605
1.53703022	-57.09573364	-3.78430605
3.53703022	-57.09573364	-3.78430605
5.53703022	-57.09573364	-3.78430605
7.53703022	-57.09573364	-3.78430605
9.53703022	-57.09573364	-3.78430605
11.53703022	-57.09573364	-3.78430605
13.53703022	-57.09573364	-3.78430605
15.53703022	-57.09573364	-3.78430605
17.53703022	-57.09573364	-3.78430605
19.53703022	-57.09573364	-3.78430605
21.53703022	-57.09573364	-3.78430605
23.53703022	-57.09573364	-3.78430605
25.53703022	-57.09573364	-3.78430605
27.53703022	-57.09573364	-3.78430605
29.53703022	-57.09573364	-3.78430605
31.53703022	-57.09573364	-3.78430605
33.53703022	-57.09573364	-3.78430605
35.53703022	-57.09573364	-3.78430605
37.53703022	-57.09573364	-3.78430605
39.53703022	-57.09573364	-3.78430605
41.53703022	-57.09573364	-3.78430605
43.53703022	-57.09573364	-3.78430605
45.53703022	-57.09573364	-3.78430605
47.53703022	-57.09573364	-3.78430605
49.53703022	-57.09573364	-3.78430605
51.53703022	-57.09573364	-3.78430605
53.53703022	-57.09573364	-3.78430605
55.53703022	-57.09573364	-3.78430605
57.53703022	-57.09573364	-3.78430605
59.53703022	-57.09573364	-3.78430605
61.53703022	-57.09573364	-3.78430605
63.53703022	-57.09573364	-3.78430605
65.53703022	-57.09573364	-3.78430605
67.53703022	-57.09573364	-3.78430605
69.53703022	-57.09573364	-3.78430605
71.53703022	-57.09573364	-3.78430605
73.53703022	-57.09573364	-3.78430605
75.53703022	-57.09573364	-3.78430605
77.53703022	-57.09573364	-3.78430605
79.53703022	-57.09573364	-3.78430605
81.53703022	-57.09573364	-3.78430605
83.53703022	-57.09573364	-3.78430605
85.53703022	-57.09573364	-3.78430605
87.53703022	-57.09573364	-3.78430605
89.53703022	-57.09573364	-3.78430605
91.53703022	-57.09573364	-3.78430605
93.53703022	-57.09573364	-3.78430605
95.53703022	-57.09573364	-3.78430605
97.53703022	-57.09573364	-3.78430605
99.53703022	-57.09573364	-3.78430605
101.53703022	-57.09573364	-3.78430605
103.53703022	-57.09573364	-3.78430605
105.53703022	-57.09573364	-3.78430605
107.53703022	-57.09573364	-3.78430605
109.53703022	-57.09573364	-3.78430605
111.53703022	-57.09573364	-3.78430605
113.53703022	-57.09573364	-3.78430605
115.53703022	-57.09573364	-3.78430605
117.53703022	-57.09573364	-3.78430605
119.53703022	-57.09573364	-3.78430605
121.53703022	-57.09573364	-3.78430605
123.53703022	-57.09573364	-3.78430605
125.53703022	-57.09573364	-3.78430605
127.53703022	-57.09573364	-3.78430605
129.53703022	-57.09573364	-3.78430605
131.53703022	-57.09573364	-3.78430605
133.53703022	-57.09573364	-3.78430605
135.53703022	-57.09573364	-3.78430605
137.53703022	-57.09573364	-3.78430605
139.53703022	-57.09573364	-3.78430605
141.53703022	-57.09573364	-3.78430605
143.53703022	-57.09573364	-3.78430605
145.53703022	-57.09573364	-3.78430605
147.53703022	-57.09573364	-3.78430605
149.53703022	-57.09573364	-3.78430605
151.53703022	-57.09573364	-3.78430605
153.53703022	-57.09573364	-3.78430605
155.53703022	-57.09573364	-3.78430605
157.53703022	-57.09573364	-3.78430605
159.53703022	-57.09573364	-3.78430605
161.53703022	-57.09573364	-3.78430605
163.53703022	-57.09573364	-3.78430605
165.53703022	-57.09573364	-3.78430605
167.53703022	-57.09573364	-3.81845498
169.53703022	-57.09573364	-3.81661725
171.53703022	-57.09573364	-3.79341459
173.53703022	-57.09573364	-3.82073569
175.53703022	-57.09573364	-3.79315495
177.53703022	-57.09573364	-3.78895945
179.53703022	-57.09573364	-3.78588637
181.53703022	-57.09573364	-3.78366800
183.53703022	-57.09573364	-3.78393519
185.53703022	-57.09573364	-3.78921618
187.53703022	-57.09573364	-3.79208801
189.53703022	-57.09573364	-3.79944593
191.53703022	-57.09573364	-3.82195210
193.53703022	-57.09573364	-3.82431936
195.53703022	-57.09573364	-3.78118610
197.53703022	-57.09573364	-3.81884813
199.53703022	-57.09573364	-3.81884813
201.53703022	-57.09573364	-3.81884813
203.53703022	-57.09573364	-3.81884813
205.53703022	-57.09573364	-3.81884813
207.53703022	-57.09573364	-3.81884813
209.53703022	-57.09573364	-3.81884813
211.53703022	-57.09573364	-3.81884813
213.53703022	-57.09573364	-3.81884813
215.53703022	-57.09573364	-3.81884813
217.53703022	-57.09573364	-3.81884813
219.53703022	-57.09573364	-3.81884813
221.53703022	-57.09573364	-3.81884813
223.53703022	-57.09573364	-3.81884813
225.53703022	-57.09573364	-3.81884813
227.53703022	-57.09573364	-3.81884813
229.53703022	-57.09573364	-3.81884813
231.53703022	-57.09573364	-3.81884813
233.53703022	-57.09573364	-3.81884813
235.53703022	-57.09573364	-3.81884813
237.53703022	-57.09573364	-3.81884813
239.53703022	-57.09573364	-3.81884813
241.53703022	-57.09573364	-3.81884813
243.53703022	-57.09573364	-3.81884813
245.53703022	-57.09573364	-3.81884813
247.53703022	-57.09573364	-3.81884813
249.53703022	-57.09573364	-3.81884813
251.53703022	-57.09573364	-3.81884813
253.53703022	-57.09573364	-3.81884813
255.53703022	-57.09573364	-3.81884813
257.53703022	-57.09573364	-3.81884813
259.53703022	-57.09573364	-3.81884813
261.53703022	-57.09573364	-3.81884813
263.53703022	-57.09573364	-3.81884813
265.53703022	-57.09573364	-3.81884813
267.53703022	-57.09573364	-3.81884813
269.53703022	-57.09573364	-3.81884813
271.53703022	-57.09573364	-3.81884813
273.53703022	-57.09573364	-3.81884813
275.53703022	-57.09573364	-3.81884813
277.53703022	-57.09573364	-3.81884813
279.53703022	-57.09573364	-3.81884813
281.53703022	-57.09573364	-3.81884813
-8.46296978	-55.09573364	-3.78359103
-6.46296978	-55.09573364	-3.78359103
-4.46296978	-55.09573364	-3.78359103
-2.46296978	-55.09573364	-3.78359103
-0.46296978	-55.09573364	-3.78359103
1.53703022	-55.09573364	-3.78359103
3.53703022	-55.09573364	-3.78359103
5.53703022	-55.09573364	-3.78359103
7.53703022	-55.09573364	-3.78359103
9.53703022	-55.09573364	-3.78359103
11.53703022	-55.09573364	-3.78359103
13.53703022	-55.09573364	-3.78359103
15.53703022	-55.09573364	-3.78359103
17.53703022	-55.09573364	-3.78359103
19.53703022	-55.09573364	-3.78359103
21.53703022	-55.09573364	-3.78359103
23.53703022	-55.09573364	-3.78359103
25.53703022	-55.09573364	-3.78359103
27.53703022	-55.09573364	-3.78359103
29.53703022	-55.09573364	-3.78359103
31.53703022	-55.09573364	-3.78359103
33.53703022	-55.09573364	-3.78359103
35.53703022	-55.09573364	-3.78359103
37.53703022	-55.09573364	-3.78359103
39.53703022	-55.09573364	-3.78359103
41.53703022	-55.09573364	-3.78359103
43.53703022	-55.09573364	-3.78359103
45.53703022	-55.09573364	-3.78359103
47.53703022	-55.09573364	-3.78359103
49.53703022	-55.09573364	-3.78359103
51.53703022	-55.09573364	-3.78359103
53.53703022	-55.09573364	-3.78359103
55.53703022	-55.09573364	-3.78359103
57.53703022	-55.09573364	-3.78359103
59.53703022	-55.09573364	-3.78359103
61.53703022	-55.09573364	-3.78359103
63.53703022	-55.09573364	-3.78359103
65.53703022	-55.09573364	-3.78359103
67.53703022	-55.09573364	-3.78359103
69.53703022	-55.09573364	-3.78359103
71.53703022	-55.09573364	-3.78359103
73.53703022	-55.09573364	-3.78359103
75.53703022	-55.09573364	-3.78359103
77.53703022	-55.09573364	-3.78359103
79.53703022	-55.09573364	-3.78359103
81.53703022	-55.09573364	-3.78359103
83.53703022	-55.09573364	-3.78359103
85.53703022	-55.09573364	-3.78359103
87.53703022	-55.09573364	-3.78359103
89.53703022	-55.09573364	-3.78359103
91.53703022	-55.09573364	-3.78359103
93.53703022	-55.09573364	-3.78359103
95.53703022	-55.09573364	-3.78359103
97.53703022	-55.09573364	-3.78359103
99.53703022	-55.09573364	-3.78359103
101.53703022	-55.09573364	-3.78359103
103.53703022	-55.09573364	-3.78359103
105.53703022	-55.09573364	-3.78359103
107.53703022	-55.09573364	-3.78359103
109.53703022	-55.09573364	-3.78359103
111.53703022	-55.09573364	-3.78359103
113.53703022	-55.09573364	-3.78359103
115.53703022	-55.09573364	-3.78359103
117.53703022	-55.09573364	-3.78359103
119.53703022	-55.09573364	-3.78359103
121.53703022	-55.09573364	-3.78359103
123.53703022	-55.09573364	-3.78359103
125.53703022	-55.09573364	-3.78359103
127.53703022	-55.09573364	-3.78359103
129.53703022	-55.09573364	-3.78359103
131.53703022	-55.09573364	-3.78359103
133.53703022	-55.09573364	-3.78359103
135.53703022	-55.09573364	-3.78359103
137.53703022	-55.09573364	-3.78359103
139.53703022	-55.09573364	-3.78359103
141.53703022	-55.09573364	-3.78359103
143.53703022	-55.09573364	-3.78359103
145.53703022	-55.09573364	-3.78359103
147.53703022	-55.09573364	-3.78359103
149.53703022	-55.09573364	-3.78359103
151.53703022	-55.09573364	-3.78359103
153.53703022	-55.09573364	-3.78359103
155.53703022	-55.09573364	-3.78359103
157.53703022	-55.09573364	-3.78359103
159.53703022	-55.09573364	-3.78359103
161.53703022	-55.09573364	-3.78359103
163.53703022	-55.09573364	-3.77020574
165.53703022	-55.09573364	-3.80661225
167.53703022	-55.09573364	-3.80661225
169.53703022	-55.09573364	-3.82109213
171.53703022	-55.09573364	-3.80035377
173.53703022	-55.09573364	-3.81543303
175.53703022	-55.09573364	-3.78103643
177.53703022	-55.09573364	-3.78442517
179.53703022	-55.09573364	-3.78533196
181.53703022	-55.09573364	-3.78129430
183.53703022	-55.09573364	-3.77748687
185.53703022	-55.09573364	-3.78458974
187.53703022	-55.09573364	-3.79573371
189.53703022	-55.09573364	-3.81953587
191.53703022	-55.09573364	-3.80558515
193.53703022	-55.09573364	-3.82754540
195.53703022	-55.09573364	-3.80877662
197.53703022	-55.09573364	-3.83182955
199.53703022	-55.09573364	-3.83182955
201.53703022	-55.09573364	-3.83182955
203.53703022	-55.09573364	-3.83182955
205.53703022	-55.09573364	-3.83182955
207.53703022	-55.09573364	-3.83182955
209.53703022	-55.09573364	-3.83182955
211.53703022	-55.09573364	-3.83182955
213.53703022	-55.09573364	-3.83182955
215.53703022	-55.09573364	-3.83182955
217.53703022	-55.09573364	-3.83182955
219.53703022	-55.09573364	-3.83182955
221.53703022	-55.09573364	-3.83182955
223.53703022	-55.09573364	-3.83182955
225.53703022	-55.09573364	-3.83182955
227.53703022	-55.09573364	-3.83182955
229.53703022	-55.09573364	-3.83182955
231.53703022	-55.09573364	-3.83182955
233.53703022	-55.09573364	-3.83182955
235.53703022	-55.09573364	-3.83182955
237.53703022	-55.09573364	-3.83182955
239.53703022	-55.09573364	-3.83182955
241.53703022	-55.09573364	-3.83182955
243.53703022	-55.09573364	-3.83182955
245.53703022	-55.09573364	-3.83182955
247.53703022	-55.09573364	-3.83182955
249.53703022	-55.09573364	-3.83182955
251.53703022	-55.09573364	-3.83182955
253.53703022	-55.09573364	-3.83182955
255.53703022	-55.09573364	-3.83182955
257.53703022	-55.09573364	-3.83182955
259.53703022	-55.09573364	-3.83182955
261.53703022	-55.09573364	-3.83182955
263.53703022	-55.09573364	-3.83182955
265.53703022	-55.09573364	-3.83182955
267.53703022	-55.09573364	-3.83182955
269.53703022	-55.09573364	-3.83182955
271.53703022	-55.09573364	-3.83182955
273.53703022	-55.09573364	-3.83182955
275.53703022	-55.09573364	-3.83182955
277.53703022	-55.09573364	-3.83182955
279.53703022	-55.09573364	-3.83182955
281.53703022	-55.09573364	-3.83182955
-8.46296978	-53.09573364	-3.78740525
-6.46296978	-53.09573364	-3.78740525
-4.46296978	-53.09573364	-3.78740525
-2.46296978	-53.09573364	-3.78740525
-0.46296978	-53.09573364	-3.78740525
1.53703022	-53.09573364	-3.78740525
3.53703022	-53.09573364	-3.78740525
5.53703022	-53.09573364	-3.78740525
7.53703022	-53.09573364	-3.78740525
9.53703022	-53.09573364	-3.78740525
11.53703022	-53.09573364	-3.78740525
13.53703022	-53.09573364	-3.78740525
15.53703022	-53.09573364	-3.78740525
17.53703022	-53.09573364	-3.78740525
19.53703022	-53.09573364	-3.78740525
21.53703022	-53.09573364	-3.78740525
23.53703022	-53.09573364	-3.78740525
25.53703022	-53.09573364	-3.78740525
27.53703022	-53.09573364	-3.78740525
29.53703022	-53.09573364	-3.78740525
31.53703022	-53.09573364	-3.78740525
33.53703022	-53.09573364	-3.78740525
35.53703022	-53.09573364	-3.78740525
37.53703022	-53.09573364	-3.78740525
39.53703022	-53.09573364	-3.78740525
41.53703022	-53.09573364	-3.78740525
43.53703022	-53.09573364	-3.78740525
45.53703022	-53.09573364	-3.78740525
47.53703022	-53.09573364	-3.78740525
49.53703022	-53.09573364	-3.78740525
51.53703022	-53.09573364	-3.78740525
53.53703022	-53.09573364	-3.78740525
55.53703022	-53.09573364	-3.78740525
57.53703022	-53.09573364	-3.78740525
59.53703022	-53.09573364	-3.78740525
61.53703022	-53.09573364	-3.78740525
63.53703022	-53.09573364	-3.78740525
65.53703022	-53.09573364	-3.78740525
67.53703022	-53.09573364	-3.78740525
69.53703022	-53.09573364	-3.78740525
71.53703022	-53.09573364	-3.78740525
73.53703022	-53.09573364	-3.78740525
75.53703022	-53.09573364	-3.78740525
77.53703022	-53.09573364	-3.78740525
79.53703022	-53.09573364	-3.78740525
81.53703022	-53.09573364	-3.78740525
83.53703022	-53.09573364	-3.78740525
85.53703022	-53.09573364	-3.78740525
87.53703022	-53.09573364	-3.78740525
89.53703022	-53.09573364	-3.78740525
91.53703022	-53.09573364	-3.78740525
93.53703022	-53.09573364	-3.78740525
95.53703022	-53.09573364	-3.78740525
97.53703022	-53.09573364	-3.78740525
99.53703022	-53.09573364	-3.78740525
101.53703022	-53.09573364	-3.78740525
103.53703022	-53.09573364	-3.78740525
105.53703022	-53.09573364	-3.78740525
107.53703022	-53.09573364	-3.78740525
109.53703022	-53.09573364	-3.78740525
111.53703022	-53.09573364	-3.78740525
113.53703022	-53.09573364	-3.78740525
115.53703022	-53.09573364	-3.78740525
117.53703022	-53.09573364	-3.78740525
119.53703022	-53.09573364	-3.78740525
121.53703022	-53.09573364	-3.78740525
123.53703022	-53.09573364	-3.78740525
125.53703022	-53.09573364	-3.78740525
127.53703022	-53.09573364	-3.78740525
129.53703022	-53.09573364	-3.78740525
131.53703022	-53.09573364	-3.78740525
133.53703022	-53.09573364	-3.78740525
135.53703022	-53.09573364	-3.78740525
137.53703022	-53.09573364	-3.78740525
139.53703022	-53.09573364	-3.78740525
141.53703022	-53.09573364	-3.78740525
143.53703022	-53.09573364	-3.78740525
145.53703022	-53.09573364	-3.78740525
147.53703022	-53.09573364	-3.78740525
149.53703022	-53.09573364	-3.78740525
151.53703022	-53.09573364	-3.78740525
153.53703022	-53.09573364	-3.78740525
155.53703022	-53.09573364	-3.78740525
157.53703022	-53.09573364	-3.78740525
159.53703022	-53.09573364	-3.78740525
161.53703022	-53.09573364	-3.78740525
163.53703022	-53.09573364	-3.78948879
165.53703022	-53.09573364	-3.77506208
167.53703022	-53.09573364	-3.80245328
169.53703022	-53.09573364	-3.80163267
171.53703022	-53.09573364	-3.80194712
173.53703022	-53.09573364	-3.80572499
175.53703022	-53.09573364	-3.79071022
177.53703022	-53.09573364	-3.78097102
179.53703022	-53.09573364	-3.77742698
181.53703022	-53.09573364	-3.77732009
183.53703022	-53.09573364	-3.77818854
185.53703022	-53.09573364	-3.77860861
187.53703022	-53.09573364	-3.78319753
189.53703022	-53.09573364	-3.80070792
191.53703022	-53.09573364	-3.81489728
193.53703022	-53.09573364	-3.81983900
195.53703022	-53.09573364	-3.82592535
197.53703022	-53.09573364	-3.82491875
199.53703022	-53.09573364	-3.61090541
201.53703022	-53.09573364	-3.61090541
203.53703022	-53.09573364	-3.61090541
205.53703022	-53.09573364	-3.61090541
207.53703022	-53.09573364	-3.61090541
209.53703022	-53.09573364	-3.61090541
211.53703022	-53.09573364	-3.61090541
213.53703022	-53.09573364	-3.61090541
215.53703022	-53.09573364	-3.61090541
217.53703022	-53.09573364	-3.61090541
219.53703022	-53.09573364	-3.61090541
221.53703022	-53.09573364	-3.61090541
223.53703022	-53.09573364	-3.61090541
225.53703022	-53.09573364	-3.61090541
227.53703022	-53.09573364	-3.61090541
229.53703022	-53.09573364	-3.61090541
231.53703022	-53.09573364	-3.61090541
233.53703022	-53.09573364	-3.61090541
235.53703022	-53.09573364	-3.61090541
237.53703022	-53.09573364	-3.61090541
239.53703022	-53.09573364	-3.61090541
241.53703022	-53.09573364	-3.61090541
243.53703022	-53.09573364	-3.61090541
245.53703022	-53.09573364	-3.61090541
247.53703022	-53.09573364	-3.61090541
249.53703022	-53.09573364	-3.61090541
251.53703022	-53.09573364	-3.61090541
253.53703022	-53.09573364	-3.61090541
255.53703022	-53.09573364	-3.61090541
257.53703022	-53.09573364	-3.61090541
259.53703022	-53.09573364	-3.61090541
261.53703022	-53.09573364	-3.61090541
263.53703022	-53.09573364	-3.61090541
265.53703022	-53.09573364	-3.61090541
267.53703022	-53.09573364	-3.61090541
269.53703022	-53.09573364	-3.61090541
271.53703022	-53.09573364	-3.61090541
273.53703022	-53.09573364	-3.61090541
275.53703022	-53.09573364	-3.61090541
277.53703022	-53.09573364	-3.61090541
279.53703022	-53.09573364	-3.61090541
281.53703022	-53.09573364	-3.61090541
-8.46296978	-51.09573364	-3.73300529
-6.46296978	-51.09573364	-3.73300529
-4.46296978	-51.09573364	-3.73300529
-2.46296978	-51.09573364	-3.73300529
-0.46296978	-51.09573364	-3.73300529
1.53703022	-51.09573364	-3.73300529
3.53703022	-51.09573364	-3.73300529
5.53703022	-51.09573364	-3.73300529
7.53703022	-51.09573364	-3.73300529
9.53703022	-51.09573364	-3.73300529
11.53703022	-51.09573364	-3.73300529
13.53703022	-51.09573364	-3.73300529
15.53703022	-51.09573364	-3.73300529
17.53703022	-51.09573364	-3.73300529
19.53703022	-51.09573364	-3.73300529
21.53703022	-51.09573364	-3.73300529
23.53703022	-51.09573364	-3.73300529
25.53703022	-51.09573364	-3.73300529
27.53703022	-51.09573364	-3.73300529
29.53703022	-51.09573364	-3.73300529
31.53703022	-51.09573364	-3.73300529
33.53703022	-51.09573364	-3.73300529
35.53703022	-51.09573364	-3.73300529
37.53703022	-51.09573364	-3.73300529
39.53703022	-51.09573364	-3.73300529
41.53703022	-51.09573364	-3.73300529
43.53703022	-51.09573364	-3.73300529
45.53703022	-51.09573364	-3.73300529
47.53703022	-51.09573364	-3.73300529
49.53703022	-51.09573364	-3.73300529
51.53703022	-51.09573364	-3.73300529
53.53703022	-51.09573364	-3.73300529
55.53703022	-51.09573364	-3.73300529
57.53703022	-51.09573364	-3.73300529
59.53703022	-51.09573364	-3.73300529
61.53703022	-51.09573364	-3.73300529
63.53703022	-51.09573364	-3.73300529
65.53703022	-51.09573364	-3.73300529
67.53703022	-51.09573364	-3.73300529
69.53703022	-51.09573364	-3.73300529
71.53703022	-51.09573364	-3.73300529
73.53703022	-51.09573364	-3.73300529
75.53703022	-51.09573364	-3.73300529
77.53703022	-51.09573364	-3.73300529
79.53703022	-51.09573364	-3.73300529
81.53703022	-51.09573364	-3.73300529
83.53703022	-51.09573364	-3.73300529
85.53703022	-51.09573364	-3.73300529
87.53703022	-51.09573364	-3.73300529
89.53703022	-51.09573364	-3.73300529
91.53703022	-51.09573364	-3.73300529
93.53703022	-51.09573364	-3.73300529
95.53703022	-51.09573364	-3.73300529
97.53703022	-51.09573364	-3.73300529
99.53703022	-51.09573364	-3.73300529
101.53703022	-51.09573364	-3.73300529
103.53703022	-51.09573364	-3.73300529
105.53703022	-51.09573364	-3.73300529
107.53703022	-51.09573364	-3.73300529
109.53703022	-51.09573364	-3.73300529
111.53703022	-51.09573364	-3.73300529
113.53703022	-51.09573364	-3.73300529
115.53703022	-51.09573364	-3.73300529
117.53703022	-51.09573364	-3.73300529
119.53703022	-51.09573364	-3.73300529
121.53703022	-51.09573364	-3.73300529
123.53703022	-51.09573364	-3.73300529
125.53703022	-51.09573364	-3.73300529
127.53703022	-51.09573364	-3.73300529
129.53703022	-51.09573364	-3.73300529
131.53703022	-51.09573364	-3.73300529
133.53703022	-51.09573364	-3.73300529
135.53703022	-51.09573364	-3.73300529
137.53703022	-51.09573364	-3.73300529
139.53703022	-51.09573364	-3.73300529
141.53703022	-51.09573364	-3.73300529
143.53703022	-51.09573364	-3.73300529
145.53703022	-51.09573364	-3.73300529
147.53703022	-51.09573364	-3.73300529
149.53703022	-51.09573364	-3.73300529
151.53703022	-51.09573364	-3.73300529
153.53703022	-51.09573364	-3.73300529
155.53703022	-51.09573364	-3.73300529
157.53703022	-51.09573364	-3.73300529
159.53703022	-51.09573364	-3.73300529
161.53703022	-51.09573364	-3.73300529
163.53703022	-51.09573364	-3.79347491
165.53703022	-51.09573364	-3.77005529
167.53703022	-51.09573364	-3.62973452
169.53703022	-51.09573364	-3.80793019
171.53703022	-51.09573364	-3.79255322
173.53703022	-51.09573364	-3.80240565
175.53703022	-51.09573364	-3.78051779
177.53703022	-51.09573364	-3.78646665
179.53703022	-51.09573364	-3.77983839
181.53703022	-51.09573364	-3.77882256
183.53703022	-51.09573364	-3.77996015
185.53703022	-51.09573364	-3.78360067
187.53703022	-51.09573364	-3.78924413
189.53703022	-51.09573364	-3.80623343
191.53703022	-51.09573364	-3.80063095
193.53703022	-51.09573364	-3.84019804
195.53703022	-51.09573364	-3.81518674
197.53703022	-51.09573364	-3.83901834
199.53703022	-51.09573364	-3.81400728
201.53703022	-51.09573364	-3.81661616
203.53703022	-51.09573364	-3.81177847
205.53703022	-51.09573364	-3.81114057
207.53703022	-51.09573364	-3.80885784
209.53703022	-51.09573364	-3.80885683
211.53703022	-51.09573364	-3.80885680
213.53703022	-51.09573364	-3.80885679
215.53703022	-51.09573364	-3.80885679
217.53703022	-51.09573364	-3.80885679
219.53703022	-51.09573364	-3.80885679
221.53703022	-51.09573364	-3.80885679
223.53703022	-51.09573364	-3.80885679
225.53703022	-51.09573364	-3.80885679
227.53703022	-51.09573364	-3.80885679
229.53703022	-51.09573364	-3.80885679
231.53703022	-51.09573364	-3.80885679
233.53703022	-51.09573364	-3.80885679
235.53703022	-51.09573364	-3.80885679
237.53703022	-51.09573364	-3.80885679
239.53703022	-51.09573364	-3.80885679
241.53703022	-51.09573364	-3.80885679
243.53703022	-51.09573364	-3.80885679
245.53703022	-51.09573364	-3.80885679
247.53703022	-51.09573364	-3.80885679
249.53703022	-51.09573364	-3.80885679
251.53703022	-51.09573364	-3.80885679
253.53703022	-51.09573364	-3.80885679
255.53703022	-51.09573364	-3.80885679
257.53703022	-51.09573364	-3.80885679
259.53703022	-51.09573364	-3.80885679
261.53703022	-51.09573364	-3.80885679
263.53703022	-51.09573364	-3.80885679
265.53703022	-51.09573364	-3.80885679
267.53703022	-51.09573364	-3.80885679
269.53703022	-51.09573364	-3.80885679
271.53703022	-51.09573364	-3.80885679
273.53703022	-51.09573364	-3.80885673
275.53703022	-51.09573364	-3.80885694
277.53703022	-51.09573364	-3.80884859
279.53703022	-51.09573364	-3.78888906
281.53703022	-51.09573364	-3.78839987
-8.46296978	-49.09573364	-3.79376199
-6.46296978	-49.09573364	-3.79413639
-4.46296978	-49.09573364	-3.79043117
-2.46296978	-49.09573364	-3.79043101
-0.46296978	-49.09573364	-3.79043102
1.53703022	-49.09573364	-3.79043102
3.53703022	-49.09573364	-3.79043102
5.53703022	-49.09573364	-3.79043102
7.53703022	-49.09573364	-3.79043102
9.53703022	-49.09573364	-3.79043106
11.53703022	-49.09573364	-3.79043118
13.53703022	-49.09573364	-3.79043134
15.53703022	-49.09573364	-3.79358107
17.53703022	-49.09573364	-3.79358123
19.53703022	-49.09573364	-3.80000942
21.53703022	-49.09573364	-3.80000957
23.53703022	-49.09573364	-3.81312835
25.53703022	-49.09573364	-3.81312835
27.53703022	-49.09573364	-3.81312835
29.53703022	-49.09573364	-3.81312835
31.53703022	-49.09573364	-3.81312835
33.53703022	-49.09573364	-3.81312835
35.53703022	-49.09573364	-3.81312835
37.53703022	-49.09573364	-3.81312835
39.53703022	-49.09573364	-3.81312835
41.53703022	-49.09573364	-3.81312835
43.53703022	-49.09573364	-3.81312835
45.53703022	-49.09573364	-3.81312835
47.53703022	-49.09573364	-3.81312835
49.53703022	-49.09573364	-3.81312834
51.53703022	-49.09573364	-3.81312930
53.53703022	-49.09573364	-3.81313408
55.53703022	-49.09573364	-3.81314715
57.53703022	-49.09573364	-3.81316554
59.53703022	-49.09573364	-3.81317943
61.53703022	-49.09573364	-3.81317975
63.53703022	-49.09573364	-3.81317985
65.53703022	-49.09573364	-3.81317989
67.53703022	-49.09573364	-3.81317989
69.53703022	-49.09573364	-3.81317989
71.53703022	-49.09573364	-3.81317989
73.53703022	-49.09573364	-3.81317989
75.53703022	-49.09573364	-3.81317989
77.53703022	-49.09573364	-3.81317989
79.53703022	-49.09573364	-3.81317989
81.53703022	-49.09573364	-3.81317989
83.53703022	-49.09573364	-3.81317989
85.53703022	-49.09573364	-3.81317989
87.53703022	-49.09573364	-3.81317989
89.53703022	-49.09573364	-3.81317987
91.53703022	-49.09573364	-3.81317987
93.53703022	-49.09573364	-3.81317986
95.53703022	-49.09573364	-3.81317983
97.53703022	-49.09573364	-3.81317962
99.53703022	-49.09573364	-3.81317966
101.53703022	-49.09573364	-3.81317961
103.53703022	-49.09573364	-3.81317967
105.53703022	-49.09573364	-3.81317982
107.53703022	-49.09573364	-3.81318003
109.53703022	-49.09573364	-3.81318018
111.53703022	-49.09573364	-3.81318017
113.53703022	-49.09573364	-3.81318017
115.53703022	-49.09573364	-3.81318017
117.53703022	-49.09573364	-3.81318016
119.53703022	-49.09573364	-3.81318016
121.53703022	-49.09573364	-3.81318016
123.53703022	-49.09573364	-3.81318016
125.53703022	-49.09573364	-3.81318016
127.53703022	-49.09573364	-3.81318016
129.53703022	-49.09573364	-3.81318016
131.53703022	-49.09573364	-3.81318024
133.53703022	-49.09573364	-3.81318092
135.53703022	-49.09573364	-3.81318264
137.53703022	-49.09573364	-3.81318456
139.53703022	-49.09573364	-3.81584678
141.53703022	-49.09573364	-3.82339717
143.53703022	-49.09573364	-3.81750865
145.53703022	-49.09573364	-3.82613770
147.53703022	-49.09573364	-3.80682705
149.53703022	-49.09573364	-3.81416653
151.53703022	-49.09573364	-3.80343324
153.53703022	-49.09573364	-3.81325731
155.53703022	-49.09573364	-3.79444583
157.53703022	-49.09573364	-3.80654415
159.53703022	-49.09573364	-3.79284797
161.53703022	-49.09573364	-3.79261966
163.53703022	-49.09573364	-3.77558635
165.53703022	-49.09573364	-3.76648952
167.53703022	-49.09573364	-3.75783173
169.53703022	-49.09573364	-3.75234260
171.53703022	-49.09573364	-3.74914855
173.53703022	-49.09573364	-3.74610880
175.53703022	-49.09573364	-3.74839498
177.53703022	-49.09573364	-3.74605225
179.53703022	-49.09573364	-3.74742976
181.53703022	-49.09573364	-3.74735414
183.53703022	-49.09573364	-3.75206122
185.53703022	-49.09573364	-3.75425365
187.53703022	-49.09573364	-3.76387995
189.53703022	-49.09573364	-3.72576482
191.53703022	-49.09573364	-3.72958998
193.53703022	-49.09573364	-3.80773878
195.53703022	-49.09573364	-3.81507277
197.53703022	-49.09573364	-3.81829906
199.53703022	-49.09573364	-3.83544612
201.53703022	-49.09573364	-3.77005887
203.53703022	-49.09573364	-3.77005887
205.53703022	-49.09573364	-3.77005887
207.53703022	-49.09573364	-3.77005887
209.53703022	-49.09573364	-3.77005887
211.53703022	-49.09573364	-3.77005887
213.53703022	-49.09573364	-3.77005887
215.53703022	-49.09573364	-3.77005887
217.53703022	-49.09573364	-3.77005887
219.53703022	-49.09573364	-3.77005887
221.53703022	-49.09573364	-3.77005887
223.53703022	-49.09573364	-3.77005887
225.53703022	-49.09573364	-3.77005887
227.53703022	-49.09573364	-3.77005887
229.53703022	-49.09573364	-3.77005887
231.53703022	-49.09573364	-3.77005887
233.53703022	-49.09573364	-3.77005887
235.53703022	-49.09573364	-3.77005887
237.53703022	-49.09573364	-3.77005887
239.53703022	-49.09573364	-3.77005887
241.53703022	-49.09573364	-3.77005887
243.53703022	-49.09573364	-3.77005887
245.53703022	-49.09573364	-3.77005887
247.53703022	-49.09573364	-3.77005887
249.53703022	-49.09573364	-3.77005887
251.53703022	-49.09573364	-3.77005887
253.53703022	-49.09573364	-3.77005887
255.53703022	-49.09573364	-3.77005887
257.53703022	-49.09573364	-3.77005887
259.53703022	-49.09573364	-3.77005887
261.53703022	-49.09573364	-3.77005887
263.53703022	-49.09573364	-3.77005887
265.53703022	-49.09573364	-3.77005887
267.53703022	-49.09573364	-3.77005887
269.53703022	-49.09573364	-3.77005887
271.53703022	-49.09573364	-3.77005887
273.53703022	-49.09573364	-3.77005887
275.53703022	-49.09573364	-3.77005887
277.53703022	-49.09573364	-3.77005887
279.53703022	-49.09573364	-3.77005887
281.53703022	-49.09573364	-3.77005887
-8.46296978	-47.09573364	-3.83547640
-6.46296978	-47.09573364	-3.83547640
-4.46296978	-47.09573364	-3.83547640
-2.46296978	-47.09573364	-3.83547640
-0.46296978	-47.09573364	-3.83547640
1.53703022	-47.09573364	-3.83547640
3.53703022	-47.09573364	-3.83547640
5.53703022	-47.09573364	-3.83547640
7.53703022	-47.09573364	-3.83547640
9.53703022	-47.09573364	-3.83547640
11.53703022	-47.09573364	-3.83547640
13.53703022	-47.09573364	-3.83547640
15.53703022	-47.09573364	-3.83547640
17.53703022	-47.09573364	-3.83547640
19.53703022	-47.09573364	-3.83547640
21.53703022	-47.09573364	-3.83547640
23.53703022	-47.09573364	-3.83547640
25.53703022	-47.09573364	-3.83547640
27.53703022	-47.09573364	-3.83547640
29.53703022	-47.09573364	-3.83547640
31.53703022	-47.09573364	-3.83547640
33.53703022	-47.09573364	-3.83547640
35.53703022	-47.09573364	-3.83547640
37.53703022	-47.09573364	-3.83547640
39.53703022	-47.09573364	-3.83547640
41.53703022	-47.09573364	-3.83547640
43.53703022	-47.09573364	-3.83547640
45.53703022	-47.09573364	-3.83547640
47.53703022	-47.09573364	-3.83547640
49.53703022	-47.09573364	-3.83547640
51.53703022	-47.09573364	-3.83547640
53.53703022	-47.09573364	-3.83547640
55.53703022	-47.09573364	-3.83547640
57.53703022	-47.09573364	-3.83547640
59.53703022	-47.09573364	-3.83547640
61.53703022	-47.09573364	-3.83547640
63.53703022	-47.09573364	-3.83547640
65.53703022	-47.09573364	-3.83547640
67.53703022	-47.09573364	-3.83547640
69.53703022	-47.09573364	-3.83547640
71.53703022	-47.09573364	-3.83547640
73.53703022	-47.09573364	-3.83547640
75.53703022	-47.09573364	-3.83547640
77.53703022	-47.09573364	-3.83547640
79.53703022	-47.09573364	-3.83547640
81.53703022	-47.09573364	-3.83547640
83.53703022	-47.09573364	-3.83547640
85.53703022	-47.09573364	-3.83547640
87.53703022	-47.09573364	-3.83547640
89.53703022	-47.09573364	-3.83547640
91.53703022	-47.09573364	-3.83547640
93.53703022	-47.09573364	-3.83547640
95.53703022	-47.09573364	-3.83547640
97.53703022	-47.09573364	-3.83547640
99.53703022	-47.09573364	-3.83547640
101.53703022	-47.09573364	-3.83547640
103.53703022	-47.09573364	-3.83547640
105.53703022	-47.09573364	-3.83547640
107.53703022	-47.09573364	-3.83547640
109.53703022	-47.09573364	-3.83547640
111.53703022	-47.09573364	-3.83547640
113.53703022	-47.09573364	-3.83547640
115.53703022	-47.09573364	-3.83547640
117.53703022	-47.09573364	-3.83547640
119.53703022	-47.09573364	-3.83547640
121.53703022	-47.09573364	-3.83547640
123.53703022	-47.09573364	-3.83547640
125.53703022	-47.09573364	-3.83547640
127.53703022	-47.09573364	-3.83547640
129.53703022	-47.09573364	-3.83547640
131.53703022	-47.09573364	-3.83547640
133.53703022	-47.09573364	-3.83547640
135.53703022	-47.09573364	-3.83547640
137.53703022	-47.09573364	-3.83547640
139.53703022	-47.09573364	-3.83547640
141.53703022	-47.09573364	-3.83547640
143.53703022	-47.09573364	-3.83547640
145.53703022	-47.09573364	-3.83547640
147.53703022	-47.09573364	-3.77376723
149.53703022	-47.09573364	-3.80598855
151.53703022	-47.09573364	-3.80389333
153.53703022	-47.09573364	-3.78762817
155.53703022	-47.09573364	-3.81378025
157.53703022	-47.09573364	-3.81527678
159.53703022	-47.09573364	-3.92378998
161.53703022	-47.09573364	-3.80281124
163.53703022	-47.09573364	-3.78122107
165.53703022	-47.09573364	-3.76360791
167.53703022	-47.09573364	-3.74952630
169.53703022	-47.09573364	-3.74806629
171.53703022	-47.09573364	-3.74454356
173.53703022	-47.09573364	-3.74288868
175.53703022	-47.09573364	-3.74143414
177.53703022	-47.09573364	-3.74092229
179.53703022	-47.09573364	-3.74101390
181.53703022	-47.09573364	-3.74464811
183.53703022	-47.09573364	-3.75010359
185.53703022	-47.09573364	-3.75530960
187.53703022	-47.09573364	-3.71267142
189.53703022	-47.09573364	-3.72586564
191.53703022	-47.09573364	-3.68491149
193.53703022	-47.09573364	-3.72135806
195.53703022	-47.09573364	-3.81980487
197.53703022	-47.09573364	-3.82560515
199.53703022	-47.09573364	-3.82226777
201.53703022	-47.09573364	-3.77809644
203.53703022	-47.09573364	-3.61979461
205.53703022	-47.09573364	-3.61979461
207.53703022	-47.09573364	-3.61979461
209.53703022	-47.09573364	-3.61979461
211.53703022	-47.09573364	-3.61979461
213.53703022	-47.09573364	-3.61979461
215.53703022	-47.09573364	-3.61979461
217.53703022	-47.09573364	-3.61979461
219.53703022	-47.09573364	-3.61979461
221.53703022	-47.09573364	-3.61979461
223.53703022	-47.09573364	-3.61979461
225.53703022	-47.09573364	-3.61979461
227.53703022	-47.09573364	-3.61979461
229.53703022	-47.09573364	-3.61979461
231.53703022	-47.09573364	-3.61979461
233.53703022	-47.09573364	-3.61979461
235.53703022	-47.09573364	-3.61979461
237.53703022	-47.09573364	-3.61979461
239.53703022	-47.09573364	-3.61979461
241.53703022	-47.09573364	-3.61979461
243.53703022	-47.09573364	-3.61979461
245.53703022	-47.09573364	-3.61979461
247.53703022	-47.09573364	-3.61979461
249.53703022	-47.09573364	-3.61979461
251.53703022	-47.09573364	-3.61979461
253.53703022	-47.09573364	-3.61979461
255.53703022	-47.09573364	-3.61979461
257.53703022	-47.09573364	-3.61979461
259.53703022	-47.09573364	-3.61979461
261.53703022	-47.09573364	-3.61979461
263.53703022	-47.09573364	-3.61979461
265.53703022	-47.09573364	-3.61979461
267.53703022	-47.09573364	-3.61979461
269.53703022	-47.09573364	-3.61979461
271.53703022	-47.09573364	-3.61979461
273.53703022	-47.09573364	-3.61979461
275.53703022	-47.09573364	-3.61979461
277.53703022	-47.09573364	-3.61979461
279.53703022	-47.09573364	-3.61979461
281.53703022	-47.09573364	-3.61979461
-8.46296978	-45.09573364	-3.81090403
-6.46296978	-45.09573364	-3.81090403
-4.46296978	-45.09573364	-3.81090403
-2.46296978	-45.09573364	-3.81090403
-0.46296978	-45.09573364	-3.81090403
1.53703022	-45.09573364	-3.81090403
3.53703022	-45.09573364	-3.81090403
5.53703022	-45.09573364	-3.81090403
7.53703022	-45.09573364	-3.81090403
9.53703022	-45.09573364	-3.81090403
11.53703022	-45.09573364	-3.81090403
13.53703022	-45.09573364	-3.81090403
15.53703022	-45.09573364	-3.81090403
17.53703022	-45.09573364	-3.81090403
19.53703022	-45.09573364	-3.81090403
21.53703022	-45.09573364	-3.81090403
23.53703022	-45.09573364	-3.81090403
25.53703022	-45.09573364	-3.81090403
27.53703022	-45.09573364	-3.81090403
29.53703022	-45.09573364	-3.81090403
31.53703022	-45.09573364	-3.81090403
33.53703022	-45.09573364	-3.81090403
35.53703022	-45.09573364	-3.81090403
37.53703022	-45.09573364	-3.81090403
39.53703022	-45.09573364	-3.81090403
41.53703022	-45.09573364	-3.81090403
43.53703022	-45.09573364	-3.81090403
45.53703022	-45.09573364	-3.81090403
47.53703022	-45.09573364	-3.81090403
49.53703022	-45.09573364	-3.81090403
51.53703022	-45.09573364	-3.81090403
53.53703022	-45.09573364	-3.81090403
55.53703022	-45.09573364	-3.81090403
57.53703022	-45.09573364	-3.81090403
59.53703022	-45.09573364	-3.81090403
61.53703022	-45.09573364	-3.81090403
63.53703022	-45.09573364	-3.81090403
65.53703022	-45.09573364	-3.81090403
67.53703022	-45.09573364	-3.81090403
69.53703022	-45.09573364	-3.81090403
71.53703022	-45.09573364	-3.81090403
73.53703022	-45.09573364	-3.81090403
75.53703022	-45.09573364	-3.81090403
77.53703022	-45.09573364	-3.81090403
79.53703022	-45.09573364	-3.81090403
81.53703022	-45.09573364	-3.81090403
83.53703022	-45.09573364	-3.81090403
85.53703022	-45.09573364	-3.81090403
87.53703022	-45.09573364	-3.81090403
89.53703022	-45.09573364	-3.81090403
91.53703022	-45.09573364	-3.81090403
93.53703022	-45.09573364	-3.81090403
95.53703022	-45.09573364	-3.81090403
97.53703022	-45.09573364	-3.81090403
99.53703022	-45.09573364	-3.81090403
101.53703022	-45.09573364	-3.81090403
103.53703022	-45.09573364	-3.81090403
105.53703022	-45.09573364	-3.81090403
107.53703022	-45.09573364	-3.81090403
109.53703022	-45.09573364	-3.81090403
111.53703022	-45.09573364	-3.81090403
113.53703022	-45.09573364	-3.81090403
115.53703022	-45.09573364	-3.81090403
117.53703022	-45.09573364	-3.81090403
119.53703022	-45.09573364	-3.81090403
121.53703022	-45.09573364	-3.81090403
123.53703022	-45.09573364	-3.81090403
125.53703022	-45.09573364	-3.81090403
127.53703022	-45.09573364	-3.81090403
129.53703022	-45.09573364	-3.81090403
131.53703022	-45.09573364	-3.81090403
133.53703022	-45.09573364	-3.81090403
135.53703022	-45.09573364	-3.81090403
137.53703022	-45.09573364	-3.81090403
139.53703022	-45.09573364	-3.81090403
141.53703022	-45.09573364	-3.81090403
143.53703022	-45.09573364	-3.81609869
145.53703022	-45.09573364	-3.83101034
147.53703022	-45.09573364	-3.81696773
149.53703022	-45.09573364	-3.83370256
151.53703022	-45.09573364	-3.79708853
153.53703022	-45.09573364	-3.80256093
155.53703022	-45.09573364	-3.79617482
157.53703022	-45.09573364	-3.79974296
159.53703022	-45.09573364	-3.80211808
161.53703022	-45.09573364	-3.78140026
163.53703022	-45.09573364	-3.76770092
165.53703022	-45.09573364	-3.75848819
167.53703022	-45.09573364	-3.75118600
169.53703022	-45.09573364	-3.74768090
171.53703022	-45.09573364	-3.74443823
173.53703022	-45.09573364	-3.74263864
175.53703022	-45.09573364	-3.73906701
177.53703022	-45.09573364	-3.73626911
179.53703022	-45.09573364	-3.74041263
181.53703022	-45.09573364	-3.73886872
183.53703022	-45.09573364	-3.73173044
185.53703022	-45.09573364	-3.73168222
187.53703022	-45.09573364	-3.73562046
189.53703022	-45.09573364	-3.70038741
191.53703022	-45.09573364	-3.73209444
193.53703022	-45.09573364	-3.76330070
195.53703022	-45.09573364	-3.85300279
197.53703022	-45.09573364	-3.83753872
199.53703022	-45.09573364	-3.82192779
201.53703022	-45.09573364	-3.81259155
203.53703022	-45.09573364	-3.57329082
205.53703022	-45.09573364	-3.57329082
207.53703022	-45.09573364	-3.57329082
209.53703022	-45.09573364	-3.57329082
211.53703022	-45.09573364	-3.57329082
213.53703022	-45.09573364	-3.57329082
215.53703022	-45.09573364	-3.57329082
217.53703022	-45.09573364	-3.57329082
219.53703022	-45.09573364	-3.57329082
221.53703022	-45.09573364	-3.57329082
223.53703022	-45.09573364	-3.57329082
225.53703022	-45.09573364	-3.57329082
227.53703022	-45.09573364	-3.57329082
229.53703022	-45.09573364	-3.57329082
231.53703022	-45.09573364	-3.57329082
233.53703022	-45.09573364	-3.57329082
235.53703022	-45.09573364	-3.57329082
237.53703022	-45.09573364	-3.57329082
239.53703022	-45.09573364	-3.57329082
241.53703022	-45.09573364	-3.57329082
243.53703022	-45.09573364	-3.57329082
245.53703022	-45.09573364	-3.57329082
247.53703022	-45.09573364	-3.57329082
249.53703022	-45.09573364	-3.57329082
251.53703022	-45.09573364	-3.57329082
253.53703022	-45.09573364	-3.57329082
255.53703022	-45.09573364	-3.57329082
257.53703022	-45.09573364	-3.57329082
259.53703022	-45.09573364	-3.57329082
261.53703022	-45.09573364	-3.57329082
263.53703022	-45.09573364	-3.57329082
265.53703022	-45.09573364	-3.57329082
267.53703022	-45.09573364	-3.57329082
269.53703022	-45.09573364	-3.57329082
271.53703022	-45.09573364	-3.57329082
273.53703022	-45.09573364	-3.57329082
275.53703022	-45.09573364	-3.57329082
277.53703022	-45.09573364	-3.57329082
279.53703022	-45.09573364	-3.57329082
281.53703022	-45.09573364	-3.57329082
-8.46296978	-43.09573364	-3.82358098
-6.46296978	-43.09573364	-3.82358098
-4.46296978	-43.09573364	-3.82358098
-2.46296978	-43.09573364	-3.82358098
-0.46296978	-43.09573364	-3.82358098
1.53703022	-43.09573364	-3.82358098
3.53703022	-43.09573364	-3.82358098
5.53703022	-43.09573364	-3.82358098
7.53703022	-43.09573364	-3.82358098
9.53703022	-43.09573364	-3.82358098
11.53703022	-43.09573364	-3.82358098
13.53703022	-43.09573364	-3.82358098
15.53703022	-43.09573364	-3.82358098
17.53703022	-43.09573364	-3.82358098
19.53703022	-43.09573364	-3.82358098
21.53703022	-43.09573364	-3.82358098
23.53703022	-43.09573364	-3.82358098
25.53703022	-43.09573364	-3.82358098
27.53703022	-43.09573364	-3.82358098
29.53703022	-43.09573364	-3.82358098
31.53703022	-43.09573364	-3.82358098
33.53703022	-43.09573364	-3.82358098
35.53703022	-43.09573364	-3.82358098
37.53703022	-43.09573364	-3.82358098
39.53703022	-43.09573364	-3.82358098
41.53703022	-43.09573364	-3.82358098
43.53703022	-43.09573364	-3.82358098
45.53703022	-43.09573364	-3.82358098
47.53703022	-43.09573364	-3.82358098
49.53703022	-43.09573364	-3.82358098
51.53703022	-43.09573364	-3.82358098
53.53703022	-43.09573364	-3.82358098
55.53703022	-43.09573364	-3.82358098
57.53703022	-43.09573364	-3.82358098
59.53703022	-43.09573364	-3.82358098
61.53703022	-43.09573364	-3.82358098
63.53703022	-43.09573364	-3.82358098
65.53703022	-43.09573364	-3.82358098
67.53703022	-43.09573364	-3.82358098
69.53703022	-43.09573364	-3.82358098
71.53703022	-43.09573364	-3.82358098
73.53703022	-43.09573364	-3.82358098
75.53703022	-43.09573364	-3.82358098
77.53703022	-43.09573364	-3.82358098
79.53703022	-43.09573364	-3.82358098
81.53703022	-43.09573364	-3.82358098
83.53703022	-43.09573364	-3.82358098
85.53703022	-43.09573364	-3.82358098
87.53703022	-43.09573364	-3.82358098
89.53703022	-43.09573364	-3.82358098
91.53703022	-43.09573364	-3.82358098
93.53703022	-43.09573364	-3.82358098
95.53703022	-43.09573364	-3.82358098
97.53703022	-43.09573364	-3.82358098
99.53703022	-43.09573364	-3.82358098
101.53703022	-43.09573364	-3.82358098
103.53703022	-43.09573364	-3.82358098
105.53703022	-43.09573364	-3.82358098
107.53703022	-43.09573364	-3.82358098
109.53703022	-43.09573364	-3.82358098
111.53703022	-43.09573364	-3.82358098
113.53703022	-43.09573364	-3.82358098
115.53703022	-43.09573364	-3.82358098
117.53703022	-43.09573364	-3.82358098
119.53703022	-43.09573364	-3.82358098
121.53703022	-43.09573364	-3.82358098
123.53703022	-43.09573364	-3.82358098
125.53703022	-43.09573364	-3.82358098
127.53703022	-43.09573364	-3.82358098
129.53703022	-43.09573364	-3.82358098
131.53703022	-43.09573364	-3.82358098
133.53703022	-43.09573364	-3.82358098
135.53703022	-43.09573364	-3.82358098
137.53703022	-43.09573364	-3.82358098
139.53703022	-43.09573364	-3.82890821
141.53703022	-43.09573364	-3.79564071
143.53703022	-43.09573364	-3.83508658
145.53703022	-43.09573364	-3.81695977
147.53703022	-43.09573364	-3.82467718
149.53703022	-43.09573364	-3.84900475
151.53703022	-43.09573364	-3.80450034
153.53703022	-43.09573364	-3.79761681
155.53703022	-43.09573364	-3.80287312
157.53703022	-43.09573364	-3.80976623
159.53703022	-43.09573364	-3.81734930
161.53703022	-43.09573364	-3.78803644
163.53703022	-43.09573364	-3.77321285
165.53703022	-43.09573364	-3.75923852
167.53703022	-43.09573364	-3.75079264
169.53703022	-43.09573364	-3.74687368
171.53703022	-43.09573364	-3.74351487
173.53703022	-43.09573364	-3.74180797
175.53703022	-43.09573364	-3.74034409
177.53703022	-43.09573364	-3.74008526
179.53703022	-43.09573364	-3.73931501
181.53703022	-43.09573364	-3.73588331
183.53703022	-43.09573364	-3.73727320
185.53703022	-43.09573364	-3.73422893
187.53703022	-43.09573364	-3.72338973
189.53703022	-43.09573364	-3.72498146
191.53703022	-43.09573364	-3.73969282
193.53703022	-43.09573364	-3.76549635
195.53703022	-43.09573364	-3.78744620
197.53703022	-43.09573364	-3.84223819
199.53703022	-43.09573364	-3.83264446
201.53703022	-43.09573364	-3.82686019
203.53703022	-43.09573364	-3.71554804
205.53703022	-43.09573364	-3.71554804
207.53703022	-43.09573364	-3.71554804
209.53703022	-43.09573364	-3.71554804
211.53703022	-43.09573364	-3.71554804
213.53703022	-43.09573364	-3.71554804
215.53703022	-43.09573364	-3.71554804
217.53703022	-43.09573364	-3.71554804
219.53703022	-43.09573364	-3.71554804
221.53703022	-43.09573364	-3.71554804
223.53703022	-43.09573364	-3.71554804
225.53703022	-43.09573364	-3.71554804
227.53703022	-43.09573364	-3.71554804
229.53703022	-43.09573364	-3.71554804
231.53703022	-43.09573364	-3.71554804
233.53703022	-43.09573364	-3.71554804
235.53703022	-43.09573364	-3.71554804
237.53703022	-43.09573364	-3.71554804
239.53703022	-43.09573364	-3.71554804
241.53703022	-43.09573364	-3.71554804
243.53703022	-43.09573364	-3.71554804
245.53703022	-43.09573364	-3.71554804
247.53703022	-43.09573364	-3.71554804
249.53703022	-43.09573364	-3.71554804
251.53703022	-43.09573364	-3.71554804
253.53703022	-43.09573364	-3.71554804
255.53703022	-43.09573364	-3.71554804
257.53703022	-43.09573364	-3.71554804
259.53703022	-43.09573364	-3.71554804
261.53703022	-43.09573364	-3.71554804
263.53703022	-43.09573364	-3.71554804
265.53703022	-43.09573364	-3.71554804
267.53703022	-43.09573364	-3.71554804
269.53703022	-43.09573364	-3.71554804
271.53703022	-43.09573364	-3.71554804
273.53703022	-43.09573364	-3.71554804
275.53703022	-43.09573364	-3.71554804
277.53703022	-43.09573364	-3.71554804
279.53703022	-43.09573364	-3.71554804
281.53703022	-43.09573364	-3.71554804
-8.46296978	-41.09573364	-3.80679607
-6.46296978	-41.09573364	-3.80679607
-4.46296978	-41.09573364	-3.80679607
-2.46296978	-41.09573364	-3.80679607
-0.46296978	-41.09573364	-3.80679607
1.53703022	-41.09573364	-3.80679607
3.53703022	-41.09573364	-3.80679607
5.53703022	-41.09573364	-3.80679607
7.53703022	-41.09573364	-3.80679607
9.53703022	-41.09573364	-3.80679607
11.53703022	-41.09573364	-3.80679607
13.53703022	-41.09573364	-3.80679607
15.53703022	-41.09573364	-3.80679607
17.53703022	-41.09573364	-3.80679607
19.53703022	-41.09573364	-3.80679607
21.53703022	-41.09573364	-3.80679607
23.53703022	-41.09573364	-3.80679607
25.53703022	-41.09573364	-3.80679607
27.53703022	-41.09573364	-3.80679607
29.53703022	-41.09573364	-3.80679607
31.53703022	-41.09573364	-3.80679607
33.53703022	-41.09573364	-3.80679607
35.53703022	-41.09573364	-3.80679607
37.53703022	-41.09573364	-3.80679607
39.53703022	-41.09573364	-3.80679607
41.53703022	-41.09573364	-3.80679607
43.53703022	-41.09573364	-3.80679607
45.53703022	-41.09573364	-3.80679607
47.53703022	-41.09573364	-3.80679607
49.53703022	-41.09573364	-3.80679607
51.53703022	-41.09573364	-3.80679607
53.53703022	-41.09573364	-3.80679607
55.53703022	-41.09573364	-3.80679607
57.53703022	-41.09573364	-3.80679607
59.53703022	-41.09573364	-3.80679607
61.53703022	-41.09573364	-3.80679607
63.53703022	-41.09573364	-3.80679607
65.53703022	-41.09573364	-3.80679607
67.53703022	-41.09573364	-3.80679607
69.53703022	-41.09573364	-3.80679607
71.53703022	-41.09573364	-3.80679607
73.53703022	-41.09573364	-3.80679607
75.53703022	-41.09573364	-3.80679607
77.53703022	-41.09573364	-3.80679607
79.53703022	-41.09573364	-3.80679607
81.53703022	-41.09573364	-3.80679607
83.53703022	-41.09573364	-3.80679607
85.53703022	-41.09573364	-3.80679607
87.53703022	-41.09573364	-3.80679607
89.53703022	-41.09573364	-3.80679607
91.53703022	-41.09573364	-3.80679607
93.53703022	-41.09573364	-3.80679607
95.53703022	-41.09573364	-3.80679607
97.53703022	-41.09573364	-3.80679607
99.53703022	-41.09573364	-3.80679607
101.53703022	-41.09573364	-3.80679607
103.53703022	-41.09573364	-3.80679607
105.53703022	-41.09573364	-3.80679607
107.53703022	-41.09573364	-3.80679607
109.53703022	-41.09573364	-3.80679607
111.53703022	-41.09573364	-3.80679607
113.53703022	-41.09573364	-3.80679607
115.53703022	-41.09573364	-3.80679607
117.53703022	-41.09573364	-3.80679607
119.53703022	-41.09573364	-3.80679607
121.53703022	-41.09573364	-3.80679607
123.53703022	-41.09573364	-3.80679607
125.53703022	-41.09573364	-3.80679607
127.53703022	-41.09573364	-3.80679607
129.53703022	-41.09573364	-3.80679607
131.53703022	-41.09573364	-3.80679607
133.53703022	-41.09573364	-3.80679607
135.53703022	-41.09573364	-3.81522465
137.53703022	-41.09573364	-3.81615019
139.53703022	-41.09573364	-3.78347659
141.53703022	-41.09573364	-3.81255412
143.53703022	-41.09573364	-3.81305940
145.53703022	-41.09573364	-3.82533593
147.53703022	-41.09573364	-3.80998489
149.53703022	-41.09573364	-3.82327265
151.53703022	-41.09573364	-3.79494534
153.53703022	-41.09573364	-3.80799031
155.53703022	-41.09573364	-3.79289005
157.53703022	-41.09573364	-3.79926296
159.53703022	-41.09573364	-3.78986838
161.53703022	-41.09573364	-3.78031741
163.53703022	-41.09573364	-3.76840866
165.53703022	-41.09573364	-3.76068615
167.53703022	-41.09573364	-3.75388563
169.53703022	-41.09573364	-3.74923755
171.53703022	-41.09573364	-3.74576180
173.53703022	-41.09573364	-3.74345137
175.53703022	-41.09573364	-3.74076105
177.53703022	-41.09573364	-3.73998920
179.53703022	-41.09573364	-3.73591218
181.53703022	-41.09573364	-3.73474006
183.53703022	-41.09573364	-3.72914640
185.53703022	-41.09573364	-3.72661241
187.53703022	-41.09573364	-3.72627324
189.53703022	-41.09573364	-3.72198628
191.53703022	-41.09573364	-3.74905047
193.53703022	-41.09573364	-3.78600507
195.53703022	-41.09573364	-3.81634085
197.53703022	-41.09573364	-3.82880346
199.53703022	-41.09573364	-3.83331823
201.53703022	-41.09573364	-3.83017826
203.53703022	-41.09573364	-3.81368876
205.53703022	-41.09573364	-3.62213723
207.53703022	-41.09573364	-3.58853238
209.53703022	-41.09573364	-3.58509543
211.53703022	-41.09573364	-3.58409505
213.53703022	-41.09573364	-3.58682518
215.53703022	-41.09573364	-3.59253628
217.53703022	-41.09573364	-3.59528039
219.53703022	-41.09573364	-3.59626723
221.53703022	-41.09573364	-3.59630751
223.53703022	-41.09573364	-3.59631882
225.53703022	-41.09573364	-3.59632157
227.53703022	-41.09573364	-3.59632176
229.53703022	-41.09573364	-3.59632180
231.53703022	-41.09573364	-3.59632181
233.53703022	-41.09573364	-3.59632181
235.53703022	-41.09573364	-3.59632181
237.53703022	-41.09573364	-3.59632181
239.53703022	-41.09573364	-3.59632181
241.53703022	-41.09573364	-3.59632181
243.53703022	-41.09573364	-3.59632181
245.53703022	-41.09573364	-3.59632181
247.53703022	-41.09573364	-3.59632181
249.53703022	-41.09573364	-3.59632192
251.53703022	-41.09573364	-3.59632229
253.53703022	-41.09573364	-3.59632289
255.53703022	-41.09573364	-3.59752866
257.53703022	-41.09573364	-3.53145630
259.53703022	-41.09573364	-3.66090325
261.53703022	-41.09573364	-3.63945259
263.53703022	-41.09573364	-3.69161826
265.53703022	-41.09573364	-3.69161827
267.53703022	-41.09573364	-3.69161827
269.53703022	-41.09573364	-3.69161827
271.53703022	-41.09573364	-3.69161827
273.53703022	-41.09573364	-3.69161830
275.53703022	-41.09573364	-3.69161836
277.53703022	-41.09573364	-3.69161940
279.53703022	-41.09573364	-3.69275161
281.53703022	-41.09573364	-3.66882381
-8.46296978	-39.09573364	-3.77899909
-6.46296978	-39.09573364	-3.77899909
-4.46296978	-39.09573364	-3.77899909
-2.46296978	-39.09573364	-3.77899909
-0.46296978	-39.09573364	-3.77899909
1.53703022	-39.09573364	-3.77899909
3.53703022	-39.09573364	-3.77899909
5.53703022	-39.09573364	-3.77899909
7.53703022	-39.09573364	-3.77899909
9.53703022	-39.09573364	-3.77899909
11.53703022	-39.09573364	-3.77899909
13.53703022	-39.09573364	-3.77899909
15.53703022	-39.09573364	-3.77899909
17.53703022	-39.09573364	-3.77899909
19.53703022	-39.09573364	-3.77899909
21.53703022	-39.09573364	-3.77899909
23.53703022	-39.09573364	-3.77899909
25.53703022	-39.09573364	-3.77899909
27.53703022	-39.09573364	-3.77899909
29.53703022	-39.09573364	-3.77899909
31.53703022	-39.09573364	-3.77899909
33.53703022	-39.09573364	-3.77899909
35.53703022	-39.09573364	-3.77899909
37.53703022	-39.09573364	-3.77899909
39.53703022	-39.09573364	-3.77899909
41.53703022	-39.09573364	-3.77899909
43.53703022	-39.09573364	-3.77899909
45.53703022	-39.09573364	-3.77899909
47.53703022	-39.09573364	-3.77899909
49.53703022	-39.09573364	-3.77899909
51.53703022	-39.09573364	-3.77899909
53.53703022	-39.09573364	-3.77899909
55.53703022	-39.09573364	-3.77899909
57.53703022	-39.09573364	-3.77899909
59.53703022	-39.09573364	-3.77899909
61.53703022	-39.09573364	-3.77899909
63.53703022	-39.09573364	-3.77899909
65.53703022	-39.09573364	-3.77899909
67.53703022	-39.09573364	-3.77899909
69.53703022	-39.09573364	-3.77899909
71.53703022	-39.09573364	-3.77899909
73.53703022	-39.09573364	-3.77899909
75.53703022	-39.09573364	-3.77899909
77.53703022	-39.09573364	-3.77899909
79.53703022	-39.09573364	-3.77899909
81.53703022	-39.09573364	-3.77899909
83.53703022	-39.09573364	-3.77899909
85.53703022	-39.09573364	-3.77899909
87.53703022	-39.09573364	-3.77899909
89.53703022	-39.09573364	-3.77899909
91.53703022	-39.09573364	-3.77899909
93.53703022	-39.09573364	-3.77899909
95.53703022	-39.09573364	-3.77899909
97.53703022	-39.09573364	-3.77899909
99.53703022	-39.09573364	-3.77899909
101.53703022	-39.09573364	-3.77899909
103.53703022	-39.09573364	-3.77899909
105.53703022	-39.09573364	-3.77899909
107.53703022	-39.09573364	-3.77899909
109.53703022	-39.09573364	-3.77899909
111.53703022	-39.09573364	-3.77899909
113.53703022	-39.09573364	-3.77899909
115.53703022	-39.09573364	-3.77899909
117.53703022	-39.09573364	-3.77899909
119.53703022	-39.09573364	-3.77899909
121.53703022	-39.09573364	-3.77899909
123.53703022	-39.09573364	-3.77899909
125.53703022	-39.09573364	-3.77899909
127.53703022	-39.09573364	-3.77899909
129.53703022	-39.09573364	-3.77899909
131.53703022	-39.09573364	-3.79172134
133.53703022	-39.09573364	-3.78923726
135.53703022	-39.09573364	-3.81015253
137.53703022	-39.09573364	-3.79628921
139.53703022	-39.09573364	-3.80162096
141.53703022	-39.09573364	-3.80893612
143.53703022	-39.09573364	-3.73624730
145.53703022	-39.09573364	-3.77634507
147.53703022	-39.09573364	-3.78600379
149.53703022	-39.09573364	-3.79038105
151.53703022	-39.09573364	-3.77796054
153.53703022	-39.09573364	-3.77936202
155.53703022	-39.09573364	-3.77961761
157.53703022	-39.09573364	-3.77977421
159.53703022	-39.09573364	-3.77542793
161.53703022	-39.09573364	-3.76663654
163.53703022	-39.09573364	-3.75983174
165.53703022	-39.09573364	-3.75215634
167.53703022	-39.09573364	-3.74657280
169.53703022	-39.09573364	-3.74194640
171.53703022	-39.09573364	-3.73907035
173.53703022	-39.09573364	-3.73929944
175.53703022	-39.09573364	-3.73706751
177.53703022	-39.09573364	-3.73783092
179.53703022	-39.09573364	-3.73229290
181.53703022	-39.09573364	-3.73030698
183.53703022	-39.09573364	-3.73084488
185.53703022	-39.09573364	-3.72568953
187.53703022	-39.09573364	-3.72179890
189.53703022	-39.09573364	-3.72851723
191.53703022	-39.09573364	-3.74320797
193.53703022	-39.09573364	-3.76279731
195.53703022	-39.09573364	-3.57436299
197.53703022	-39.09573364	-3.80768614
199.53703022	-39.09573364	-3.83037734
201.53703022	-39.09573364	-3.82145071
203.53703022	-39.09573364	-3.80104756
205.53703022	-39.09573364	-3.68301535
207.53703022	-39.09573364	-3.60041285
209.53703022	-39.09573364	-3.60041285
211.53703022	-39.09573364	-3.60041285
213.53703022	-39.09573364	-3.60041285
215.53703022	-39.09573364	-3.60041285
217.53703022	-39.09573364	-3.60041285
219.53703022	-39.09573364	-3.60041285
221.53703022	-39.09573364	-3.60041285
223.53703022	-39.09573364	-3.60041285
225.53703022	-39.09573364	-3.60041285
227.53703022	-39.09573364	-3.60041285
229.53703022	-39.09573364	-3.60041285
231.53703022	-39.09573364	-3.60041285
233.53703022	-39.09573364	-3.60041285
235.53703022	-39.09573364	-3.60041285
237.53703022	-39.09573364	-3.60041285
239.53703022	-39.09573364	-3.60041285
241.53703022	-39.09573364	-3.60041285
243.53703022	-39.09573364	-3.60041285
245.53703022	-39.09573364	-3.60041285
247.53703022	-39.09573364	-3.60041285
249.53703022	-39.09573364	-3.60041285
251.53703022	-39.09573364	-3.60041285
253.53703022	-39.09573364	-3.60041285
255.53703022	-39.09573364	-3.60041285
257.53703022	-39.09573364	-3.60041285
259.53703022	-39.09573364	-3.60041285
261.53703022	-39.09573364	-3.60041285
263.53703022	-39.09573364	-3.60041285
265.53703022	-39.09573364	-3.60041285
267.53703022	-39.09573364	-3.60041285
269.53703022	-39.09573364	-3.60041285
271.53703022	-39.09573364	-3.60041285
273.53703022	-39.09573364	-3.60041285
275.53703022	-39.09573364	-3.60041285
277.53703022	-39.09573364	-3.60041285
279.53703022	-39.09573364	-3.60041285
281.53703022	-39.09573364	-3.60041285
-8.46296978	-37.09573364	-3.77800393
-6.46296978	-37.09573364	-3.77800393
-4.46296978	-37.09573364	-3.77800393
-2.46296978	-37.09573364	-3.77800393
-0.46296978	-37.09573364	-3.77800393
1.53703022	-37.09573364	-3.77800393
3.53703022	-37.09573364	-3.77800393
5.53703022	-37.09573364	-3.77800393
7.53703022	-37.09573364	-3.77800393
9.53703022	-37.09573364	-3.77800393
11.53703022	-37.09573364	-3.77800393
13.53703022	-37.09573364	-3.77800393
15.53703022	-37.09573364	-3.77800393
17.53703022	-37.09573364	-3.77800393
19.53703022	-37.09573364	-3.77800393
21.53703022	-37.09573364	-3.77800393
23.53703022	-37.09573364	-3.77800393
25.53703022	-37.09573364	-3.77800393
27.53703022	-37.09573364	-3.77800393
29.53703022	-37.09573364	-3.77800393
31.53703022	-37.09573364	-3.77800393
33.53703022	-37.09573364	-3.77800393
35.53703022	-37.09573364	-3.77800393
37.53703022	-37.09573364	-3.77800393
39.53703022	-37.09573364	-3.77800393
41.53703022	-37.09573364	-3.77800393
43.53703022	-37.09573364	-3.77800393
45.53703022	-37.09573364	-3.77800393
47.53703022	-37.09573364	-3.77800393
49.53703022	-37.09573364	-3.77800393
51.53703022	-37.09573364	-3.77800393
53.53703022	-37.09573364	-3.77800393
55.53703022	-37.09573364	-3.77800393
57.53703022	-37.09573364	-3.77800393
59.53703022	-37.09573364	-3.77800393
61.53703022	-37.09573364	-3.77800393
63.53703022	-37.09573364	-3.77800393
65.53703022	-37.09573364	-3.77800393
67.53703022	-37.09573364	-3.77800393
69.53703022	-37.09573364	-3.77800393
71.53703022	-37.09573364	-3.77800393
73.53703022	-37.09573364	-3.77800393
75.53703022	-37.09573364	-3.77800393
77.53703022	-37.09573364	-3.77800393
79.53703022	-37.09573364	-3.77800393
81.53703022	-37.09573364	-3.77800393
83.53703022	-37.09573364	-3.77800393
85.53703022	-37.09573364	-3.77800393
87.53703022	-37.09573364	-3.77800393
89.53703022	-37.09573364	-3.77800393
91.53703022	-37.09573364	-3.77800393
93.53703022	-37.09573364	-3.77800393
95.53703022	-37.09573364	-3.77800393
97.53703022	-37.09573364	-3.77800393
99.53703022	-37.09573364	-3.77800393
101.53703022	-37.09573364	-3.77800393
103.53703022	-37.09573364	-3.77800393
105.53703022	-37.09573364	-3.77800393
107.53703022	-37.09573364	-3.77800393
109.53703022	-37.09573364	-3.77800393
111.53703022	-37.09573364	-3.77800393
113.53703022	-37.09573364	-3.77800393
115.53703022	-37.09573364	-3.77800393
117.53703022	-37.09573364	-3.77800393
119.53703022	-37.09573364	-3.77800393
121.53703022	-37.09573364	-3.77800393
123.53703022	-37.09573364	-3.77800393
125.53703022	-37.09573364	-3.76559138
127.53703022	-37.09573364	-3.78492737
129.53703022	-37.09573364	-3.79368138
131.53703022	-37.09573364	-3.79188919
133.53703022	-37.09573364	-3.79128742
135.53703022	-37.09573364	-3.80526042
137.53703022	-37.09573364	-3.77317142
139.53703022	-37.09573364	-3.55233741
141.53703022	-37.09573364	-3.76676704
143.53703022	-37.09573364	-3.73615898
145.53703022	-37.09573364	-3.77427360
147.53703022	-37.09573364	-3.75934329
149.53703022	-37.09573364	-3.75660110
151.53703022	-37.09573364	-3.76586672
153.53703022	-37.09573364	-3.76336093
155.53703022	-37.09573364	-3.77494834
157.53703022	-37.09573364	-3.76716785
159.53703022	-37.09573364	-3.77864355
161.53703022	-37.09573364	-3.76578101
163.53703022	-37.09573364	-3.77872183
165.53703022	-37.09573364	-3.77264279
167.53703022	-37.09573364	-3.78978433
169.53703022	-37.09573364	-3.78856862
171.53703022	-37.09573364	-3.79794140
173.53703022	-37.09573364	-3.78848188
175.53703022	-37.09573364	-3.73794273
177.53703022	-37.09573364	-3.76836969
179.53703022	-37.09573364	-3.74109181
181.53703022	-37.09573364	-3.76870135
183.53703022	-37.09573364	-3.74132067
185.53703022	-37.09573364	-3.75431667
187.53703022	-37.09573364	-3.74349878
189.53703022	-37.09573364	-3.75315607
191.53703022	-37.09573364	-3.74887762
193.53703022	-37.09573364	-3.76535084
195.53703022	-37.09573364	-3.77443463
197.53703022	-37.09573364	-3.83548546
199.53703022	-37.09573364	-3.79703488
201.53703022	-37.09573364	-3.81426501
203.53703022	-37.09573364	-3.80059695
205.53703022	-37.09573364	-3.78108764
207.53703022	-37.09573364	-3.50361252
209.53703022	-37.09573364	-3.50361252
211.53703022	-37.09573364	-3.50361252
213.53703022	-37.09573364	-3.50361252
215.53703022	-37.09573364	-3.50361252
217.53703022	-37.09573364	-3.50361252
219.53703022	-37.09573364	-3.50361252
221.53703022	-37.09573364	-3.50361252
223.53703022	-37.09573364	-3.50361252
225.53703022	-37.09573364	-3.50361252
227.53703022	-37.09573364	-3.50361252
229.53703022	-37.09573364	-3.50361252
231.53703022	-37.09573364	-3.50361252
233.53703022	-37.09573364	-3.50361252
235.53703022	-37.09573364	-3.50361252
237.53703022	-37.09573364	-3.50361252
239.53703022	-37.09573364	-3.50361252
241.53703022	-37.09573364	-3.50361252
243.53703022	-37.09573364	-3.50361252
245.53703022	-37.09573364	-3.50361252
247.53703022	-37.09573364	-3.50361252
249.53703022	-37.09573364	-3.50361252
251.53703022	-37.09573364	-3.50361252
253.53703022	-37.09573364	-3.50361252
255.53703022	-37.09573364	-3.50361252
257.53703022	-37.09573364	-3.50361252
259.53703022	-37.09573364	-3.50361252
261.53703022	-37.09573364	-3.50361252
263.53703022	-37.09573364	-3.50361252
265.53703022	-37.09573364	-3.50361252
267.53703022	-37.09573364	-3.50361252
269.53703022	-37.09573364	-3.50361252
271.53703022	-37.09573364	-3.50361252
273.53703022	-37.09573364	-3.50361252
275.53703022	-37.09573364	-3.50361252
277.53703022	-37.09573364	-3.50361252
279.53703022	-37.09573364	-3.50361252
281.53703022	-37.09573364	-3.50361252
-8.46296978	-35.09573364	-3.80000162
-6.46296978	-35.09573364	-3.80000162
-4.46296978	-35.09573364	-3.80000162
-2.46296978	-35.09573364	-3.80000162
-0.46296978	-35.09573364	-3.80000162
1.53703022	-35.09573364	-3.80000162
3.53703022	-35.09573364	-3.80000162
5.53703022	-35.09573364	-3.80000162
7.53703022	-35.09573364	-3.80000162
9.53703022	-35.09573364	-3.80000162
11.53703022	-35.09573364	-3.80000162
13.53703022	-35.09573364	-3.80000162
15.53703022	-35.09573364	-3.80000162
17.53703022	-35.09573364	-3.80000162
19.53703022	-35.09573364	-3.80000162
21.53703022	-35.09573364	-3.80000162
23.53703022	-35.09573364	-3.80000162
25.53703022	-35.09573364	-3.80000162
27.53703022	-35.09573364	-3.80000162
29.53703022	-35.09573364	-3.80000162
31.53703022	-35.09573364	-3.80000162
33.53703022	-35.09573364	-3.80000162
35.53703022	-35.09573364	-3.80000162
37.53703022	-35.09573364	-3.80000162
39.53703022	-35.09573364	-3.80000162
41.53703022	-35.09573364	-3.80000162
43.53703022	-35.09573364	-3.80000162
45.53703022	-35.09573364	-3.80000162
47.53703022	-35.09573364	-3.80000162
49.53703022	-35.09573364	-3.80000162
51.53703022	-35.09573364	-3.80000162
53.53703022	-35.09573364	-3.80000162
55.53703022	-35.09573364	-3.80000162
57.53703022	-35.09573364	-3.80000162
59.53703022	-35.09573364	-3.80000162
61.53703022	-35.09573364	-3.80000162
63.53703022	-35.09573364	-3.80000162
65.53703022	-35.09573364	-3.80000162
67.53703022	-35.09573364	-3.80000162
69.53703022	-35.09573364	-3.80000162
71.53703022	-35.09573364	-3.80000162
73.53703022	-35.09573364	-3.80000162
75.53703022	-35.09573364	-3.80000162
77.53703022	-35.09573364	-3.80000162
79.53703022	-35.09573364	-3.80000162
81.53703022	-35.09573364	-3.80000162
83.53703022	-35.09573364	-3.80000162
85.53703022	-35.09573364	-3.80000162
87.53703022	-35.09573364	-3.80000162
89.53703022	-35.09573364	-3.80000162
91.53703022	-35.09573364	-3.80000162
93.53703022	-35.09573364	-3.80000162
95.53703022	-35.09573364	-3.80000162
97.53703022	-35.09573364	-3.80000162
99.53703022	-35.09573364	-3.80000162
101.53703022	-35.09573364	-3.80000162
103.53703022	-35.09573364	-3.80000162
105.53703022	-35.09573364	-3.80000162
107.53703022	-35.09573364	-3.80000162
109.53703022	-35.09573364	-3.80000162
111.53703022	-35.09573364	-3.80000162
113.53703022	-35.09573364	-3.80000162
115.53703022	-35.09573364	-3.80000162
117.53703022	-35.09573364	-3.80000162
119.53703022	-35.09573364	-3.80000162
121.53703022	-35.09573364	-3.80000162
123.53703022	-35.09573364	-3.77896023
125.53703022	-35.09573364	-3.77609134
127.53703022	-35.09573364	-3.77977967
129.53703022	-35.09573364	-3.77421069
131.53703022	-35.09573364	-3.79488277
133.53703022	-35.09573364	-3.79457474
135.53703022	-35.09573364	-3.76517608
137.53703022	-35.09573364	-3.70400643
139.53703022	-35.09573364	-3.71856414
141.53703022	-35.09573364	-3.71489165
143.53703022	-35.09573364	-3.74413025
145.53703022	-35.09573364	-3.74800357
147.53703022	-35.09573364	-3.75974770
149.53703022	-35.09573364	-3.75870810
151.53703022	-35.09573364	-3.76142232
153.53703022	-35.09573364	-3.76228655
155.53703022	-35.09573364	-3.75938997
157.53703022	-35.09573364	-3.75686496
159.53703022	-35.09573364	-3.75711408
161.53703022	-35.09573364	-3.76023493
163.53703022	-35.09573364	-3.76058221
165.53703022	-35.09573364	-3.76992742
167.53703022	-35.09573364	-3.77183793
169.53703022	-35.09573364	-3.77918248
171.53703022	-35.09573364	-3.77759367
173.53703022	-35.09573364	-3.79898055
175.53703022	-35.09573364	-3.79578519
177.53703022	-35.09573364	-3.65054917
179.53703022	-35.09573364	-3.73073827
181.53703022	-35.09573364	-3.72571944
183.53703022	-35.09573364	-3.73653357
185.53703022	-35.09573364	-3.73364023
187.53703022	-35.09573364	-3.73489648
189.53703022	-35.09573364	-3.73366619
191.53703022	-35.09573364	-3.73907945
193.53703022	-35.09573364	-3.74682177
195.53703022	-35.09573364	-3.76101229
197.53703022	-35.09573364	-3.66040540
199.53703022	-35.09573364	-3.85926485
201.53703022	-35.09573364	-3.80539779
203.53703022	-35.09573364	-3.80834484
205.53703022	-35.09573364	-3.78971171
207.53703022	-35.09573364	-3.73797834
209.53703022	-35.09573364	-3.69024244
211.53703022	-35.09573364	-3.63595974
213.53703022	-35.09573364	-3.62208155
215.53703022	-35.09573364	-3.61707098
217.53703022	-35.09573364	-3.61573271
219.53703022	-35.09573364	-3.61532697
221.53703022	-35.09573364	-3.61520665
223.53703022	-35.09573364	-3.61517154
225.53703022	-35.09573364	-3.61516118
227.53703022	-35.09573364	-3.61515813
229.53703022	-35.09573364	-3.61515724
231.53703022	-35.09573364	-3.61515697
233.53703022	-35.09573364	-3.61515689
235.53703022	-35.09573364	-3.61515687
237.53703022	-35.09573364	-3.61515686
239.53703022	-35.09573364	-3.61515686
241.53703022	-35.09573364	-3.61515686
243.53703022	-35.09573364	-3.61515686
245.53703022	-35.09573364	-3.61515686
247.53703022	-35.09573364	-3.61515686
249.53703022	-35.09573364	-3.61515686
251.53703022	-35.09573364	-3.61515686
253.53703022	-35.09573364	-3.61515687
255.53703022	-35.09573364	-3.61515690
257.53703022	-35.09573364	-3.61515693
259.53703022	-35.09573364	-3.61515694
261.53703022	-35.09573364	-3.61515693
263.53703022	-35.09573364	-3.61515692
265.53703022	-35.09573364	-3.61515692
267.53703022	-35.09573364	-3.61515691
269.53703022	-35.09573364	-3.61515691
271.53703022	-35.09573364	-3.61515748
273.53703022	-35.09573364	-3.61515993
275.53703022	-35.09573364	-3.61516435
277.53703022	-35.09573364	-3.61284043
279.53703022	-35.09573364	-3.61365818
281.53703022	-35.09573364	-3.62488849
-8.46296978	-33.09573364	-3.79313278
-6.46296978	-33.09573364	-3.79313278
-4.46296978	-33.09573364	-3.79313278
-2.46296978	-33.09573364	-3.79313278
-0.46296978	-33.09573364	-3.79313278
1.53703022	-33.09573364	-3.79313278
3.53703022	-33.09573364	-3.79313278
5.53703022	-33.09573364	-3.79313278
7.53703022	-33.09573364	-3.79313278
9.53703022	-33.09573364	-3.79313278
11.53703022	-33.09573364	-3.79313278
13.53703022	-33.09573364	-3.79313278
15.53703022	-33.09573364	-3.79313278
17.53703022	-33.09573364	-3.79313278
19.53703022	-33.09573364	-3.79313278
21.53703022	-33.09573364	-3.79313278
23.53703022	-33.09573364	-3.79313278
25.53703022	-33.09573364	-3.79313278
27.53703022	-33.09573364	-3.79313278
29.53703022	-33.09573364	-3.79313278
31.53703022	-33.09573364	-3.79313278
33.53703022	-33.09573364	-3.79313278
35.53703022	-33.09573364	-3.79313278
37.53703022	-33.09573364	-3.79313278
39.53703022	-33.09573364	-3.79313278
41.53703022	-33.09573364	-3.79313278
43.53703022	-33.09573364	-3.79313278
45.53703022	-33.09573364	-3.79313278
47.53703022	-33.09573364	-3.79313278
49.53703022	-33.09573364	-3.79313278
51.53703022	-33.09573364	-3.79313278
53.53703022	-33.09573364	-3.79313278
55.53703022	-33.09573364	-3.79313278
57.53703022	-33.09573364	-3.79313278
59.53703022	-33.09573364	-3.79313278
61.53703022	-33.09573364	-3.79313278
63.53703022	-33.09573364	-3.79313278
65.53703022	-33.09573364	-3.79313278
67.53703022	-33.09573364	-3.79313278
69.53703022	-33.09573364	-3.79313278
71.53703022	-33.09573364	-3.79313278
73.53703022	-33.09573364	-3.79313278
75.53703022	-33.09573364	-3.79313278
77.53703022	-33.09573364	-3.79313278
79.53703022	-33.09573364	-3.79313278
81.53703022	-33.09573364	-3.79313278
83.53703022	-33.09573364	-3.79313278
85.53703022	-33.09573364	-3.79313278
87.53703022	-33.09573364	-3.79313278
89.53703022	-33.09573364	-3.79313278
91.53703022	-33.09573364	-3.79313278
93.53703022	-33.09573364	-3.79313278
95.53703022	-33.09573364	-3.79313278
97.53703022	-33.09573364	-3.79313278
99.53703022	-33.09573364	-3.79313278
101.53703022	-33.09573364	-3.79313278
103.53703022	-33.09573364	-3.79313278
105.53703022	-33.09573364	-3.79313278
107.53703022	-33.09573364	-3.79313278
109.53703022	-33.09573364	-3.79313278
111.53703022	-33.09573364	-3.79313278
113.53703022	-33.09573364	-3.79313278
115.53703022	-33.09573364	-3.79313278
117.53703022	-33.09573364	-3.79313278
119.53703022	-33.09573364	-3.79026866
121.53703022	-33.09573364	-3.79407477
123.53703022	-33.09573364	-3.78208423
125.53703022	-33.09573364	-3.78156757
127.53703022	-33.09573364	-3.78408098
129.53703022	-33.09573364	-3.77840376
131.53703022	-33.09573364	-3.76798648
133.53703022	-33.09573364	-3.76219954
135.53703022	-33.09573364	-3.75314391
137.53703022	-33.09573364	-3.74347574
139.53703022	-33.09573364	-3.69688130
141.53703022	-33.09573364	-3.75222430
143.53703022	-33.09573364	-3.74852917
145.53703022	-33.09573364	-3.76653116
147.53703022	-33.09573364	-3.76326540
149.53703022	-33.09573364	-3.75836493
151.53703022	-33.09573364	-3.76720099
153.53703022	-33.09573364	-3.75092828
155.53703022	-33.09573364	-3.77005251
157.53703022	-33.09573364	-3.75869799
159.53703022	-33.09573364	-3.78104885
161.53703022	-33.09573364	-3.77147759
163.53703022	-33.09573364	-3.78612105
165.53703022	-33.09573364	-3.77869574
167.53703022	-33.09573364	-3.80095547
169.53703022	-33.09573364	-3.80087138
171.53703022	-33.09573364	-3.81619835
173.53703022	-33.09573364	-3.81046624
175.53703022	-33.09573364	-3.81867552
177.53703022	-33.09573364	-3.80649328
179.53703022	-33.09573364	-3.68955278
181.53703022	-33.09573364	-3.75546216
183.53703022	-33.09573364	-3.74175444
185.53703022	-33.09573364	-3.74845035
187.53703022	-33.09573364	-3.74404175
189.53703022	-33.09573364	-3.75193718
191.53703022	-33.09573364	-3.75249795
193.53703022	-33.09573364	-3.76555989
195.53703022	-33.09573364	-3.77187335
197.53703022	-33.09573364	-3.78087422
199.53703022	-33.09573364	-3.80738624
201.53703022	-33.09573364	-3.79314747
203.53703022	-33.09573364	-3.80778766
205.53703022	-33.09573364	-3.79106331
207.53703022	-33.09573364	-3.76915216
209.53703022	-33.09573364	-3.64691120
211.53703022	-33.09573364	-3.63229126
213.53703022	-33.09573364	-3.62878228
215.53703022	-33.09573364	-3.62759482
217.53703022	-33.09573364	-3.62729991
219.53703022	-33.09573364	-3.62720955
221.53703022	-33.09573364	-3.62718279
223.53703022	-33.09573364	-3.62717503
225.53703022	-33.09573364	-3.62717273
227.53703022	-33.09573364	-3.62717206
229.53703022	-33.09573364	-3.62717186
231.53703022	-33.09573364	-3.62717180
233.53703022	-33.09573364	-3.62717178
235.53703022	-33.09573364	-3.62717178
237.53703022	-33.09573364	-3.62717178
239.53703022	-33.09573364	-3.62717178
241.53703022	-33.09573364	-3.62717178
243.53703022	-33.09573364	-3.62717178
245.53703022	-33.09573364	-3.62717178
247.53703022	-33.09573364	-3.62717178
249.53703022	-33.09573364	-3.62717178
251.53703022	-33.09573364	-3.62717178
253.53703022	-33.09573364	-3.62717179
255.53703022	-33.09573364	-3.62717180
257.53703022	-33.09573364	-3.62717181
259.53703022	-33.09573364	-3.62717181
261.53703022	-33.09573364	-3.62717180
263.53703022	-33.09573364	-3.62717180
265.53703022	-33.09573364	-3.62717180
267.53703022	-33.09573364	-3.62717189
269.53703022	-33.09573364	-3.62717202
271.53703022	-33.09573364	-3.62717257
273.53703022	-33.09573364	-3.62696970
275.53703022	-33.09573364	-3.62672160
277.53703022	-33.09573364	-3.62299526
279.53703022	-33.09573364	-3.62736663
281.53703022	-33.09573364	-3.63832162
-8.46296978	-31.09573364	-3.78163624
-6.46296978	-31.09573364	-3.78163624
-4.46296978	-31.09573364	-3.78163624
-2.46296978	-31.09573364	-3.78163624
-0.46296978	-31.09573364	-3.78163624
1.53703022	-31.09573364	-3.78163624
3.53703022	-31.09573364	-3.78163624
5.53703022	-31.09573364	-3.78163624
7.53703022	-31.09573364	-3.78163624
9.53703022	-31.09573364	-3.78163624
11.53703022	-31.09573364	-3.78163624
13.53703022	-31.09573364	-3.78163624
15.53703022	-31.09573364	-3.78163624
17.53703022	-31.09573364	-3.78163624
19.53703022	-31.09573364	-3.78163624
21.53703022	-31.09573364	-3.78163624
23.53703022	-31.09573364	-3.78163624
25.53703022	-31.09573364	-3.78163624
27.53703022	-31.09573364	-3.78163624
29.53703022	-31.09573364	-3.78163624
31.53703022	-31.09573364	-3.78163624
33.53703022	-31.09573364	-3.78163624
35.53703022	-31.09573364	-3.78163624
37.53703022	-31.09573364	-3.78163624
39.53703022	-31.09573364	-3.78163624
41.53703022	-31.09573364	-3.78163624
43.53703022	-31.09573364	-3.78163624
45.53703022	-31.09573364	-3.78163624
47.53703022	-31.09573364	-3.78163624
49.53703022	-31.09573364	-3.78163624
51.53703022	-31.09573364	-3.78163624
53.53703022	-31.09573364	-3.78163624
55.53703022	-31.09573364	-3.78163624
57.53703022	-31.09573364	-3.78163624
59.53703022	-31.09573364	-3.78163624
61.53703022	-31.09573364	-3.78163624
63.53703022	-31.09573364	-3.78163624
65.53703022	-31.09573364	-3.78163624
67.53703022	-31.09573364	-3.78163624
69.53703022	-31.09573364	-3.78163624
71.53703022	-31.09573364	-3.78163624
73.53703022	-31.09573364	-3.78163624
75.53703022	-31.09573364	-3.78163624
77.53703022	-31.09573364	-3.78163624
79.53703022	-31.09573364	-3.78163624
81.53703022	-31.09573364	-3.78163624
83.53703022	-31.09573364	-3.78163624
85.53703022	-31.09573364	-3.78163624
87.53703022	-31.09573364	-3.78163624
89.53703022	-31.09573364	-3.78163624
91.53703022	-31.09573364	-3.78163624
93.53703022	-31.09573364	-3.78163624
95.53703022	-31.09573364	-3.78163624
97.53703022	-31.09573364	-3.78163624
99.53703022	-31.09573364	-3.78163624
101.53703022	-31.09573364	-3.78163624
103.53703022	-31.09573364	-3.78163624
105.53703022	-31.09573364	-3.78163624
107.53703022	-31.09573364	-3.78163624
109.53703022	-31.09573364	-3.78163624
111.53703022	-31.09573364	-3.78163624
113.53703022	-31.09573364	-3.78163624
115.53703022	-31.09573364	-3.77697897
117.53703022	-31.09573364	-3.78535604
119.53703022	-31.09573364	-3.79281328
121.53703022	-31.09573364	-3.77670482
123.53703022	-31.09573364	-3.80449176
125.53703022	-31.09573364	-3.76852846
127.53703022	-31.09573364	-3.69928861
129.53703022	-31.09573364	-3.77183837
131.53703022	-31.09573364	-3.77136643
133.53703022	-31.09573364	-3.76148011
135.53703022	-31.09573364	-3.74617326
137.53703022	-31.09573364	-3.72154287
139.53703022	-31.09573364	-3.73108428
141.53703022	-31.09573364	-3.73490328
143.53703022	-31.09573364	-3.74975005
145.53703022	-31.09573364	-3.75608109
147.53703022	-31.09573364	-3.76068542
149.53703022	-31.09573364	-3.76570057
151.53703022	-31.09573364	-3.76858204
153.53703022	-31.09573364	-3.76252826
155.53703022	-31.09573364	-3.74616088
157.53703022	-31.09573364	-3.76565328
159.53703022	-31.09573364	-3.76116263
161.53703022	-31.09573364	-3.77691841
163.53703022	-31.09573364	-3.77054588
165.53703022	-31.09573364	-3.78402873
167.53703022	-31.09573364	-3.78265825
169.53703022	-31.09573364	-3.79372281
171.53703022	-31.09573364	-3.79330492
173.53703022	-31.09573364	-3.84316087
175.53703022	-31.09573364	-3.81747580
177.53703022	-31.09573364	-3.79746699
179.53703022	-31.09573364	-3.79501939
181.53703022	-31.09573364	-3.73491270
183.53703022	-31.09573364	-3.74576719
185.53703022	-31.09573364	-3.74437765
187.53703022	-31.09573364	-3.74449224
189.53703022	-31.09573364	-3.74456470
191.53703022	-31.09573364	-3.74961067
193.53703022	-31.09573364	-3.76053148
195.53703022	-31.09573364	-3.76045690
197.53703022	-31.09573364	-3.76096105
199.53703022	-31.09573364	-3.79498348
201.53703022	-31.09573364	-3.79803042
203.53703022	-31.09573364	-3.78656960
205.53703022	-31.09573364	-3.79207063
207.53703022	-31.09573364	-3.74396944
209.53703022	-31.09573364	-3.72862101
211.53703022	-31.09573364	-3.72862101
213.53703022	-31.09573364	-3.72862101
215.53703022	-31.09573364	-3.72862101
217.53703022	-31.09573364	-3.72862101
219.53703022	-31.09573364	-3.72862101
221.53703022	-31.09573364	-3.72862101
223.53703022	-31.09573364	-3.72862101
225.53703022	-31.09573364	-3.72862101
227.53703022	-31.09573364	-3.72862101
229.53703022	-31.09573364	-3.72862101
231.53703022	-31.09573364	-3.72862101
233.53703022	-31.09573364	-3.72862101
235.53703022	-31.09573364	-3.72862101
237.53703022	-31.09573364	-3.72862101
239.53703022	-31.09573364	-3.72862101
241.53703022	-31.09573364	-3.72862101
243.53703022	-31.09573364	-3.72862101
245.53703022	-31.09573364	-3.72862101
247.53703022	-31.09573364	-3.72862101
249.53703022	-31.09573364	-3.72862101
251.53703022	-31.09573364	-3.72862101
253.53703022	-31.09573364	-3.72862101
255.53703022	-31.09573364	-3.72862101
257.53703022	-31.09573364	-3.72862101
259.53703022	-31.09573364	-3.72862101
261.53703022	-31.09573364	-3.72862101
263.53703022	-31.09573364	-3.72862101
265.53703022	-31.09573364	-3.72862101
267.53703022	-31.09573364	-3.72862101
269.53703022	-31.09573364	-3.72862101
271.53703022	-31.09573364	-3.72862101
273.53703022	-31.09573364	-3.72862101
275.53703022	-31.09573364	-3.72862101
277.53703022	-31.09573364	-3.72862101
279.53703022	-31.09573364	-3.72862101
281.53703022	-31.09573364	-3.72862101
-8.46296978	-29.09573364	-3.79655957
-6.46296978	-29.09573364	-3.79655957
-4.46296978	-29.09573364	-3.79655957
-2.46296978	-29.09573364	-3.79655957
-0.46296978	-29.09573364	-3.79655957
1.53703022	-29.09573364	-3.79655957
3.53703022	-29.09573364	-3.79655957
5.53703022	-29.09573364	-3.79655957
7.53703022	-29.09573364	-3.79655957
9.53703022	-29.09573364	-3.79655957
11.53703022	-29.09573364	-3.79655957
13.53703022	-29.09573364	-3.79655957
15.53703022	-29.09573364	-3.79655957
17.53703022	-29.09573364	-3.79655957
19.53703022	-29.09573364	-3.79655957
21.53703022	-29.09573364	-3.79655957
23.53703022	-29.09573364	-3.79655957
25.53703022	-29.09573364	-3.79655957
27.53703022	-29.09573364	-3.79655957
29.53703022	-29.09573364	-3.79655957
31.53703022	-29.09573364	-3.79655957
33.53703022	-29.09573364	-3.79655957
35.53703022	-29.09573364	-3.79655957
37.53703022	-29.09573364	-3.79655957
39.53703022	-29.09573364	-3.79655957
41.53703022	-29.09573364	-3.79655957
43.53703022	-29.09573364	-3.79655957
45.53703022	-29.09573364	-3.79655957
47.53703022	-29.09573364	-3.79655957
49.53703022	-29.09573364	-3.79655957
51.53703022	-29.09573364	-3.79655957
53.53703022	-29.09573364	-3.79655957
55.53703022	-29.09573364	-3.79655957
57.53703022	-29.09573364	-3.79655957
59.53703022	-29.09573364	-3.79655957
61.53703022	-29.09573364	-3.79655957
63.53703022	-29.09573364	-3.79655957
65.53703022	-29.09573364	-3.79655957
67.53703022	-29.09573364	-3.79655957
69.53703022	-29.09573364	-3.79655957
71.53703022	-29.09573364	-3.79655957
73.53703022	-29.09573364	-3.79655957
75.53703022	-29.09573364	-3.79655957
77.53703022	-29.09573364	-3.79655957
79.53703022	-29.09573364	-3.79655957
81.53703022	-29.09573364	-3.79655957
83.53703022	-29.09573364	-3.79655957
85.53703022	-29.09573364	-3.79655957
87.53703022	-29.09573364	-3.79655957
89.53703022	-29.09573364	-3.79655957
91.53703022	-29.09573364	-3.79655957
93.53703022	-29.09573364	-3.79655957
95.53703022	-29.09573364	-3.79655957
97.53703022	-29.09573364	-3.79655957
99.53703022	-29.09573364	-3.79655957
101.53703022	-29.09573364	-3.79655957
103.53703022	-29.09573364	-3.79655957
105.53703022	-29.09573364	-3.79655957
107.53703022	-29.09573364	-3.79655957
109.53703022	-29.09573364	-3.79655957
111.53703022	-29.09573364	-3.79655957
113.53703022	-29.09573364	-3.78049278
115.53703022	-29.09573364	-3.77844501
117.53703022	-29.09573364	-3.78560587
119.53703022	-29.09573364	-3.78475999
121.53703022	-29.09573364	-3.79709049
123.53703022	-29.09573364	-3.78157876
125.53703022	-29.09573364	-3.77978420
127.53703022	-29.09573364	-3.77283002
129.53703022	-29.09573364	-3.77377078
131.53703022	-29.09573364	-3.76166736
133.53703022	-29.09573364	-3.76517070
135.53703022	-29.09573364	-3.73240658
137.53703022	-29.09573364	-3.75703425
139.53703022	-29.09573364	-3.70321752
141.53703022	-29.09573364	-3.76045575
143.53703022	-29.09573364	-3.74277185
145.53703022	-29.09573364	-3.76756327
147.53703022	-29.09573364	-3.75924040
149.53703022	-29.09573364	-3.76284307
151.53703022	-29.09573364	-3.76557854
153.53703022	-29.09573364	-3.76119259
155.53703022	-29.09573364	-3.77088923
157.53703022	-29.09573364	-3.74599395
159.53703022	-29.09573364	-3.77397131
161.53703022	-29.09573364	-3.76178671
163.53703022	-29.09573364	-3.79304891
165.53703022	-29.09573364	-3.78340518
167.53703022	-29.09573364	-3.80315075
169.53703022	-29.09573364	-3.78397775
171.53703022	-29.09573364	-3.84981132
173.53703022	-29.09573364	-3.85537028
175.53703022	-29.09573364	-3.85657787
177.53703022	-29.09573364	-3.80070353
179.53703022	-29.09573364	-3.82164621
181.53703022	-29.09573364	-3.76906526
183.53703022	-29.09573364	-3.73620103
185.53703022	-29.09573364	-3.75342185
187.53703022	-29.09573364	-3.74369453
189.53703022	-29.09573364	-3.75560938
191.53703022	-29.09573364	-3.75509782
193.53703022	-29.09573364	-3.76962722
195.53703022	-29.09573364	-3.77229642
197.53703022	-29.09573364	-3.78587157
199.53703022	-29.09573364	-3.79740741
201.53703022	-29.09573364	-3.78859939
203.53703022	-29.09573364	-3.79130602
205.53703022	-29.09573364	-3.77748704
207.53703022	-29.09573364	-3.72540164
209.53703022	-29.09573364	-3.69227290
211.53703022	-29.09573364	-3.69597006
213.53703022	-29.09573364	-3.69597006
215.53703022	-29.09573364	-3.69597006
217.53703022	-29.09573364	-3.69597006
219.53703022	-29.09573364	-3.69597006
221.53703022	-29.09573364	-3.69597006
223.53703022	-29.09573364	-3.69597006
225.53703022	-29.09573364	-3.69597006
227.53703022	-29.09573364	-3.69597006
229.53703022	-29.09573364	-3.69597006
231.53703022	-29.09573364	-3.69597006
233.53703022	-29.09573364	-3.69597006
235.53703022	-29.09573364	-3.69597006
237.53703022	-29.09573364	-3.69597006
239.53703022	-29.09573364	-3.69597006
241.53703022	-29.09573364	-3.69597006
243.53703022	-29.09573364	-3.69597006
245.53703022	-29.09573364	-3.69597006
247.53703022	-29.09573364	-3.69597006
249.53703022	-29.09573364	-3.69597006
251.53703022	-29.09573364	-3.69597006
253.53703022	-29.09573364	-3.69597006
255.53703022	-29.09573364	-3.69597006
257.53703022	-29.09573364	-3.69597006
259.53703022	-29.09573364	-3.69597006
261.53703022	-29.09573364	-3.69597006
263.53703022	-29.09573364	-3.69597006
265.53703022	-29.09573364	-3.69597006
267.53703022	-29.09573364	-3.69597006
269.53703022	-29.09573364	-3.69597006
271.53703022	-29.09573364	-3.69597006
273.53703022	-29.09573364	-3.69597006
275.53703022	-29.09573364	-3.69597006
277.53703022	-29.09573364	-3.69597006
279.53703022	-29.09573364	-3.69597006
281.53703022	-29.09573364	-3.69597006
-8.46296978	-27.09573364	-3.78310322
-6.46296978	-27.09573364	-3.78287103
-4.46296978	-27.09573364	-3.78232021
-2.46296978	-27.09573364	-3.78237140
-0.46296978	-27.09573364	-3.78237223
1.53703022	-27.09573364	-3.78237264
3.53703022	-27.09573364	-3.78237277
5.53703022	-27.09573364	-3.78237278
7.53703022	-27.09573364	-3.78237278
9.53703022	-27.09573364	-3.78237278
11.53703022	-27.09573364	-3.78237278
13.53703022	-27.09573364	-3.78237278
15.53703022	-27.09573364	-3.78237278
17.53703022	-27.09573364	-3.78237278
19.53703022	-27.09573364	-3.78237278
21.53703022	-27.09573364	-3.78237278
23.53703022	-27.09573364	-3.78237278
25.53703022	-27.09573364	-3.78237278
27.53703022	-27.09573364	-3.78237278
29.53703022	-27.09573364	-3.78237278
31.53703022	-27.09573364	-3.78237278
33.53703022	-27.09573364	-3.78237278
35.53703022	-27.09573364	-3.78237278
37.53703022	-27.09573364	-3.78237278
39.53703022	-27.09573364	-3.78237278
41.53703022	-27.09573364	-3.78237278
43.53703022	-27.09573364	-3.78237278
45.53703022	-27.09573364	-3.78237278
47.53703022	-27.09573364	-3.78237278
49.53703022	-27.09573364	-3.78237278
51.53703022	-27.09573364	-3.78237278
53.53703022	-27.09573364	-3.78237278
55.53703022	-27.09573364	-3.78237278
57.53703022	-27.09573364	-3.78237278
59.53703022	-27.09573364	-3.78237278
61.53703022	-27.09573364	-3.78237278
63.53703022	-27.09573364	-3.78237278
65.53703022	-27.09573364	-3.78237278
67.53703022	-27.09573364	-3.78237278
69.53703022	-27.09573364	-3.78237278
71.53703022	-27.09573364	-3.78237278
73.53703022	-27.09573364	-3.78237278
75.53703022	-27.09573364	-3.78237278
77.53703022	-27.09573364	-3.78237278
79.53703022	-27.09573364	-3.78237278
81.53703022	-27.09573364	-3.78237278
83.53703022	-27.09573364	-3.78237278
85.53703022	-27.09573364	-3.78237278
87.53703022	-27.09573364	-3.78237294
89.53703022	-27.09573364	-3.78237533
91.53703022	-27.09573364	-3.78238067
93.53703022	-27.09573364	-3.78259513
95.53703022	-27.09573364	-3.78365334
97.53703022	-27.09573364	-3.78366009
99.53703022	-27.09573364	-3.78395779
101.53703022	-27.09573364	-3.78288009
103.53703022	-27.09573364	-3.78328495
105.53703022	-27.09573364	-3.79407740
107.53703022	-27.09573364	-3.80188155
109.53703022	-27.09573364	-3.78947139
111.53703022	-27.09573364	-3.81111169
113.53703022	-27.09573364	-3.78244975
115.53703022	-27.09573364	-3.77965737
117.53703022	-27.09573364	-3.78372773
119.53703022	-27.09573364	-3.79249352
121.53703022	-27.09573364	-3.77095640
123.53703022	-27.09573364	-3.78816605
125.53703022	-27.09573364	-3.76517608
127.53703022	-27.09573364	-3.77110251
129.53703022	-27.09573364	-3.75844646
131.53703022	-27.09573364	-3.74438782
133.53703022	-27.09573364	-3.74738001
135.53703022	-27.09573364	-3.74475545
137.53703022	-27.09573364	-3.75160265
139.53703022	-27.09573364	-3.74767396
141.53703022	-27.09573364	-3.76129761
143.53703022	-27.09573364	-3.76501495
145.53703022	-27.09573364	-3.77797837
147.53703022	-27.09573364	-3.78126099
149.53703022	-27.09573364	-3.79149900
151.53703022	-27.09573364	-3.80146560
153.53703022	-27.09573364	-3.80048622
155.53703022	-27.09573364	-3.68652621
157.53703022	-27.09573364	-3.76451932
159.53703022	-27.09573364	-3.57075977
161.53703022	-27.09573364	-3.84793663
163.53703022	-27.09573364	-3.78085377
165.53703022	-27.09573364	-3.85335827
167.53703022	-27.09573364	-3.77075998
169.53703022	-27.09573364	-3.77510200
171.53703022	-27.09573364	-3.78386826
173.53703022	-27.09573364	-3.81033520
175.53703022	-27.09573364	-3.81687861
177.53703022	-27.09573364	-3.83989310
179.53703022	-27.09573364	-3.81657100
181.53703022	-27.09573364	-3.77686603
183.53703022	-27.09573364	-3.77357354
185.53703022	-27.09573364	-3.76397546
187.53703022	-27.09573364	-3.76527944
189.53703022	-27.09573364	-3.76181562
191.53703022	-27.09573364	-3.76763478
193.53703022	-27.09573364	-3.76906652
195.53703022	-27.09573364	-3.77001892
197.53703022	-27.09573364	-3.77665399
199.53703022	-27.09573364	-3.77043570
201.53703022	-27.09573364	-3.76555505
203.53703022	-27.09573364	-3.76006441
205.53703022	-27.09573364	-3.75522447
207.53703022	-27.09573364	-3.73923945
209.53703022	-27.09573364	-3.73264384
211.53703022	-27.09573364	-3.69994707
213.53703022	-27.09573364	-3.69999299
215.53703022	-27.09573364	-3.70000817
217.53703022	-27.09573364	-3.69992815
219.53703022	-27.09573364	-3.69992811
221.53703022	-27.09573364	-3.69992811
223.53703022	-27.09573364	-3.69992811
225.53703022	-27.09573364	-3.69992811
227.53703022	-27.09573364	-3.69992811
229.53703022	-27.09573364	-3.69992811
231.53703022	-27.09573364	-3.69992811
233.53703022	-27.09573364	-3.69992811
235.53703022	-27.09573364	-3.69992811
237.53703022	-27.09573364	-3.69992811
239.53703022	-27.09573364	-3.69992811
241.53703022	-27.09573364	-3.69992811
243.53703022	-27.09573364	-3.69992811
245.53703022	-27.09573364	-3.69992811
247.53703022	-27.09573364	-3.69992811
249.53703022	-27.09573364	-3.69992811
251.53703022	-27.09573364	-3.69992811
253.53703022	-27.09573364	-3.69992811
255.53703022	-27.09573364	-3.69992811
257.53703022	-27.09573364	-3.69992811
259.53703022	-27.09573364	-3.69992811
261.53703022	-27.09573364	-3.69992811
263.53703022	-27.09573364	-3.69992811
265.53703022	-27.09573364	-3.69992811
267.53703022	-27.09573364	-3.69992811
269.53703022	-27.09573364	-3.69992811
271.53703022	-27.09573364	-3.69992811
273.53703022	-27.09573364	-3.69992810
275.53703022	-27.09573364	-3.69992808
277.53703022	-27.09573364	-3.69992801
279.53703022	-27.09573364	-3.69995257
281.53703022	-27.09573364	-3.70416204
-8.46296978	-25.09573364	-3.72543788
-6.46296978	-25.09573364	-3.72543788
-4.46296978	-25.09573364	-3.72543788
-2.46296978	-25.09573364	-3.72543788
-0.46296978	-25.09573364	-3.72543788
1.53703022	-25.09573364	-3.72543788
3.53703022	-25.09573364	-3.72543788
5.53703022	-25.09573364	-3.72543788
7.53703022	-25.09573364	-3.72543788
9.53703022	-25.09573364	-3.72543788
11.53703022	-25.09573364	-3.72543788
13.53703022	-25.09573364	-3.72543788
15.53703022	-25.09573364	-3.72543788
17.53703022	-25.09573364	-3.72543788
19.53703022	-25.09573364	-3.72543788
21.53703022	-25.09573364	-3.72543788
23.53703022	-25.09573364	-3.72543788
25.53703022	-25.09573364	-3.72543788
27.53703022	-25.09573364	-3.72543788
29.53703022	-25.09573364	-3.72543788
31.53703022	-25.09573364	-3.72543788
33.53703022	-25.09573364	-3.72543788
35.53703022	-25.09573364	-3.72543788
37.53703022	-25.09573364	-3.72543788
39.53703022	-25.09573364	-3.72543788
41.53703022	-25.09573364	-3.72543788
43.53703022	-25.09573364	-3.72543788
45.53703022	-25.09573364	-3.72543788
47.53703022	-25.09573364	-3.72543788
49.53703022	-25.09573364	-3.72543788
51.53703022	-25.09573364	-3.72543788
53.53703022	-25.09573364	-3.72543788
55.53703022	-25.09573364	-3.72543788
57.53703022	-25.09573364	-3.72543788
59.53703022	-25.09573364	-3.72543788
61.53703022	-25.09573364	-3.72543788
63.53703022	-25.09573364	-3.72543788
65.53703022	-25.09573364	-3.72543788
67.53703022	-25.09573364	-3.72543788
69.53703022	-25.09573364	-3.72543788
71.53703022	-25.09573364	-3.72543788
73.53703022	-25.09573364	-3.72543788
75.53703022	-25.09573364	-3.72543788
77.53703022	-25.09573364	-3.72543788
79.53703022	-25.09573364	-3.72543788
81.53703022	-25.09573364	-3.72543788
83.53703022	-25.09573364	-3.72543788
85.53703022	-25.09573364	-3.72543788
87.53703022	-25.09573364	-3.72543788
89.53703022	-25.09573364	-3.72543788
91.53703022	-25.09573364	-3.72543788
93.53703022	-25.09573364	-3.72543788
95.53703022	-25.09573364	-3.72543788
97.53703022	-25.09573364	-3.72543788
99.53703022	-25.09573364	-3.72543788
101.53703022	-25.09573364	-3.78725952
103.53703022	-25.09573364	-3.79358257
105.53703022	-25.09573364	-3.80329800
107.53703022	-25.09573364	-3.79490852
109.53703022	-25.09573364	-3.80723882
111.53703022	-25.09573364	-3.78560424
113.53703022	-25.09573364	-3.75485754
115.53703022	-25.09573364	-3.77140758
117.53703022	-25.09573364	-3.76560801
119.53703022	-25.09573364	-3.76277606
121.53703022	-25.09573364	-3.76000397
123.53703022	-25.09573364	-3.75555694
125.53703022	-25.09573364	-3.75061340
127.53703022	-25.09573364	-3.75035119
129.53703022	-25.09573364	-3.74980779
131.53703022	-25.09573364	-3.74882748
133.53703022	-25.09573364	-3.74690850
135.53703022	-25.09573364	-3.74522274
137.53703022	-25.09573364	-3.74638106
139.53703022	-25.09573364	-3.74654738
141.53703022	-25.09573364	-3.75216237
143.53703022	-25.09573364	-3.76028368
145.53703022	-25.09573364	-3.76808051
147.53703022	-25.09573364	-3.77713548
149.53703022	-25.09573364	-3.77814557
151.53703022	-25.09573364	-3.78390107
153.53703022	-25.09573364	-3.78098942
155.53703022	-25.09573364	-3.84535456
157.53703022	-25.09573364	-3.82067680
159.53703022	-25.09573364	-3.85888696
161.53703022	-25.09573364	-3.86512566
163.53703022	-25.09573364	-3.86888623
165.53703022	-25.09573364	-3.83242286
167.53703022	-25.09573364	-3.81242664
169.53703022	-25.09573364	-3.79632295
171.53703022	-25.09573364	-3.81536147
173.53703022	-25.09573364	-3.72279310
175.53703022	-25.09573364	-3.79897332
177.53703022	-25.09573364	-3.81973501
179.53703022	-25.09573364	-3.71652341
181.53703022	-25.09573364	-3.78317746
183.53703022	-25.09573364	-3.76802371
185.53703022	-25.09573364	-3.75912961
187.53703022	-25.09573364	-3.75541681
189.53703022	-25.09573364	-3.75545447
191.53703022	-25.09573364	-3.75811568
193.53703022	-25.09573364	-3.76407951
195.53703022	-25.09573364	-3.76574184
197.53703022	-25.09573364	-3.77602481
199.53703022	-25.09573364	-3.77891501
201.53703022	-25.09573364	-3.77914919
203.53703022	-25.09573364	-3.76090178
205.53703022	-25.09573364	-3.74302363
207.53703022	-25.09573364	-3.74721432
209.53703022	-25.09573364	-3.76278782
211.53703022	-25.09573364	-3.78822017
213.53703022	-25.09573364	-3.71122289
215.53703022	-25.09573364	-3.71122289
217.53703022	-25.09573364	-3.71122289
219.53703022	-25.09573364	-3.71122289
221.53703022	-25.09573364	-3.71122289
223.53703022	-25.09573364	-3.71122289
225.53703022	-25.09573364	-3.71122289
227.53703022	-25.09573364	-3.71122289
229.53703022	-25.09573364	-3.71122289
231.53703022	-25.09573364	-3.71122289
233.53703022	-25.09573364	-3.71122289
235.53703022	-25.09573364	-3.71122289
237.53703022	-25.09573364	-3.71122289
239.53703022	-25.09573364	-3.71122289
241.53703022	-25.09573364	-3.71122289
243.53703022	-25.09573364	-3.71122289
245.53703022	-25.09573364	-3.71122289
247.53703022	-25.09573364	-3.71122289
249.53703022	-25.09573364	-3.71122289
251.53703022	-25.09573364	-3.71122289
253.53703022	-25.09573364	-3.71122289
255.53703022	-25.09573364	-3.71122289
257.53703022	-25.09573364	-3.71122289
259.53703022	-25.09573364	-3.71122289
261.53703022	-25.09573364	-3.71122289
263.53703022	-25.09573364	-3.71122289
265.53703022	-25.09573364	-3.71122289
267.53703022	-25.09573364	-3.71122289
269.53703022	-25.09573364	-3.71122289
271.53703022	-25.09573364	-3.71122289
273.53703022	-25.09573364	-3.71122289
275.53703022	-25.09573364	-3.71122289
277.53703022	-25.09573364	-3.71122289
279.53703022	-25.09573364	-3.71122289
281.53703022	-25.09573364	-3.71122289
-8.46296978	-23.09573364	-3.82375836
-6.46296978	-23.09573364	-3.82375836
-4.46296978	-23.09573364	-3.82375836
-2.46296978	-23.09573364	-3.82375836
-0.46296978	-23.09573364	-3.82375836
1.53703022	-23.09573364	-3.82375836
3.53703022	-23.09573364	-3.82375836
5.53703022	-23.09573364	-3.82375836
7.53703022	-23.09573364	-3.82375836
9.53703022	-23.09573364	-3.82375836
11.53703022	-23.09573364	-3.82375836
13.53703022	-23.09573364	-3.82375836
15.53703022	-23.09573364	-3.82375836
17.53703022	-23.09573364	-3.82375836
19.53703022	-23.09573364	-3.82375836
21.53703022	-23.09573364	-3.82375836
23.53703022	-23.09573364	-3.82375836
25.53703022	-23.09573364	-3.82375836
27.53703022	-23.09573364	-3.82375836
29.53703022	-23.09573364	-3.82375836
31.53703022	-23.09573364	-3.82375836
33.53703022	-23.09573364	-3.82375836
35.53703022	-23.09573364	-3.82375836
37.53703022	-23.09573364	-3.82375836
39.53703022	-23.09573364	-3.82375836
41.53703022	-23.09573364	-3.82375836
43.53703022	-23.09573364	-3.82375836
45.53703022	-23.09573364	-3.82375836
47.53703022	-23.09573364	-3.82375836
49.53703022	-23.09573364	-3.82375836
51.53703022	-23.09573364	-3.82375836
53.53703022	-23.09573364	-3.82375836
55.53703022	-23.09573364	-3.82375836
57.53703022	-23.09573364	-3.82375836
59.53703022	-23.09573364	-3.82375836
61.53703022	-23.09573364	-3.82375836
63.53703022	-23.09573364	-3.82375836
65.53703022	-23.09573364	-3.82375836
67.53703022	-23.09573364	-3.82375836
69.53703022	-23.09573364	-3.82375836
71.53703022	-23.09573364	-3.82375836
73.53703022	-23.09573364	-3.82375836
75.53703022	-23.09573364	-3.82375836
77.53703022	-23.09573364	-3.82375836
79.53703022	-23.09573364	-3.82375836
81.53703022	-23.09573364	-3.82375836
83.53703022	-23.09573364	-3.82375836
85.53703022	-23.09573364	-3.82375836
87.53703022	-23.09573364	-3.82375836
89.53703022	-23.09573364	-3.82375836
91.53703022	-23.09573364	-3.82375836
93.53703022	-23.09573364	-3.82375836
95.53703022	-23.09573364	-3.82375836
97.53703022	-23.09573364	-3.80480025
99.53703022	-23.09573364	-3.84817767
101.53703022	-23.09573364	-3.82984591
103.53703022	-23.09573364	-3.82144833
105.53703022	-23.09573364	-3.78801943
107.53703022	-23.09573364	-3.79998682
109.53703022	-23.09573364	-3.78274860
111.53703022	-23.09573364	-3.79399910
113.53703022	-23.09573364	-3.77294090
115.53703022	-23.09573364	-3.77258741
117.53703022	-23.09573364	-3.76399188
119.53703022	-23.09573364	-3.76302265
121.53703022	-23.09573364	-3.75551931
123.53703022	-23.09573364	-3.75453659
125.53703022	-23.09573364	-3.75119368
127.53703022	-23.09573364	-3.73810195
129.53703022	-23.09573364	-3.74727105
131.53703022	-23.09573364	-3.74255098
133.53703022	-23.09573364	-3.74603548
135.53703022	-23.09573364	-3.74454459
137.53703022	-23.09573364	-3.74955195
139.53703022	-23.09573364	-3.74842128
141.53703022	-23.09573364	-3.76001907
143.53703022	-23.09573364	-3.75509285
145.53703022	-23.09573364	-3.77325150
147.53703022	-23.09573364	-3.77690647
149.53703022	-23.09573364	-3.79270511
151.53703022	-23.09573364	-3.85025311
153.53703022	-23.09573364	-3.82152796
155.53703022	-23.09573364	-3.84524179
157.53703022	-23.09573364	-3.85358167
159.53703022	-23.09573364	-3.88836074
161.53703022	-23.09573364	-3.83259575
163.53703022	-23.09573364	-3.72903180
165.53703022	-23.09573364	-3.82797821
167.53703022	-23.09573364	-3.76111020
169.53703022	-23.09573364	-3.63912320
171.53703022	-23.09573364	-3.69978309
173.53703022	-23.09573364	-3.69430685
175.53703022	-23.09573364	-3.69108319
177.53703022	-23.09573364	-3.71804404
179.53703022	-23.09573364	-3.83953953
181.53703022	-23.09573364	-3.78057736
183.53703022	-23.09573364	-3.77976557
185.53703022	-23.09573364	-3.76675498
187.53703022	-23.09573364	-3.76754011
189.53703022	-23.09573364	-3.76372044
191.53703022	-23.09573364	-3.76885512
193.53703022	-23.09573364	-3.76781915
195.53703022	-23.09573364	-3.77548961
197.53703022	-23.09573364	-3.77681532
199.53703022	-23.09573364	-3.77168844
201.53703022	-23.09573364	-3.80700898
203.53703022	-23.09573364	-3.77623844
205.53703022	-23.09573364	-3.75936055
207.53703022	-23.09573364	-3.76679564
209.53703022	-23.09573364	-3.76948190
211.53703022	-23.09573364	-3.78755331
213.53703022	-23.09573364	-3.74037004
215.53703022	-23.09573364	-3.74037004
217.53703022	-23.09573364	-3.74037004
219.53703022	-23.09573364	-3.74037004
221.53703022	-23.09573364	-3.74037004
223.53703022	-23.09573364	-3.74037004
225.53703022	-23.09573364	-3.74037004
227.53703022	-23.09573364	-3.74037004
229.53703022	-23.09573364	-3.74037004
231.53703022	-23.09573364	-3.74037004
233.53703022	-23.09573364	-3.74037004
235.53703022	-23.09573364	-3.74037004
237.53703022	-23.09573364	-3.74037004
239.53703022	-23.09573364	-3.74037004
241.53703022	-23.09573364	-3.74037004
243.53703022	-23.09573364	-3.74037004
245.53703022	-23.09573364	-3.74037004
247.53703022	-23.09573364	-3.74037004
249.53703022	-23.09573364	-3.74037004
251.53703022	-23.09573364	-3.74037004
253.53703022	-23.09573364	-3.74037004
255.53703022	-23.09573364	-3.74037004
257.53703022	-23.09573364	-3.74037004
259.53703022	-23.09573364	-3.74037004
261.53703022	-23.09573364	-3.74037004
263.53703022	-23.09573364	-3.74037004
265.53703022	-23.09573364	-3.74037004
267.53703022	-23.09573364	-3.74037004
269.53703022	-23.09573364	-3.74037004
271.53703022	-23.09573364	-3.74037004
273.53703022	-23.09573364	-3.74037004
275.53703022	-23.09573364	-3.74037004
277.53703022	-23.09573364	-3.74037004
279.53703022	-23.09573364	-3.74037004
281.53703022	-23.09573364	-3.74037004
-8.46296978	-21.09573364	-3.79794979
-6.46296978	-21.09573364	-3.79794979
-4.46296978	-21.09573364	-3.79794979
-2.46296978	-21.09573364	-3.79794979
-0.46296978	-21.09573364	-3.79794979
1.53703022	-21.09573364	-3.79794979
3.53703022	-21.09573364	-3.79794979
5.53703022	-21.09573364	-3.79794979
7.53703022	-21.09573364	-3.79794979
9.53703022	-21.09573364	-3.79794979
11.53703022	-21.09573364	-3.79794979
13.53703022	-21.09573364	-3.79794979
15.53703022	-21.09573364	-3.79794979
17.53703022	-21.09573364	-3.79794979
19.53703022	-21.09573364	-3.79794979
21.53703022	-21.09573364	-3.79794979
23.53703022	-21.09573364	-3.79794979
25.53703022	-21.09573364	-3.79794979
27.53703022	-21.09573364	-3.79794979
29.53703022	-21.09573364	-3.79794979
31.53703022	-21.09573364	-3.79794979
33.53703022	-21.09573364	-3.79794979
35.53703022	-21.09573364	-3.79794979
37.53703022	-21.09573364	-3.79794979
39.53703022	-21.09573364	-3.79794979
41.53703022	-21.09573364	-3.79794979
43.53703022	-21.09573364	-3.79794979
45.53703022	-21.09573364	-3.79794979
47.53703022	-21.09573364	-3.79794979
49.53703022	-21.09573364	-3.79794979
51.53703022	-21.09573364	-3.79794979
53.53703022	-21.09573364	-3.79794979
55.53703022	-21.09573364	-3.79794979
57.53703022	-21.09573364	-3.79794979
59.53703022	-21.09573364	-3.79794979
61.53703022	-21.09573364	-3.79794979
63.53703022	-21.09573364	-3.79794979
65.53703022	-21.09573364	-3.79794979
67.53703022	-21.09573364	-3.79794979
69.53703022	-21.09573364	-3.79794979
71.53703022	-21.09573364	-3.79794979
73.53703022	-21.09573364	-3.79794979
75.53703022	-21.09573364	-3.79794979
77.53703022	-21.09573364	-3.79794979
79.53703022	-21.09573364	-3.79794979
81.53703022	-21.09573364	-3.79794979
83.53703022	-21.09573364	-3.79794979
85.53703022	-21.09573364	-3.79794979
87.53703022	-21.09573364	-3.79794979
89.53703022	-21.09573364	-3.79794979
91.53703022	-21.09573364	-3.79794979
93.53703022	-21.09573364	-3.82851434
95.53703022	-21.09573364	-3.83704805
97.53703022	-21.09573364	-3.84610987
99.53703022	-21.09573364	-3.83847737
101.53703022	-21.09573364	-3.81581020
103.53703022	-21.09573364	-3.81594045
105.53703022	-21.09573364	-3.80415416
107.53703022	-21.09573364	-3.78883050
109.53703022	-21.09573364	-3.78473052
111.53703022	-21.09573364	-3.77559133
113.53703022	-21.09573364	-3.77188418
115.53703022	-21.09573364	-3.77114304
117.53703022	-21.09573364	-3.76873285
119.53703022	-21.09573364	-3.76809437
121.53703022	-21.09573364	-3.76779111
123.53703022	-21.09573364	-3.77012590
125.53703022	-21.09573364	-3.77443575
127.53703022	-21.09573364	-3.77705667
129.53703022	-21.09573364	-3.78101315
131.53703022	-21.09573364	-3.78550810
133.53703022	-21.09573364	-3.79605189
135.53703022	-21.09573364	-3.80200919
137.53703022	-21.09573364	-3.77935675
139.53703022	-21.09573364	-3.80895915
141.53703022	-21.09573364	-3.80165151
143.53703022	-21.09573364	-3.83286253
145.53703022	-21.09573364	-3.69551587
147.53703022	-21.09573364	-3.82162929
149.53703022	-21.09573364	-3.82552052
151.53703022	-21.09573364	-3.85582638
153.53703022	-21.09573364	-3.86310267
155.53703022	-21.09573364	-3.88166213
157.53703022	-21.09573364	-3.74411568
159.53703022	-21.09573364	-3.73538367
161.53703022	-21.09573364	-3.66490364
163.53703022	-21.09573364	-3.71786194
165.53703022	-21.09573364	-3.72688484
167.53703022	-21.09573364	-3.71275759
169.53703022	-21.09573364	-3.70657933
171.53703022	-21.09573364	-3.73108077
173.53703022	-21.09573364	-3.73298359
175.53703022	-21.09573364	-3.70796347
177.53703022	-21.09573364	-3.70173383
179.53703022	-21.09573364	-3.73719120
181.53703022	-21.09573364	-3.78903606
183.53703022	-21.09573364	-3.80963468
185.53703022	-21.09573364	-3.81559897
187.53703022	-21.09573364	-3.82566309
189.53703022	-21.09573364	-3.82643806
191.53703022	-21.09573364	-3.81095954
193.53703022	-21.09573364	-3.81453156
195.53703022	-21.09573364	-3.79744432
197.53703022	-21.09573364	-3.79668196
199.53703022	-21.09573364	-3.78715224
201.53703022	-21.09573364	-3.79933834
203.53703022	-21.09573364	-3.79068398
205.53703022	-21.09573364	-3.76452017
207.53703022	-21.09573364	-3.77371383
209.53703022	-21.09573364	-3.78162909
211.53703022	-21.09573364	-3.77390432
213.53703022	-21.09573364	-3.51095581
215.53703022	-21.09573364	-3.74786748
217.53703022	-21.09573364	-3.72842069
219.53703022	-21.09573364	-3.72078064
221.53703022	-21.09573364	-3.72344790
223.53703022	-21.09573364	-3.71647580
225.53703022	-21.09573364	-3.71868018
227.53703022	-21.09573364	-3.71498928
229.53703022	-21.09573364	-3.71503471
231.53703022	-21.09573364	-3.71298014
233.53703022	-21.09573364	-3.71256576
235.53703022	-21.09573364	-3.71176743
237.53703022	-21.09573364	-3.71150310
239.53703022	-21.09573364	-3.71129884
241.53703022	-21.09573364	-3.71103926
243.53703022	-21.09573364	-3.71099252
245.53703022	-21.09573364	-3.71228161
247.53703022	-21.09573364	-3.71075353
249.53703022	-21.09573364	-3.71264518
251.53703022	-21.09573364	-3.71067637
253.53703022	-21.09573364	-3.71129568
255.53703022	-21.09573364	-3.71086750
257.53703022	-21.09573364	-3.71121870
259.53703022	-21.09573364	-3.71132506
261.53703022	-21.09573364	-3.71168148
263.53703022	-21.09573364	-3.71161357
265.53703022	-21.09573364	-3.71295835
267.53703022	-21.09573364	-3.71313726
269.53703022	-21.09573364	-3.71387501
271.53703022	-21.09573364	-3.71418889
273.53703022	-21.09573364	-3.71392082
275.53703022	-21.09573364	-3.71377820
277.53703022	-21.09573364	-3.71366128
279.53703022	-21.09573364	-3.71604214
281.53703022	-21.09573364	-3.71173464
-8.46296978	-19.09573364	-3.81629443
-6.46296978	-19.09573364	-3.81629443
-4.46296978	-19.09573364	-3.81629443
-2.46296978	-19.09573364	-3.81629443
-0.46296978	-19.09573364	-3.81629443
1.53703022	-19.09573364	-3.81629443
3.53703022	-19.09573364	-3.81629443
5.53703022	-19.09573364	-3.81629443
7.53703022	-19.09573364	-3.81629443
9.53703022	-19.09573364	-3.81629443
11.53703022	-19.09573364	-3.81629443
13.53703022	-19.09573364	-3.81629443
15.53703022	-19.09573364	-3.81629443
17.53703022	-19.09573364	-3.81629443
19.53703022	-19.09573364	-3.81629443
21.53703022	-19.09573364	-3.81629443
23.53703022	-19.09573364	-3.81629443
25.53703022	-19.09573364	-3.81629443
27.53703022	-19.09573364	-3.81629443
29.53703022	-19.09573364	-3.81629443
31.53703022	-19.09573364	-3.81629443
33.53703022	-19.09573364	-3.81629443
35.53703022	-19.09573364	-3.81629443
37.53703022	-19.09573364	-3.81629443
39.53703022	-19.09573364	-3.81629443
41.53703022	-19.09573364	-3.81629443
43.53703022	-19.09573364	-3.81629443
45.53703022	-19.09573364	-3.81629443
47.53703022	-19.09573364	-3.81629443
49.53703022	-19.09573364	-3.81629443
51.53703022	-19.09573364	-3.81629443
53.53703022	-19.09573364	-3.81629443
55.53703022	-19.09573364	-3.81629443
57.53703022	-19.09573364	-3.81629443
59.53703022	-19.09573364	-3.81629443
61.53703022	-19.09573364	-3.81629443
63.53703022	-19.09573364	-3.81629443
65.53703022	-19.09573364	-3.81629443
67.53703022	-19.09573364	-3.81629443
69.53703022	-19.09573364	-3.81629443
71.53703022	-19.09573364	-3.81629443
73.53703022	-19.09573364	-3.81629443
75.53703022	-19.09573364	-3.81629443
77.53703022	-19.09573364	-3.81629443
79.53703022	-19.09573364	-3.81629443
81.53703022	-19.09573364	-3.81629443
83.53703022	-19.09573364	-3.81629443
85.53703022	-19.09573364	-3.81629443
87.53703022	-19.09573364	-3.81629443
89.53703022	-19.09573364	-3.81629443
91.53703022	-19.09573364	-3.83446002
93.53703022	-19.09573364	-3.84727168
95.53703022	-19.09573364	-3.84894061
97.53703022	-19.09573364	-3.84264350
99.53703022	-19.09573364	-3.85775542
101.53703022	-19.09573364	-3.82847023
103.53703022	-19.09573364	-3.62783384
105.53703022	-19.09573364	-3.76521879
107.53703022	-19.09573364	-3.76297743
109.53703022	-19.09573364	-3.76844319
111.53703022	-19.09573364	-3.76872946
113.53703022	-19.09573364	-3.76795707
115.53703022	-19.09573364	-3.76522647
117.53703022	-19.09573364	-3.76519625
119.53703022	-19.09573364	-3.76242020
121.53703022	-19.09573364	-3.76299216
123.53703022	-19.09573364	-3.76428966
125.53703022	-19.09573364	-3.77315309
127.53703022	-19.09573364	-3.77045439
129.53703022	-19.09573364	-3.77722148
131.53703022	-19.09573364	-3.78039709
133.53703022	-19.09573364	-3.79757775
135.53703022	-19.09573364	-3.80064511
137.53703022	-19.09573364	-3.80411159
139.53703022	-19.09573364	-3.79742238
141.53703022	-19.09573364	-3.79364834
143.53703022	-19.09573364	-3.71278572
145.53703022	-19.09573364	-3.83464670
147.53703022	-19.09573364	-3.83267474
149.53703022	-19.09573364	-3.88445783
151.53703022	-19.09573364	-3.86773992
153.53703022	-19.09573364	-3.80479207
155.53703022	-19.09573364	-3.78135720
157.53703022	-19.09573364	-3.76294471
159.53703022	-19.09573364	-3.71091318
161.53703022	-19.09573364	-3.71719909
163.53703022	-19.09573364	-3.74906683
165.53703022	-19.09573364	-3.74948549
167.53703022	-19.09573364	-3.72991180
169.53703022	-19.09573364	-3.72069960
171.53703022	-19.09573364	-3.72709703
173.53703022	-19.09573364	-3.70774674
175.53703022	-19.09573364	-3.70650291
177.53703022	-19.09573364	-3.70872593
179.53703022	-19.09573364	-3.72090578
181.53703022	-19.09573364	-3.88137007
183.53703022	-19.09573364	-3.84443801
185.53703022	-19.09573364	-3.85306760
187.53703022	-19.09573364	-3.84514189
189.53703022	-19.09573364	-3.83109856
191.53703022	-19.09573364	-3.81871053
193.53703022	-19.09573364	-3.80665372
195.53703022	-19.09573364	-3.81253136
197.53703022	-19.09573364	-3.80811909
199.53703022	-19.09573364	-3.80968189
201.53703022	-19.09573364	-3.78567834
203.53703022	-19.09573364	-3.76373347
205.53703022	-19.09573364	-3.65367699
207.53703022	-19.09573364	-3.78859542
209.53703022	-19.09573364	-3.78971362
211.53703022	-19.09573364	-3.78830457
213.53703022	-19.09573364	-3.74856821
215.53703022	-19.09573364	-3.74788547
217.53703022	-19.09573364	-3.73913064
219.53703022	-19.09573364	-3.73658990
221.53703022	-19.09573364	-3.72907433
223.53703022	-19.09573364	-3.72506783
225.53703022	-19.09573364	-3.72009200
227.53703022	-19.09573364	-3.71689237
229.53703022	-19.09573364	-3.71393591
231.53703022	-19.09573364	-3.71213727
233.53703022	-19.09573364	-3.71080781
235.53703022	-19.09573364	-3.71022702
237.53703022	-19.09573364	-3.70960634
239.53703022	-19.09573364	-3.70940949
241.53703022	-19.09573364	-3.70928837
243.53703022	-19.09573364	-3.70947904
245.53703022	-19.09573364	-3.70905560
247.53703022	-19.09573364	-3.70942797
249.53703022	-19.09573364	-3.70889741
251.53703022	-19.09573364	-3.70906890
253.53703022	-19.09573364	-3.70899282
255.53703022	-19.09573364	-3.70896117
257.53703022	-19.09573364	-3.70898874
259.53703022	-19.09573364	-3.70915390
261.53703022	-19.09573364	-3.70968564
263.53703022	-19.09573364	-3.71099335
265.53703022	-19.09573364	-3.71148525
267.53703022	-19.09573364	-3.71119847
269.53703022	-19.09573364	-3.71109352
271.53703022	-19.09573364	-3.71003215
273.53703022	-19.09573364	-3.70979431
275.53703022	-19.09573364	-3.70956838
277.53703022	-19.09573364	-3.71005622
279.53703022	-19.09573364	-3.71031703
281.53703022	-19.09573364	-3.71290211
-8.46296978	-17.09573364	-3.83577347
-6.46296978	-17.09573364	-3.83577347
-4.46296978	-17.09573364	-3.83577347
-2.46296978	-17.09573364	-3.83577347
-0.46296978	-17.09573364	-3.83577347
1.53703022	-17.09573364	-3.83577347
3.53703022	-17.09573364	-3.83577347
5.53703022	-17.09573364	-3.83577347
7.53703022	-17.09573364	-3.83577347
9.53703022	-17.09573364	-3.83577347
11.53703022	-17.09573364	-3.83577347
13.53703022	-17.09573364	-3.83577347
15.53703022	-17.09573364	-3.83577347
17.53703022	-17.09573364	-3.83577347
19.53703022	-17.09573364	-3.83577347
21.53703022	-17.09573364	-3.83577347
23.53703022	-17.09573364	-3.83577347
25.53703022	-17.09573364	-3.83577347
27.53703022	-17.09573364	-3.83577347
29.53703022	-17.09573364	-3.83577347
31.53703022	-17.09573364	-3.83577347
33.53703022	-17.09573364	-3.83577347
35.53703022	-17.09573364	-3.83577347
37.53703022	-17.09573364	-3.83577347
39.53703022	-17.09573364	-3.83577347
41.53703022	-17.09573364	-3.83577347
43.53703022	-17.09573364	-3.83577347
45.53703022	-17.09573364	-3.83577347
47.53703022	-17.09573364	-3.83577347
49.53703022	-17.09573364	-3.83577347
51.53703022	-17.09573364	-3.83577347
53.53703022	-17.09573364	-3.83577347
55.53703022	-17.09573364	-3.83577347
57.53703022	-17.09573364	-3.83577347
59.53703022	-17.09573364	-3.83577347
61.53703022	-17.09573364	-3.83577347
63.53703022	-17.09573364	-3.83577347
65.53703022	-17.09573364	-3.83577347
67.53703022	-17.09573364	-3.83577347
69.53703022	-17.09573364	-3.83577347
71.53703022	-17.09573364	-3.83577347
73.53703022	-17.09573364	-3.83577347
75.53703022	-17.09573364	-3.83577347
77.53703022	-17.09573364	-3.83577347
79.53703022	-17.09573364	-3.83577347
81.53703022	-17.09573364	-3.83577347
83.53703022	-17.09573364	-3.83577347
85.53703022	-17.09573364	-3.83577347
87.53703022	-17.09573364	-3.82488871
89.53703022	-17.09573364	-3.83279228
91.53703022	-17.09573364	-3.82613301
93.53703022	-17.09573364	-3.84710908
95.53703022	-17.09573364	-3.85801387
97.53703022	-17.09573364	-3.87833333
99.53703022	-17.09573364	-3.88071704
101.53703022	-17.09573364	-3.85659647
103.53703022	-17.09573364	-3.76554695
105.53703022	-17.09573364	-3.77548705
107.53703022	-17.09573364	-3.77758158
109.53703022	-17.09573364	-3.77578019
111.53703022	-17.09573364	-3.77272667
113.53703022	-17.09573364	-3.77175696
115.53703022	-17.09573364	-3.76973241
117.53703022	-17.09573364	-3.76742328
119.53703022	-17.09573364	-3.76850025
121.53703022	-17.09573364	-3.76997556
123.53703022	-17.09573364	-3.77601762
125.53703022	-17.09573364	-3.77978952
127.53703022	-17.09573364	-3.79093276
129.53703022	-17.09573364	-3.78503345
131.53703022	-17.09573364	-3.80030287
133.53703022	-17.09573364	-3.80422634
135.53703022	-17.09573364	-3.81260052
137.53703022	-17.09573364	-3.79201542
139.53703022	-17.09573364	-3.80862281
141.53703022	-17.09573364	-3.78303528
143.53703022	-17.09573364	-3.82267690
145.53703022	-17.09573364	-3.83181167
147.53703022	-17.09573364	-3.85548759
149.53703022	-17.09573364	-3.80895681
151.53703022	-17.09573364	-3.80772454
153.53703022	-17.09573364	-3.79091901
155.53703022	-17.09573364	-3.78659253
157.53703022	-17.09573364	-3.72763727
159.53703022	-17.09573364	-3.70098081
161.53703022	-17.09573364	-3.71210527
163.53703022	-17.09573364	-3.68549991
165.53703022	-17.09573364	-3.74922776
167.53703022	-17.09573364	-3.72019958
169.53703022	-17.09573364	-3.71775079
171.53703022	-17.09573364	-3.72282147
173.53703022	-17.09573364	-3.68646479
175.53703022	-17.09573364	-3.67845750
177.53703022	-17.09573364	-3.54782057
179.53703022	-17.09573364	-3.68611217
181.53703022	-17.09573364	-3.74669909
183.53703022	-17.09573364	-3.84661937
185.53703022	-17.09573364	-3.87078881
187.53703022	-17.09573364	-3.83212265
189.53703022	-17.09573364	-3.82331532
191.53703022	-17.09573364	-3.81500502
193.53703022	-17.09573364	-3.81002957
195.53703022	-17.09573364	-3.80011591
197.53703022	-17.09573364	-3.81604075
199.53703022	-17.09573364	-3.78574900
201.53703022	-17.09573364	-3.77702906
203.53703022	-17.09573364	-3.78074702
205.53703022	-17.09573364	-3.77237852
207.53703022	-17.09573364	-3.79150654
209.53703022	-17.09573364	-3.82119322
211.53703022	-17.09573364	-3.79451275
213.53703022	-17.09573364	-3.72865748
215.53703022	-17.09573364	-3.73265020
217.53703022	-17.09573364	-3.73120904
219.53703022	-17.09573364	-3.72409789
221.53703022	-17.09573364	-3.72321263
223.53703022	-17.09573364	-3.71792127
225.53703022	-17.09573364	-3.71682776
227.53703022	-17.09573364	-3.71394283
229.53703022	-17.09573364	-3.71294818
231.53703022	-17.09573364	-3.71150750
233.53703022	-17.09573364	-3.71093124
235.53703022	-17.09573364	-3.71040929
237.53703022	-17.09573364	-3.71013317
239.53703022	-17.09573364	-3.70998311
241.53703022	-17.09573364	-3.71001693
243.53703022	-17.09573364	-3.70986679
245.53703022	-17.09573364	-3.71040548
247.53703022	-17.09573364	-3.70974087
249.53703022	-17.09573364	-3.71030961
251.53703022	-17.09573364	-3.70962637
253.53703022	-17.09573364	-3.70987245
255.53703022	-17.09573364	-3.70975923
257.53703022	-17.09573364	-3.70996934
259.53703022	-17.09573364	-3.71016721
261.53703022	-17.09573364	-3.71117068
263.53703022	-17.09573364	-3.71173989
265.53703022	-17.09573364	-3.71189718
267.53703022	-17.09573364	-3.71177195
269.53703022	-17.09573364	-3.71101973
271.53703022	-17.09573364	-3.71066345
273.53703022	-17.09573364	-3.70996544
275.53703022	-17.09573364	-3.70930736
277.53703022	-17.09573364	-3.70776535
279.53703022	-17.09573364	-3.70971900
281.53703022	-17.09573364	-3.70482172
-8.46296978	-15.09573364	-3.85808325
-6.46296978	-15.09573364	-3.85808325
-4.46296978	-15.09573364	-3.85808325
-2.46296978	-15.09573364	-3.85808325
-0.46296978	-15.09573364	-3.85808325
1.53703022	-15.09573364	-3.85808325
3.53703022	-15.09573364	-3.85808325
5.53703022	-15.09573364	-3.85808325
7.53703022	-15.09573364	-3.85808325
9.53703022	-15.09573364	-3.85808325
11.53703022	-15.09573364	-3.85808325
13.53703022	-15.09573364	-3.85808325
15.53703022	-15.09573364	-3.85808325
17.53703022	-15.09573364	-3.85808325
19.53703022	-15.09573364	-3.85808325
21.53703022	-15.09573364	-3.85808325
23.53703022	-15.09573364	-3.85808325
25.53703022	-15.09573364	-3.85808325
27.53703022	-15.09573364	-3.85808325
29.53703022	-15.09573364	-3.85808325
31.53703022	-15.09573364	-3.85808325
33.53703022	-15.09573364	-3.85808325
35.53703022	-15.09573364	-3.85808325
37.53703022	-15.09573364	-3.85808325
39.53703022	-15.09573364	-3.85808325
41.53703022	-15.09573364	-3.85808325
43.53703022	-15.09573364	-3.85808325
45.53703022	-15.09573364	-3.85808325
47.53703022	-15.09573364	-3.85808325
49.53703022	-15.09573364	-3.85808325
51.53703022	-15.09573364	-3.85808325
53.53703022	-15.09573364	-3.85808325
55.53703022	-15.09573364	-3.85808325
57.53703022	-15.09573364	-3.85808325
59.53703022	-15.09573364	-3.85808325
61.53703022	-15.09573364	-3.85808325
63.53703022	-15.09573364	-3.85808325
65.53703022	-15.09573364	-3.85808325
67.53703022	-15.09573364	-3.85808325
69.53703022	-15.09573364	-3.85808325
71.53703022	-15.09573364	-3.85808325
73.53703022	-15.09573364	-3.85808325
75.53703022	-15.09573364	-3.85808325
77.53703022	-15.09573364	-3.85808325
79.53703022	-15.09573364	-3.85808325
81.53703022	-15.09573364	-3.85808325
83.53703022	-15.09573364	-3.85808325
85.53703022	-15.09573364	-3.85291457
87.53703022	-15.09573364	-3.84632134
89.53703022	-15.09573364	-3.83830667
91.53703022	-15.09573364	-3.85749960
93.53703022	-15.09573364	-3.84014320
95.53703022	-15.09573364	-3.86625743
97.53703022	-15.09573364	-3.88788271
99.53703022	-15.09573364	-3.87484574
101.53703022	-15.09573364	-3.72774005
103.53703022	-15.09573364	-3.74876261
105.53703022	-15.09573364	-3.77157720
107.53703022	-15.09573364	-3.77241992
109.53703022	-15.09573364	-3.77118823
111.53703022	-15.09573364	-3.77129400
113.53703022	-15.09573364	-3.76969028
115.53703022	-15.09573364	-3.76777001
117.53703022	-15.09573364	-3.76562751
119.53703022	-15.09573364	-3.76601732
121.53703022	-15.09573364	-3.77003735
123.53703022	-15.09573364	-3.77387065
125.53703022	-15.09573364	-3.77826500
127.53703022	-15.09573364	-3.78193013
129.53703022	-15.09573364	-3.78518571
131.53703022	-15.09573364	-3.79735877
133.53703022	-15.09573364	-3.80314125
135.53703022	-15.09573364	-3.80710664
137.53703022	-15.09573364	-3.80615553
139.53703022	-15.09573364	-3.86314535
141.53703022	-15.09573364	-3.82543373
143.53703022	-15.09573364	-3.83568645
145.53703022	-15.09573364	-3.59021664
147.53703022	-15.09573364	-3.83559282
149.53703022	-15.09573364	-3.82296640
151.53703022	-15.09573364	-3.80529592
153.53703022	-15.09573364	-3.78320577
155.53703022	-15.09573364	-3.76791375
157.53703022	-15.09573364	-3.74889047
159.53703022	-15.09573364	-3.72289452
161.53703022	-15.09573364	-3.70746342
163.53703022	-15.09573364	-3.76664162
165.53703022	-15.09573364	-3.74321318
167.53703022	-15.09573364	-3.70452452
169.53703022	-15.09573364	-3.74262977
171.53703022	-15.09573364	-3.70147014
173.53703022	-15.09573364	-3.69955778
175.53703022	-15.09573364	-3.64837933
177.53703022	-15.09573364	-3.66644144
179.53703022	-15.09573364	-3.73103142
181.53703022	-15.09573364	-3.71483731
183.53703022	-15.09573364	-3.86634326
185.53703022	-15.09573364	-3.84022546
187.53703022	-15.09573364	-3.83743143
189.53703022	-15.09573364	-3.82623602
191.53703022	-15.09573364	-3.79502344
193.53703022	-15.09573364	-3.84579253
195.53703022	-15.09573364	-3.81587553
197.53703022	-15.09573364	-3.81382017
199.53703022	-15.09573364	-3.79426886
201.53703022	-15.09573364	-3.77694990
203.53703022	-15.09573364	-3.75993903
205.53703022	-15.09573364	-3.74878647
207.53703022	-15.09573364	-3.80605888
209.53703022	-15.09573364	-3.83719230
211.53703022	-15.09573364	-3.81921291
213.53703022	-15.09573364	-3.77231050
215.53703022	-15.09573364	-3.73266315
217.53703022	-15.09573364	-3.73153388
219.53703022	-15.09573364	-3.73051085
221.53703022	-15.09573364	-3.72629729
223.53703022	-15.09573364	-3.72242733
225.53703022	-15.09573364	-3.71855360
227.53703022	-15.09573364	-3.71519605
229.53703022	-15.09573364	-3.71282090
231.53703022	-15.09573364	-3.71125496
233.53703022	-15.09573364	-3.71033504
235.53703022	-15.09573364	-3.70971998
237.53703022	-15.09573364	-3.70934490
239.53703022	-15.09573364	-3.70919000
241.53703022	-15.09573364	-3.70917795
243.53703022	-15.09573364	-3.70919127
245.53703022	-15.09573364	-3.70908122
247.53703022	-15.09573364	-3.70913924
249.53703022	-15.09573364	-3.70889958
251.53703022	-15.09573364	-3.70892598
253.53703022	-15.09573364	-3.70884346
255.53703022	-15.09573364	-3.70885626
257.53703022	-15.09573364	-3.70893419
259.53703022	-15.09573364	-3.70915431
261.53703022	-15.09573364	-3.70987114
263.53703022	-15.09573364	-3.71083588
265.53703022	-15.09573364	-3.71113966
267.53703022	-15.09573364	-3.71090709
269.53703022	-15.09573364	-3.71032341
271.53703022	-15.09573364	-3.70958809
273.53703022	-15.09573364	-3.70932526
275.53703022	-15.09573364	-3.70927975
277.53703022	-15.09573364	-3.70871718
279.53703022	-15.09573364	-3.71008967
281.53703022	-15.09573364	-3.71066453
-8.46296978	-13.09573364	-3.87633491
-6.46296978	-13.09573364	-3.87633491
-4.46296978	-13.09573364	-3.87633491
-2.46296978	-13.09573364	-3.87633491
-0.46296978	-13.09573364	-3.87633491
1.53703022	-13.09573364	-3.87633491
3.53703022	-13.09573364	-3.87633491
5.53703022	-13.09573364	-3.87633491
7.53703022	-13.09573364	-3.87633491
9.53703022	-13.09573364	-3.87633491
11.53703022	-13.09573364	-3.87633491
13.53703022	-13.09573364	-3.87633491
15.53703022	-13.09573364	-3.87633491
17.53703022	-13.09573364	-3.87633491
19.53703022	-13.09573364	-3.87633491
21.53703022	-13.09573364	-3.87633491
23.53703022	-13.09573364	-3.87633491
25.53703022	-13.09573364	-3.87633491
27.53703022	-13.09573364	-3.87633491
29.53703022	-13.09573364	-3.87633491
31.53703022	-13.09573364	-3.87633491
33.53703022	-13.09573364	-3.87633491
35.53703022	-13.09573364	-3.87633491
37.53703022	-13.09573364	-3.87633491
39.53703022	-13.09573364	-3.87633491
41.53703022	-13.09573364	-3.87633491
43.53703022	-13.09573364	-3.87633491
45.53703022	-13.09573364	-3.87633491
47.53703022	-13.09573364	-3.87633491
49.53703022	-13.09573364	-3.87633491
51.53703022	-13.09573364	-3.87633491
53.53703022	-13.09573364	-3.87633491
55.53703022	-13.09573364	-3.87633491
57.53703022	-13.09573364	-3.87633491
59.53703022	-13.09573364	-3.87633491
61.53703022	-13.09573364	-3.87633491
63.53703022	-13.09573364	-3.87633491
65.53703022	-13.09573364	-3.87633491
67.53703022	-13.09573364	-3.87633491
69.53703022	-13.09573364	-3.87633491
71.53703022	-13.09573364	-3.87633491
73.53703022	-13.09573364	-3.87633491
75.53703022	-13.09573364	-3.87633491
77.53703022	-13.09573364	-3.87633491
79.53703022	-13.09573364	-3.87633491
81.53703022	-13.09573364	-3.87633491
83.53703022	-13.09573364	-3.87633491
85.53703022	-13.09573364	-3.84414983
87.53703022	-13.09573364	-3.86806035
89.53703022	-13.09573364	-3.85431385
91.53703022	-13.09573364	-3.86986804
93.53703022	-13.09573364	-3.84931111
95.53703022	-13.09573364	-3.88607383
97.53703022	-13.09573364	-3.90856743
99.53703022	-13.09573364	-3.79926707
101.53703022	-13.09573364	-3.78371185
103.53703022	-13.09573364	-3.77257520
105.53703022	-13.09573364	-3.77956020
107.53703022	-13.09573364	-3.78018655
109.53703022	-13.09573364	-3.77640212
111.53703022	-13.09573364	-3.77281596
113.53703022	-13.09573364	-3.77030190
115.53703022	-13.09573364	-3.76930984
117.53703022	-13.09573364	-3.76652510
119.53703022	-13.09573364	-3.76668027
121.53703022	-13.09573364	-3.76738038
123.53703022	-13.09573364	-3.77400070
125.53703022	-13.09573364	-3.77486337
127.53703022	-13.09573364	-3.78706043
129.53703022	-13.09573364	-3.78389146
131.53703022	-13.09573364	-3.84532595
133.53703022	-13.09573364	-3.78993630
135.53703022	-13.09573364	-3.81125943
137.53703022	-13.09573364	-3.82211614
139.53703022	-13.09573364	-3.85113406
141.53703022	-13.09573364	-3.81206238
143.53703022	-13.09573364	-3.83293079
145.53703022	-13.09573364	-3.79879127
147.53703022	-13.09573364	-3.82661186
149.53703022	-13.09573364	-3.80467413
151.53703022	-13.09573364	-3.81127215
153.53703022	-13.09573364	-3.78370984
155.53703022	-13.09573364	-3.78388141
157.53703022	-13.09573364	-3.72595409
159.53703022	-13.09573364	-3.71150314
161.53703022	-13.09573364	-3.73560442
163.53703022	-13.09573364	-3.71132135
165.53703022	-13.09573364	-3.71400547
167.53703022	-13.09573364	-3.71171999
169.53703022	-13.09573364	-3.73367953
171.53703022	-13.09573364	-3.74639964
173.53703022	-13.09573364	-3.67651725
175.53703022	-13.09573364	-3.67183208
177.53703022	-13.09573364	-3.69697475
179.53703022	-13.09573364	-3.68232059
181.53703022	-13.09573364	-3.72624397
183.53703022	-13.09573364	-3.85241866
185.53703022	-13.09573364	-3.83271313
187.53703022	-13.09573364	-3.81690979
189.53703022	-13.09573364	-3.82115626
191.53703022	-13.09573364	-3.84753847
193.53703022	-13.09573364	-3.81595890
195.53703022	-13.09573364	-3.80385697
197.53703022	-13.09573364	-3.80607811
199.53703022	-13.09573364	-3.78564211
201.53703022	-13.09573364	-3.77966243
203.53703022	-13.09573364	-3.78325310
205.53703022	-13.09573364	-3.79416388
207.53703022	-13.09573364	-3.78382645
209.53703022	-13.09573364	-3.68480301
211.53703022	-13.09573364	-3.77170849
213.53703022	-13.09573364	-3.80661106
215.53703022	-13.09573364	-3.66000819
217.53703022	-13.09573364	-3.73333174
219.53703022	-13.09573364	-3.72049678
221.53703022	-13.09573364	-3.72588373
223.53703022	-13.09573364	-3.71871066
225.53703022	-13.09573364	-3.71856440
227.53703022	-13.09573364	-3.71491693
229.53703022	-13.09573364	-3.71407330
231.53703022	-13.09573364	-3.71240263
233.53703022	-13.09573364	-3.71186593
235.53703022	-13.09573364	-3.71125259
237.53703022	-13.09573364	-3.71098203
239.53703022	-13.09573364	-3.71077920
241.53703022	-13.09573364	-3.71111737
243.53703022	-13.09573364	-3.71056931
245.53703022	-13.09573364	-3.71155373
247.53703022	-13.09573364	-3.71042524
249.53703022	-13.09573364	-3.71121396
251.53703022	-13.09573364	-3.71036073
253.53703022	-13.09573364	-3.71071314
255.53703022	-13.09573364	-3.71048287
257.53703022	-13.09573364	-3.71070521
259.53703022	-13.09573364	-3.71079416
261.53703022	-13.09573364	-3.71195615
263.53703022	-13.09573364	-3.71234596
265.53703022	-13.09573364	-3.71291533
267.53703022	-13.09573364	-3.71310386
269.53703022	-13.09573364	-3.71168658
271.53703022	-13.09573364	-3.71141988
273.53703022	-13.09573364	-3.70983781
275.53703022	-13.09573364	-3.70931189
277.53703022	-13.09573364	-3.70751676
279.53703022	-13.09573364	-3.70765147
281.53703022	-13.09573364	-3.70258286
-8.46296978	-11.09573364	-3.87841177
-6.46296978	-11.09573364	-3.87841177
-4.46296978	-11.09573364	-3.87841177
-2.46296978	-11.09573364	-3.87841177
-0.46296978	-11.09573364	-3.87841177
1.53703022	-11.09573364	-3.87841177
3.53703022	-11.09573364	-3.87841177
5.53703022	-11.09573364	-3.87841177
7.53703022	-11.09573364	-3.87841177
9.53703022	-11.09573364	-3.87841177
11.53703022	-11.09573364	-3.87841177
13.53703022	-11.09573364	-3.87841177
15.53703022	-11.09573364	-3.87841177
17.53703022	-11.09573364	-3.87841177
19.53703022	-11.09573364	-3.87841177
21.53703022	-11.09573364	-3.87841177
23.53703022	-11.09573364	-3.87841177
25.53703022	-11.09573364	-3.87841177
27.53703022	-11.09573364	-3.87841177
29.53703022	-11.09573364	-3.87841177
31.53703022	-11.09573364	-3.87841177
33.53703022	-11.09573364	-3.87841177
35.53703022	-11.09573364	-3.87841177
37.53703022	-11.09573364	-3.87841177
39.53703022	-11.09573364	-3.87841177
41.53703022	-11.09573364	-3.87841177
43.53703022	-11.09573364	-3.87841177
45.53703022	-11.09573364	-3.87841177
47.53703022	-11.09573364	-3.87841177
49.53703022	-11.09573364	-3.87841177
51.53703022	-11.09573364	-3.87841177
53.53703022	-11.09573364	-3.87841177
55.53703022	-11.09573364	-3.87841177
57.53703022	-11.09573364	-3.87841177
59.53703022	-11.09573364	-3.87841177
61.53703022	-11.09573364	-3.87841177
63.53703022	-11.09573364	-3.87841177
65.53703022	-11.09573364	-3.87841177
67.53703022	-11.09573364	-3.87841177
69.53703022	-11.09573364	-3.87841177
71.53703022	-11.09573364	-3.87841177
73.53703022	-11.09573364	-3.87841177
75.53703022	-11.09573364	-3.87841177
77.53703022	-11.09573364	-3.87841177
79.53703022	-11.09573364	-3.87841177
81.53703022	-11.09573364	-3.87841177
83.53703022	-11.09573364	-3.87841177
85.53703022	-11.09573364	-3.86951303
87.53703022	-11.09573364	-3.88229513
89.53703022	-11.09573364	-3.88229513
91.53703022	-11.09573364	-3.86731291
93.53703022	-11.09573364	-3.87997937
95.53703022	-11.09573364	-3.89872241
97.53703022	-11.09573364	-3.91065454
99.53703022	-11.09573364	-3.77979970
101.53703022	-11.09573364	-3.77657873
103.53703022	-11.09573364	-3.77737198
105.53703022	-11.09573364	-3.76758217
107.53703022	-11.09573364	-3.77708933
109.53703022	-11.09573364	-3.77155042
111.53703022	-11.09573364	-3.77303956
113.53703022	-11.09573364	-3.76952986
115.53703022	-11.09573364	-3.77088070
117.53703022	-11.09573364	-3.77014462
119.53703022	-11.09573364	-3.76896964
121.53703022	-11.09573364	-3.79080780
123.53703022	-11.09573364	-3.79403983
125.53703022	-11.09573364	-3.80692683
127.53703022	-11.09573364	-3.80654790
129.53703022	-11.09573364	-3.80092025
131.53703022	-11.09573364	-3.79916573
133.53703022	-11.09573364	-3.81425953
135.53703022	-11.09573364	-3.83787680
137.53703022	-11.09573364	-3.80923046
139.53703022	-11.09573364	-3.81032613
141.53703022	-11.09573364	-3.78270128
143.53703022	-11.09573364	-3.78081089
145.53703022	-11.09573364	-3.72187338
147.53703022	-11.09573364	-3.76288214
149.53703022	-11.09573364	-3.74814792
151.53703022	-11.09573364	-3.75317925
153.53703022	-11.09573364	-3.74209319
155.53703022	-11.09573364	-3.74167638
157.53703022	-11.09573364	-3.73554179
159.53703022	-11.09573364	-3.74042106
161.53703022	-11.09573364	-3.76817328
163.53703022	-11.09573364	-3.74279236
165.53703022	-11.09573364	-3.79160213
167.53703022	-11.09573364	-3.71882892
169.53703022	-11.09573364	-3.72598481
171.53703022	-11.09573364	-3.74537039
173.53703022	-11.09573364	-3.68430042
175.53703022	-11.09573364	-3.66688728
177.53703022	-11.09573364	-3.70739079
179.53703022	-11.09573364	-3.71114755
181.53703022	-11.09573364	-3.69860578
183.53703022	-11.09573364	-3.69888473
185.53703022	-11.09573364	-3.86083841
187.53703022	-11.09573364	-3.83745456
189.53703022	-11.09573364	-3.83265114
191.53703022	-11.09573364	-3.81680803
193.53703022	-11.09573364	-3.79786433
195.53703022	-11.09573364	-3.81177623
197.53703022	-11.09573364	-3.80233899
199.53703022	-11.09573364	-3.77407715
201.53703022	-11.09573364	-3.76725461
203.53703022	-11.09573364	-3.77619724
205.53703022	-11.09573364	-3.77558406
207.53703022	-11.09573364	-3.71292411
209.53703022	-11.09573364	-3.72950905
211.53703022	-11.09573364	-3.78031027
213.53703022	-11.09573364	-3.83896708
215.53703022	-11.09573364	-3.80164170
217.53703022	-11.09573364	-3.71584228
219.53703022	-11.09573364	-3.73157900
221.53703022	-11.09573364	-3.72619921
223.53703022	-11.09573364	-3.72392317
225.53703022	-11.09573364	-3.71818310
227.53703022	-11.09573364	-3.71692803
229.53703022	-11.09573364	-3.71474015
231.53703022	-11.09573364	-3.71467651
233.53703022	-11.09573364	-3.71406266
235.53703022	-11.09573364	-3.71392556
237.53703022	-11.09573364	-3.71378992
239.53703022	-11.09573364	-3.71382590
241.53703022	-11.09573364	-3.71377692
243.53703022	-11.09573364	-3.71372002
245.53703022	-11.09573364	-3.71367745
247.53703022	-11.09573364	-3.71365152
249.53703022	-11.09573364	-3.71362405
251.53703022	-11.09573364	-3.71360306
253.53703022	-11.09573364	-3.71355823
255.53703022	-11.09573364	-3.71363622
257.53703022	-11.09573364	-3.71380701
259.53703022	-11.09573364	-3.71393170
261.53703022	-11.09573364	-3.71418932
263.53703022	-11.09573364	-3.71442877
265.53703022	-11.09573364	-3.71462824
267.53703022	-11.09573364	-3.71484499
269.53703022	-11.09573364	-3.71505839
271.53703022	-11.09573364	-3.72166549
273.53703022	-11.09573364	-3.72239998
275.53703022	-11.09573364	-3.74482400
277.53703022	-11.09573364	-3.74288526
279.53703022	-11.09573364	-3.77289929
281.53703022	-11.09573364	-3.77367805
-8.46296978	-9.09573364	-3.86084069
-6.46296978	-9.09573364	-3.86101683
-4.46296978	-9.09573364	-3.85835887
-2.46296978	-9.09573364	-3.85835887
-0.46296978	-9.09573364	-3.85835887
1.53703022	-9.09573364	-3.85835887
3.53703022	-9.09573364	-3.85835887
5.53703022	-9.09573364	-3.85835887
7.53703022	-9.09573364	-3.85835887
9.53703022	-9.09573364	-3.85835887
11.53703022	-9.09573364	-3.85835887
13.53703022	-9.09573364	-3.85835887
15.53703022	-9.09573364	-3.85835887
17.53703022	-9.09573364	-3.85835887
19.53703022	-9.09573364	-3.85835887
21.53703022	-9.09573364	-3.85835887
23.53703022	-9.09573364	-3.85835887
25.53703022	-9.09573364	-3.85835887
27.53703022	-9.09573364	-3.85835887
29.53703022	-9.09573364	-3.85835887
31.53703022	-9.09573364	-3.85835887
33.53703022	-9.09573364	-3.85835887
35.53703022	-9.09573364	-3.85835887
37.53703022	-9.09573364	-3.85835887
39.53703022	-9.09573364	-3.85835887
41.53703022	-9.09573364	-3.85835887
43.53703022	-9.09573364	-3.85835887
45.53703022	-9.09573364	-3.85835887
47.53703022	-9.09573364	-3.85835887
49.53703022	-9.09573364	-3.85835887
51.53703022	-9.09573364	-3.85835886
53.53703022	-9.09573364	-3.85835885
55.53703022	-9.09573364	-3.85835884
57.53703022	-9.09573364	-3.85115128
59.53703022	-9.09573364	-3.85232159
61.53703022	-9.09573364	-3.85652168
63.53703022	-9.09573364	-3.85709994
65.53703022	-9.09573364	-3.86232044
67.53703022	-9.09573364	-3.83237705
69.53703022	-9.09573364	-3.75905037
71.53703022	-9.09573364	-3.81008430
73.53703022	-9.09573364	-3.77338210
75.53703022	-9.09573364	-3.81787017
77.53703022	-9.09573364	-3.77525088
79.53703022	-9.09573364	-3.82646489
81.53703022	-9.09573364	-3.81985865
83.53703022	-9.09573364	-3.75608683
85.53703022	-9.09573364	-3.76758337
87.53703022	-9.09573364	-3.85607282
89.53703022	-9.09573364	-3.85735151
91.53703022	-9.09573364	-3.89754701
93.53703022	-9.09573364	-3.84690285
95.53703022	-9.09573364	-3.88826942
97.53703022	-9.09573364	-3.93508863
99.53703022	-9.09573364	-3.93401337
101.53703022	-9.09573364	-3.86273622
103.53703022	-9.09573364	-3.85369928
105.53703022	-9.09573364	-3.83827589
107.53703022	-9.09573364	-3.82595297
109.53703022	-9.09573364	-3.81449956
111.53703022	-9.09573364	-3.80510687
113.53703022	-9.09573364	-3.79616597
115.53703022	-9.09573364	-3.79274382
117.53703022	-9.09573364	-3.78741275
119.53703022	-9.09573364	-3.79594461
121.53703022	-9.09573364	-3.79836334
123.53703022	-9.09573364	-3.76986807
125.53703022	-9.09573364	-3.70692697
127.53703022	-9.09573364	-3.85700035
129.53703022	-9.09573364	-3.80042414
131.53703022	-9.09573364	-3.83097172
133.53703022	-9.09573364	-3.77169347
135.53703022	-9.09573364	-3.68262792
137.53703022	-9.09573364	-3.82386160
139.53703022	-9.09573364	-3.79265417
141.53703022	-9.09573364	-3.79516351
143.53703022	-9.09573364	-3.77875011
145.53703022	-9.09573364	-3.77452334
147.53703022	-9.09573364	-3.76385111
149.53703022	-9.09573364	-3.75913330
151.53703022	-9.09573364	-3.75028894
153.53703022	-9.09573364	-3.74693635
155.53703022	-9.09573364	-3.74438559
157.53703022	-9.09573364	-3.74261543
159.53703022	-9.09573364	-3.74129032
161.53703022	-9.09573364	-3.73834212
163.53703022	-9.09573364	-3.74920340
165.53703022	-9.09573364	-3.73698425
167.53703022	-9.09573364	-3.74694848
169.53703022	-9.09573364	-3.73640966
171.53703022	-9.09573364	-3.72224450
173.53703022	-9.09573364	-3.70191145
175.53703022	-9.09573364	-3.69406629
177.53703022	-9.09573364	-3.69508028
179.53703022	-9.09573364	-3.66852117
181.53703022	-9.09573364	-3.69060206
183.53703022	-9.09573364	-3.68867922
185.53703022	-9.09573364	-3.72200203
187.53703022	-9.09573364	-3.84261847
189.53703022	-9.09573364	-3.77418425
191.53703022	-9.09573364	-3.78580528
193.53703022	-9.09573364	-3.80375038
195.53703022	-9.09573364	-3.78943619
197.53703022	-9.09573364	-3.79073016
199.53703022	-9.09573364	-3.77881264
201.53703022	-9.09573364	-3.75972602
203.53703022	-9.09573364	-3.75955776
205.53703022	-9.09573364	-3.74261359
207.53703022	-9.09573364	-3.72479655
209.53703022	-9.09573364	-3.71676235
211.53703022	-9.09573364	-3.78661663
213.53703022	-9.09573364	-3.84293365
215.53703022	-9.09573364	-3.81799293
217.53703022	-9.09573364	-3.81431746
219.53703022	-9.09573364	-3.78852129
221.53703022	-9.09573364	-3.68101025
223.53703022	-9.09573364	-3.68101025
225.53703022	-9.09573364	-3.68101025
227.53703022	-9.09573364	-3.68101025
229.53703022	-9.09573364	-3.68101025
231.53703022	-9.09573364	-3.68101025
233.53703022	-9.09573364	-3.68101025
235.53703022	-9.09573364	-3.68101025
237.53703022	-9.09573364	-3.68101025
239.53703022	-9.09573364	-3.68101025
241.53703022	-9.09573364	-3.68101025
243.53703022	-9.09573364	-3.68101025
245.53703022	-9.09573364	-3.68101025
247.53703022	-9.09573364	-3.68101025
249.53703022	-9.09573364	-3.68101025
251.53703022	-9.09573364	-3.68101025
253.53703022	-9.09573364	-3.68101025
255.53703022	-9.09573364	-3.68101025
257.53703022	-9.09573364	-3.68101025
259.53703022	-9.09573364	-3.68101025
261.53703022	-9.09573364	-3.68101025
263.53703022	-9.09573364	-3.68101025
265.53703022	-9.09573364	-3.68101025
267.53703022	-9.09573364	-3.68101025
269.53703022	-9.09573364	-3.68101025
271.53703022	-9.09573364	-3.68101025
273.53703022	-9.09573364	-3.68101025
275.53703022	-9.09573364	-3.68101025
277.53703022	-9.09573364	-3.68101025
279.53703022	-9.09573364	-3.68101025
281.53703022	-9.09573364	-3.68101025
-8.46296978	-7.09573364	-3.85872698
-6.46296978	-7.09573364	-3.85872698
-4.46296978	-7.09573364	-3.85872698
-2.46296978	-7.09573364	-3.85872698
-0.46296978	-7.09573364	-3.85872698
1.53703022	-7.09573364	-3.85872698
3.53703022	-7.09573364	-3.85872698
5.53703022	-7.09573364	-3.85872698
7.53703022	-7.09573364	-3.85872698
9.53703022	-7.09573364	-3.85872698
11.53703022	-7.09573364	-3.85872698
13.53703022	-7.09573364	-3.85872698
15.53703022	-7.09573364	-3.85872698
17.53703022	-7.09573364	-3.85872698
19.53703022	-7.09573364	-3.85872698
21.53703022	-7.09573364	-3.85872698
23.53703022	-7.09573364	-3.85872698
25.53703022	-7.09573364	-3.85872698
27.53703022	-7.09573364	-3.85872698
29.53703022	-7.09573364	-3.85872698
31.53703022	-7.09573364	-3.85872698
33.53703022	-7.09573364	-3.85872698
35.53703022	-7.09573364	-3.85872698
37.53703022	-7.09573364	-3.85872698
39.53703022	-7.09573364	-3.85872698
41.53703022	-7.09573364	-3.85872698
43.53703022	-7.09573364	-3.85872698
45.53703022	-7.09573364	-3.85872698
47.53703022	-7.09573364	-3.85872698
49.53703022	-7.09573364	-3.85872698
51.53703022	-7.09573364	-3.85872698
53.53703022	-7.09573364	-3.85872698
55.53703022	-7.09573364	-3.85872698
57.53703022	-7.09573364	-3.85872698
59.53703022	-7.09573364	-3.85872698
61.53703022	-7.09573364	-3.85872698
63.53703022	-7.09573364	-3.85769749
65.53703022	-7.09573364	-3.87097859
67.53703022	-7.09573364	-3.85381436
69.53703022	-7.09573364	-3.87382555
71.53703022	-7.09573364	-3.86067438
73.53703022	-7.09573364	-3.87639403
75.53703022	-7.09573364	-3.73342280
77.53703022	-7.09573364	-3.73270488
79.53703022	-7.09573364	-3.79594569
81.53703022	-7.09573364	-3.81259137
83.53703022	-7.09573364	-3.82245759
85.53703022	-7.09573364	-3.83680461
87.53703022	-7.09573364	-3.85137100
89.53703022	-7.09573364	-3.86725228
91.53703022	-7.09573364	-3.91785026
93.53703022	-7.09573364	-3.88120747
95.53703022	-7.09573364	-3.87091804
97.53703022	-7.09573364	-3.88784122
99.53703022	-7.09573364	-3.94176602
101.53703022	-7.09573364	-3.81425691
103.53703022	-7.09573364	-3.85461774
105.53703022	-7.09573364	-3.83981289
107.53703022	-7.09573364	-3.82445828
109.53703022	-7.09573364	-3.81265324
111.53703022	-7.09573364	-3.80219464
113.53703022	-7.09573364	-3.79339115
115.53703022	-7.09573364	-3.78640370
117.53703022	-7.09573364	-3.78094638
119.53703022	-7.09573364	-3.77931184
121.53703022	-7.09573364	-3.78214724
123.53703022	-7.09573364	-3.78533988
125.53703022	-7.09573364	-3.80358023
127.53703022	-7.09573364	-3.71101001
129.53703022	-7.09573364	-3.86437154
131.53703022	-7.09573364	-3.85135031
133.53703022	-7.09573364	-3.88937926
135.53703022	-7.09573364	-3.72334766
137.53703022	-7.09573364	-3.80171591
139.53703022	-7.09573364	-3.80365746
141.53703022	-7.09573364	-3.78810063
143.53703022	-7.09573364	-3.78008873
145.53703022	-7.09573364	-3.76323344
147.53703022	-7.09573364	-3.76163887
149.53703022	-7.09573364	-3.75347611
151.53703022	-7.09573364	-3.74916905
153.53703022	-7.09573364	-3.74228825
155.53703022	-7.09573364	-3.73809452
157.53703022	-7.09573364	-3.73380225
159.53703022	-7.09573364	-3.73711731
161.53703022	-7.09573364	-3.74400149
163.53703022	-7.09573364	-3.73910160
165.53703022	-7.09573364	-3.74606182
167.53703022	-7.09573364	-3.75261545
169.53703022	-7.09573364	-3.76034641
171.53703022	-7.09573364	-3.70801020
173.53703022	-7.09573364	-3.67785311
175.53703022	-7.09573364	-3.69449997
177.53703022	-7.09573364	-3.67689109
179.53703022	-7.09573364	-3.67555761
181.53703022	-7.09573364	-3.68236017
183.53703022	-7.09573364	-3.71251202
185.53703022	-7.09573364	-3.71500444
187.53703022	-7.09573364	-3.89245939
189.53703022	-7.09573364	-3.85183048
191.53703022	-7.09573364	-3.82253461
193.53703022	-7.09573364	-3.81239147
195.53703022	-7.09573364	-3.80372004
197.53703022	-7.09573364	-3.78900616
199.53703022	-7.09573364	-3.77628461
201.53703022	-7.09573364	-3.76699345
203.53703022	-7.09573364	-3.76118171
205.53703022	-7.09573364	-3.75529475
207.53703022	-7.09573364	-3.72752983
209.53703022	-7.09573364	-3.71230353
211.53703022	-7.09573364	-3.63004279
213.53703022	-7.09573364	-3.78343304
215.53703022	-7.09573364	-3.82516670
217.53703022	-7.09573364	-3.80712867
219.53703022	-7.09573364	-3.81811595
221.53703022	-7.09573364	-3.76370814
223.53703022	-7.09573364	-3.74274453
225.53703022	-7.09573364	-3.73420820
227.53703022	-7.09573364	-3.73465696
229.53703022	-7.09573364	-3.73452971
231.53703022	-7.09573364	-3.73471175
233.53703022	-7.09573364	-3.73467159
235.53703022	-7.09573364	-3.73471882
237.53703022	-7.09573364	-3.73470628
239.53703022	-7.09573364	-3.73471784
241.53703022	-7.09573364	-3.73471387
243.53703022	-7.09573364	-3.73471509
245.53703022	-7.09573364	-3.73471314
247.53703022	-7.09573364	-3.73471308
249.53703022	-7.09573364	-3.73471445
251.53703022	-7.09573364	-3.73471236
253.53703022	-7.09573364	-3.73471687
255.53703022	-7.09573364	-3.73471597
257.53703022	-7.09573364	-3.73472461
259.53703022	-7.09573364	-3.73472726
261.53703022	-7.09573364	-3.73473173
263.53703022	-7.09573364	-3.73473754
265.53703022	-7.09573364	-3.73473936
267.53703022	-7.09573364	-3.73474706
269.53703022	-7.09573364	-3.73475401
271.53703022	-7.09573364	-3.73356674
273.53703022	-7.09573364	-3.73360052
275.53703022	-7.09573364	-3.73437413
277.53703022	-7.09573364	-3.73429103
279.53703022	-7.09573364	-3.73597705
281.53703022	-7.09573364	-3.75632147
-8.46296978	-5.09573364	-3.85574889
-6.46296978	-5.09573364	-3.85574889
-4.46296978	-5.09573364	-3.85574889
-2.46296978	-5.09573364	-3.85574889
-0.46296978	-5.09573364	-3.85574889
1.53703022	-5.09573364	-3.85574889
3.53703022	-5.09573364	-3.85574889
5.53703022	-5.09573364	-3.85574889
7.53703022	-5.09573364	-3.85574889
9.53703022	-5.09573364	-3.85574889
11.53703022	-5.09573364	-3.85574889
13.53703022	-5.09573364	-3.85574889
15.53703022	-5.09573364	-3.85574889
17.53703022	-5.09573364	-3.85574889
19.53703022	-5.09573364	-3.85574889
21.53703022	-5.09573364	-3.85574889
23.53703022	-5.09573364	-3.85574889
25.53703022	-5.09573364	-3.85574889
27.53703022	-5.09573364	-3.85574889
29.53703022	-5.09573364	-3.85574889
31.53703022	-5.09573364	-3.85574889
33.53703022	-5.09573364	-3.85574889
35.53703022	-5.09573364	-3.85574889
37.53703022	-5.09573364	-3.85574889
39.53703022	-5.09573364	-3.85574889
41.53703022	-5.09573364	-3.85574889
43.53703022	-5.09573364	-3.85574889
45.53703022	-5.09573364	-3.85574889
47.53703022	-5.09573364	-3.85574889
49.53703022	-5.09573364	-3.85574889
51.53703022	-5.09573364	-3.85574889
53.53703022	-5.09573364	-3.85574889
55.53703022	-5.09573364	-3.85574889
57.53703022	-5.09573364	-3.85574889
59.53703022	-5.09573364	-3.85574889
61.53703022	-5.09573364	-3.84161735
63.53703022	-5.09573364	-3.84391141
65.53703022	-5.09573364	-3.85907292
67.53703022	-5.09573364	-3.85906148
69.53703022	-5.09573364	-3.86527896
71.53703022	-5.09573364	-3.75092699
73.53703022	-5.09573364	-3.65556169
75.53703022	-5.09573364	-3.78096401
77.53703022	-5.09573364	-3.77037137
79.53703022	-5.09573364	-3.80212373
81.53703022	-5.09573364	-3.80784040
83.53703022	-5.09573364	-3.80767985
85.53703022	-5.09573364	-3.82298941
87.53703022	-5.09573364	-3.84768884
89.53703022	-5.09573364	-3.87796836
91.53703022	-5.09573364	-3.88800219
93.53703022	-5.09573364	-3.88712502
95.53703022	-5.09573364	-3.88499713
97.53703022	-5.09573364	-3.89736366
99.53703022	-5.09573364	-3.90771985
101.53703022	-5.09573364	-3.86123540
103.53703022	-5.09573364	-3.85686235
105.53703022	-5.09573364	-3.84205594
107.53703022	-5.09573364	-3.82842962
109.53703022	-5.09573364	-3.81676284
111.53703022	-5.09573364	-3.80631587
113.53703022	-5.09573364	-3.79756831
115.53703022	-5.09573364	-3.79252325
117.53703022	-5.09573364	-3.78617870
119.53703022	-5.09573364	-3.79296844
121.53703022	-5.09573364	-3.79463801
123.53703022	-5.09573364	-3.78620844
125.53703022	-5.09573364	-3.70560808
127.53703022	-5.09573364	-3.80208405
129.53703022	-5.09573364	-3.62511301
131.53703022	-5.09573364	-3.86942816
133.53703022	-5.09573364	-3.88744140
135.53703022	-5.09573364	-3.78241304
137.53703022	-5.09573364	-3.81792265
139.53703022	-5.09573364	-3.79900558
141.53703022	-5.09573364	-3.79232168
143.53703022	-5.09573364	-3.77366177
145.53703022	-5.09573364	-3.76556303
147.53703022	-5.09573364	-3.75538417
149.53703022	-5.09573364	-3.74955410
151.53703022	-5.09573364	-3.74185876
153.53703022	-5.09573364	-3.73848986
155.53703022	-5.09573364	-3.73555709
157.53703022	-5.09573364	-3.73680738
159.53703022	-5.09573364	-3.73799187
161.53703022	-5.09573364	-3.74008153
163.53703022	-5.09573364	-3.74724167
165.53703022	-5.09573364	-3.75554105
167.53703022	-5.09573364	-3.75473958
169.53703022	-5.09573364	-3.76276255
171.53703022	-5.09573364	-3.75186133
173.53703022	-5.09573364	-3.71915865
175.53703022	-5.09573364	-3.70610929
177.53703022	-5.09573364	-3.68429208
179.53703022	-5.09573364	-3.66080451
181.53703022	-5.09573364	-3.71387887
183.53703022	-5.09573364	-3.72394013
185.53703022	-5.09573364	-3.70810819
187.53703022	-5.09573364	-3.75678921
189.53703022	-5.09573364	-3.81595490
191.53703022	-5.09573364	-3.80563338
193.53703022	-5.09573364	-3.80399067
195.53703022	-5.09573364	-3.78656454
197.53703022	-5.09573364	-3.78091824
199.53703022	-5.09573364	-3.76876508
201.53703022	-5.09573364	-3.75472141
203.53703022	-5.09573364	-3.75521277
205.53703022	-5.09573364	-3.74559058
207.53703022	-5.09573364	-3.72640256
209.53703022	-5.09573364	-3.71347731
211.53703022	-5.09573364	-3.79320712
213.53703022	-5.09573364	-3.68576288
215.53703022	-5.09573364	-3.84577537
217.53703022	-5.09573364	-3.82322979
219.53703022	-5.09573364	-3.76500041
221.53703022	-5.09573364	-3.74381255
223.53703022	-5.09573364	-3.73024511
225.53703022	-5.09573364	-3.73024511
227.53703022	-5.09573364	-3.73024511
229.53703022	-5.09573364	-3.73024511
231.53703022	-5.09573364	-3.73024511
233.53703022	-5.09573364	-3.73024511
235.53703022	-5.09573364	-3.73024511
237.53703022	-5.09573364	-3.73024511
239.53703022	-5.09573364	-3.73024511
241.53703022	-5.09573364	-3.73024511
243.53703022	-5.09573364	-3.73024511
245.53703022	-5.09573364	-3.73024511
247.53703022	-5.09573364	-3.73024511
249.53703022	-5.09573364	-3.73024511
251.53703022	-5.09573364	-3.73024511
253.53703022	-5.09573364	-3.73024511
255.53703022	-5.09573364	-3.73024511
257.53703022	-5.09573364	-3.73024511
259.53703022	-5.09573364	-3.73024511
261.53703022	-5.09573364	-3.73024511
263.53703022	-5.09573364	-3.73024511
265.53703022	-5.09573364	-3.73024511
267.53703022	-5.09573364	-3.73024511
269.53703022	-5.09573364	-3.73024511
271.53703022	-5.09573364	-3.73024511
273.53703022	-5.09573364	-3.73024511
275.53703022	-5.09573364	-3.73024511
277.53703022	-5.09573364	-3.73024511
279.53703022	-5.09573364	-3.73024511
281.53703022	-5.09573364	-3.73024511
-8.46296978	-3.09573364	-3.85157752
-6.46296978	-3.09573364	-3.85157752
-4.46296978	-3.09573364	-3.85157752
-2.46296978	-3.09573364	-3.85157752
-0.46296978	-3.09573364	-3.85157752
1.53703022	-3.09573364	-3.85157752
3.53703022	-3.09573364	-3.85157752
5.53703022	-3.09573364	-3.85157752
7.53703022	-3.09573364	-3.85157752
9.53703022	-3.09573364	-3.85157752
11.53703022	-3.09573364	-3.85157752
13.53703022	-3.09573364	-3.85157752
15.53703022	-3.09573364	-3.85157752
17.53703022	-3.09573364	-3.85157752
19.53703022	-3.09573364	-3.85157752
21.53703022	-3.09573364	-3.85157752
23.53703022	-3.09573364	-3.85157752
25.53703022	-3.09573364	-3.85157752
27.53703022	-3.09573364	-3.85157752
29.53703022	-3.09573364	-3.85157752
31.53703022	-3.09573364	-3.85157752
33.53703022	-3.09573364	-3.85157752
35.53703022	-3.09573364	-3.85157752
37.53703022	-3.09573364	-3.85157752
39.53703022	-3.09573364	-3.85157752
41.53703022	-3.09573364	-3.85157752
43.53703022	-3.09573364	-3.85157752
45.53703022	-3.09573364	-3.85157752
47.53703022	-3.09573364	-3.85157752
49.53703022	-3.09573364	-3.85157752
51.53703022	-3.09573364	-3.85157752
53.53703022	-3.09573364	-3.85157752
55.53703022	-3.09573364	-3.85157752
57.53703022	-3.09573364	-3.85828209
59.53703022	-3.09573364	-3.86120343
61.53703022	-3.09573364	-3.86281013
63.53703022	-3.09573364	-3.85560703
65.53703022	-3.09573364	-3.85689289
67.53703022	-3.09573364	-3.86105848
69.53703022	-3.09573364	-3.86439800
71.53703022	-3.09573364	-3.73307990
73.53703022	-3.09573364	-3.72515842
75.53703022	-3.09573364	-3.73717817
77.53703022	-3.09573364	-3.76679551
79.53703022	-3.09573364	-3.79432550
81.53703022	-3.09573364	-3.80238074
83.53703022	-3.09573364	-3.81632960
85.53703022	-3.09573364	-3.83169793
87.53703022	-3.09573364	-3.85191955
89.53703022	-3.09573364	-3.86927355
91.53703022	-3.09573364	-3.88446280
93.53703022	-3.09573364	-3.92299604
95.53703022	-3.09573364	-3.91389608
97.53703022	-3.09573364	-3.90326977
99.53703022	-3.09573364	-3.91474986
101.53703022	-3.09573364	-3.95459008
103.53703022	-3.09573364	-3.86510925
105.53703022	-3.09573364	-3.84214259
107.53703022	-3.09573364	-3.82993218
109.53703022	-3.09573364	-3.81543996
111.53703022	-3.09573364	-3.80581899
113.53703022	-3.09573364	-3.79550976
115.53703022	-3.09573364	-3.78887446
117.53703022	-3.09573364	-3.78205156
119.53703022	-3.09573364	-3.78116572
121.53703022	-3.09573364	-3.78407292
123.53703022	-3.09573364	-3.78931575
125.53703022	-3.09573364	-3.80573892
127.53703022	-3.09573364	-3.70016045
129.53703022	-3.09573364	-3.72336817
131.53703022	-3.09573364	-3.88363743
133.53703022	-3.09573364	-3.87292171
135.53703022	-3.09573364	-3.81626571
137.53703022	-3.09573364	-3.81143349
139.53703022	-3.09573364	-3.79647304
141.53703022	-3.09573364	-3.78715503
143.53703022	-3.09573364	-3.77309618
145.53703022	-3.09573364	-3.76293197
147.53703022	-3.09573364	-3.75686498
149.53703022	-3.09573364	-3.74941459
151.53703022	-3.09573364	-3.74357056
153.53703022	-3.09573364	-3.73765348
155.53703022	-3.09573364	-3.73351778
157.53703022	-3.09573364	-3.73181769
159.53703022	-3.09573364	-3.73564095
161.53703022	-3.09573364	-3.73928649
163.53703022	-3.09573364	-3.74247276
165.53703022	-3.09573364	-3.74846834
167.53703022	-3.09573364	-3.75532424
169.53703022	-3.09573364	-3.75733995
171.53703022	-3.09573364	-3.74004698
173.53703022	-3.09573364	-3.75424099
175.53703022	-3.09573364	-3.71211791
177.53703022	-3.09573364	-3.69319439
179.53703022	-3.09573364	-3.66868615
181.53703022	-3.09573364	-3.72056675
183.53703022	-3.09573364	-3.70493722
185.53703022	-3.09573364	-3.72374463
187.53703022	-3.09573364	-3.74725151
189.53703022	-3.09573364	-3.86945152
191.53703022	-3.09573364	-3.82017677
193.53703022	-3.09573364	-3.81125389
195.53703022	-3.09573364	-3.79430360
197.53703022	-3.09573364	-3.78467397
199.53703022	-3.09573364	-3.77063800
201.53703022	-3.09573364	-3.76499837
203.53703022	-3.09573364	-3.75963700
205.53703022	-3.09573364	-3.75304313
207.53703022	-3.09573364	-3.72372556
209.53703022	-3.09573364	-3.72562145
211.53703022	-3.09573364	-3.70538256
213.53703022	-3.09573364	-3.61840892
215.53703022	-3.09573364	-3.87446928
217.53703022	-3.09573364	-3.86707997
219.53703022	-3.09573364	-3.80596086
221.53703022	-3.09573364	-3.75160737
223.53703022	-3.09573364	-3.88816357
225.53703022	-3.09573364	-3.88816357
227.53703022	-3.09573364	-3.88816357
229.53703022	-3.09573364	-3.88816357
231.53703022	-3.09573364	-3.88816357
233.53703022	-3.09573364	-3.88816357
235.53703022	-3.09573364	-3.88816357
237.53703022	-3.09573364	-3.88816357
239.53703022	-3.09573364	-3.88816357
241.53703022	-3.09573364	-3.88816357
243.53703022	-3.09573364	-3.88816357
245.53703022	-3.09573364	-3.88816357
247.53703022	-3.09573364	-3.88816357
249.53703022	-3.09573364	-3.88816357
251.53703022	-3.09573364	-3.88816357
253.53703022	-3.09573364	-3.88816357
255.53703022	-3.09573364	-3.88816357
257.53703022	-3.09573364	-3.88816357
259.53703022	-3.09573364	-3.88816357
261.53703022	-3.09573364	-3.88816357
263.53703022	-3.09573364	-3.88816357
265.53703022	-3.09573364	-3.88816357
267.53703022	-3.09573364	-3.88816357
269.53703022	-3.09573364	-3.88816357
271.53703022	-3.09573364	-3.88816357
273.53703022	-3.09573364	-3.88816357
275.53703022	-3.09573364	-3.88816357
277.53703022	-3.09573364	-3.88816357
279.53703022	-3.09573364	-3.88816357
281.53703022	-3.09573364	-3.88816357
-8.46296978	-1.09573364	-3.89282966
-6.46296978	-1.09573364	-3.89282966
-4.46296978	-1.09573364	-3.89282966
-2.46296978	-1.09573364	-3.89282966
-0.46296978	-1.09573364	-3.89282966
1.53703022	-1.09573364	-3.89282966
3.53703022	-1.09573364	-3.89282966
5.53703022	-1.09573364	-3.89282966
7.53703022	-1.09573364	-3.89282966
9.53703022	-1.09573364	-3.89282966
11.53703022	-1.09573364	-3.89282966
13.53703022	-1.09573364	-3.89282966
15.53703022	-1.09573364	-3.89282966
17.53703022	-1.09573364	-3.89282966
19.53703022	-1.09573364	-3.89282966
21.53703022	-1.09573364	-3.89282966
23.53703022	-1.09573364	-3.89282966
25.53703022	-1.09573364	-3.89282966
27.53703022	-1.09573364	-3.89282966
29.53703022	-1.09573364	-3.89282966
31.53703022	-1.09573364	-3.89282966
33.53703022	-1.09573364	-3.89282966
35.53703022	-1.09573364	-3.89282966
37.53703022	-1.09573364	-3.89282966
39.53703022	-1.09573364	-3.89282966
41.53703022	-1.09573364	-3.89282966
43.53703022	-1.09573364	-3.89282966
45.53703022	-1.09573364	-3.89282966
47.53703022	-1.09573364	-3.89282966
49.53703022	-1.09573364	-3.89282966
51.53703022	-1.09573364	-3.87281489
53.53703022	-1.09573364	-3.86146283
55.53703022	-1.09573364	-3.85395432
57.53703022	-1.09573364	-3.86579037
59.53703022	-1.09573364	-3.86025977
61.53703022	-1.09573364	-3.84930086
63.53703022	-1.09573364	-3.84487123
65.53703022	-1.09573364	-3.84961127
67.53703022	-1.09573364	-3.83590223
69.53703022	-1.09573364	-3.74512261
71.53703022	-1.09573364	-3.79209005
73.53703022	-1.09573364	-3.72441467
75.53703022	-1.09573364	-3.79029394
77.53703022	-1.09573364	-3.75378761
79.53703022	-1.09573364	-3.79148551
81.53703022	-1.09573364	-3.78909847
83.53703022	-1.09573364	-3.80071305
85.53703022	-1.09573364	-3.81412473
87.53703022	-1.09573364	-3.83891241
89.53703022	-1.09573364	-3.86106764
91.53703022	-1.09573364	-3.86245817
93.53703022	-1.09573364	-3.89053392
95.53703022	-1.09573364	-3.93788457
97.53703022	-1.09573364	-3.92674994
99.53703022	-1.09573364	-3.90606976
101.53703022	-1.09573364	-3.90527153
103.53703022	-1.09573364	-3.86858293
105.53703022	-1.09573364	-3.85214696
107.53703022	-1.09573364	-3.84071304
109.53703022	-1.09573364	-3.82754367
111.53703022	-1.09573364	-3.81600015
113.53703022	-1.09573364	-3.80595226
115.53703022	-1.09573364	-3.79837976
117.53703022	-1.09573364	-3.79314677
119.53703022	-1.09573364	-3.79493543
121.53703022	-1.09573364	-3.79322247
123.53703022	-1.09573364	-3.79805784
125.53703022	-1.09573364	-3.69058775
127.53703022	-1.09573364	-3.84984379
129.53703022	-1.09573364	-3.79800142
131.53703022	-1.09573364	-3.85357960
133.53703022	-1.09573364	-3.89387608
135.53703022	-1.09573364	-3.91445923
137.53703022	-1.09573364	-3.82980232
139.53703022	-1.09573364	-3.81326450
141.53703022	-1.09573364	-3.80617653
143.53703022	-1.09573364	-3.78670558
145.53703022	-1.09573364	-3.77866829
147.53703022	-1.09573364	-3.76028191
149.53703022	-1.09573364	-3.75332584
151.53703022	-1.09573364	-3.74347639
153.53703022	-1.09573364	-3.73902205
155.53703022	-1.09573364	-3.73378177
157.53703022	-1.09573364	-3.73400548
159.53703022	-1.09573364	-3.73519948
161.53703022	-1.09573364	-3.73785505
163.53703022	-1.09573364	-3.74242732
165.53703022	-1.09573364	-3.75356142
167.53703022	-1.09573364	-3.74978353
169.53703022	-1.09573364	-3.75177908
171.53703022	-1.09573364	-3.75843549
173.53703022	-1.09573364	-3.75501490
175.53703022	-1.09573364	-3.71516395
177.53703022	-1.09573364	-3.71305919
179.53703022	-1.09573364	-3.68002439
181.53703022	-1.09573364	-3.67875075
183.53703022	-1.09573364	-3.72155118
185.53703022	-1.09573364	-3.74010229
187.53703022	-1.09573364	-3.73505712
189.53703022	-1.09573364	-3.93539619
191.53703022	-1.09573364	-3.82669234
193.53703022	-1.09573364	-3.81695092
195.53703022	-1.09573364	-3.79664151
197.53703022	-1.09573364	-3.78932656
199.53703022	-1.09573364	-3.76982695
201.53703022	-1.09573364	-3.75841714
203.53703022	-1.09573364	-3.75640144
205.53703022	-1.09573364	-3.74158256
207.53703022	-1.09573364	-3.72978953
209.53703022	-1.09573364	-3.71577595
211.53703022	-1.09573364	-3.81279234
213.53703022	-1.09573364	-3.77768617
215.53703022	-1.09573364	-3.82310616
217.53703022	-1.09573364	-3.83928490
219.53703022	-1.09573364	-3.82090569
221.53703022	-1.09573364	-3.75431359
223.53703022	-1.09573364	-3.74734242
225.53703022	-1.09573364	-3.74589080
227.53703022	-1.09573364	-3.74045341
229.53703022	-1.09573364	-3.74024882
231.53703022	-1.09573364	-3.74024876
233.53703022	-1.09573364	-3.74024876
235.53703022	-1.09573364	-3.74024876
237.53703022	-1.09573364	-3.74024876
239.53703022	-1.09573364	-3.74024876
241.53703022	-1.09573364	-3.74024876
243.53703022	-1.09573364	-3.74024876
245.53703022	-1.09573364	-3.74024875
247.53703022	-1.09573364	-3.74024872
249.53703022	-1.09573364	-3.74024871
251.53703022	-1.09573364	-3.74024872
253.53703022	-1.09573364	-3.74024873
255.53703022	-1.09573364	-3.74024876
257.53703022	-1.09573364	-3.74024876
259.53703022	-1.09573364	-3.74024876
261.53703022	-1.09573364	-3.74024876
263.53703022	-1.09573364	-3.74024876
265.53703022	-1.09573364	-3.74024876
267.53703022	-1.09573364	-3.74024876
269.53703022	-1.09573364	-3.74024876
271.53703022	-1.09573364	-3.74024875
273.53703022	-1.09573364	-3.74024873
275.53703022	-1.09573364	-3.74024865
277.53703022	-1.09573364	-3.74025182
279.53703022	-1.09573364	-3.75098995
281.53703022	-1.09573364	-3.75054920
-8.46296978	0.90426636	-3.87949991
-6.46296978	0.90426636	-3.87949991
-4.46296978	0.90426636	-3.87949991
-2.46296978	0.90426636	-3.87949991
-0.46296978	0.90426636	-3.87949991
1.53703022	0.90426636	-3.87949991
3.53703022	0.90426636	-3.87949991
5.53703022	0.90426636	-3.87949991
7.53703022	0.90426636	-3.87949991
9.53703022	0.90426636	-3.87949991
11.53703022	0.90426636	-3.87949991
13.53703022	0.90426636	-3.87949991
15.53703022	0.90426636	-3.87949991
17.53703022	0.90426636	-3.87949991
19.53703022	0.90426636	-3.87949991
21.53703022	0.90426636	-3.87949991
23.53703022	0.90426636	-3.87949991
25.53703022	0.90426636	-3.87949991
27.53703022	0.90426636	-3.87949991
29.53703022	0.90426636	-3.87949991
31.53703022	0.90426636	-3.87949991
33.53703022	0.90426636	-3.87949991
35.53703022	0.90426636	-3.87949991
37.53703022	0.90426636	-3.87949991
39.53703022	0.90426636	-3.87949991
41.53703022	0.90426636	-3.87949991
43.53703022	0.90426636	-3.87949991
45.53703022	0.90426636	-3.87949991
47.53703022	0.90426636	-3.87949991
49.53703022	0.90426636	-3.88755131
51.53703022	0.90426636	-3.88389921
53.53703022	0.90426636	-3.89261603
55.53703022	0.90426636	-3.88806820
57.53703022	0.90426636	-3.79806079
59.53703022	0.90426636	-3.78486059
61.53703022	0.90426636	-3.64790487
63.53703022	0.90426636	-3.76587904
65.53703022	0.90426636	-3.74393578
67.53703022	0.90426636	-3.75818294
69.53703022	0.90426636	-3.74878443
71.53703022	0.90426636	-3.75273317
73.53703022	0.90426636	-3.74960313
75.53703022	0.90426636	-3.75234556
77.53703022	0.90426636	-3.75433706
79.53703022	0.90426636	-3.75976669
81.53703022	0.90426636	-3.76574850
83.53703022	0.90426636	-3.77671081
85.53703022	0.90426636	-3.79059204
87.53703022	0.90426636	-3.81519442
89.53703022	0.90426636	-3.82810074
91.53703022	0.90426636	-3.85489690
93.53703022	0.90426636	-3.76144314
95.53703022	0.90426636	-3.90769768
97.53703022	0.90426636	-3.90515494
99.53703022	0.90426636	-3.89921999
101.53703022	0.90426636	-3.93455505
103.53703022	0.90426636	-4.03698969
105.53703022	0.90426636	-3.91373835
107.53703022	0.90426636	-3.91523887
109.53703022	0.90426636	-3.89461509
111.53703022	0.90426636	-3.88061451
113.53703022	0.90426636	-3.86584073
115.53703022	0.90426636	-3.85355040
117.53703022	0.90426636	-3.84860035
119.53703022	0.90426636	-3.84341207
121.53703022	0.90426636	-3.84339026
123.53703022	0.90426636	-3.83093131
125.53703022	0.90426636	-3.82596384
127.53703022	0.90426636	-3.79205844
129.53703022	0.90426636	-3.82237019
131.53703022	0.90426636	-3.67001009
133.53703022	0.90426636	-3.85951543
135.53703022	0.90426636	-3.89986730
137.53703022	0.90426636	-3.84951204
139.53703022	0.90426636	-3.82697210
141.53703022	0.90426636	-3.82470643
143.53703022	0.90426636	-3.79705750
145.53703022	0.90426636	-3.78400079
147.53703022	0.90426636	-3.76420588
149.53703022	0.90426636	-3.75476763
151.53703022	0.90426636	-3.74305723
153.53703022	0.90426636	-3.73681324
155.53703022	0.90426636	-3.73348629
157.53703022	0.90426636	-3.73567872
159.53703022	0.90426636	-3.73356176
161.53703022	0.90426636	-3.73944110
163.53703022	0.90426636	-3.74180079
165.53703022	0.90426636	-3.75203184
167.53703022	0.90426636	-3.75620125
169.53703022	0.90426636	-3.76294291
171.53703022	0.90426636	-3.83094692
173.53703022	0.90426636	-3.73245478
175.53703022	0.90426636	-3.72488260
177.53703022	0.90426636	-3.68590450
179.53703022	0.90426636	-3.71087384
181.53703022	0.90426636	-3.71813369
183.53703022	0.90426636	-3.70113254
185.53703022	0.90426636	-3.70186090
187.53703022	0.90426636	-3.78761625
189.53703022	0.90426636	-3.94660139
191.53703022	0.90426636	-3.76630759
193.53703022	0.90426636	-4.00714159
195.53703022	0.90426636	-3.84790213
197.53703022	0.90426636	-3.80726179
199.53703022	0.90426636	-3.78402661
201.53703022	0.90426636	-3.76280125
203.53703022	0.90426636	-3.74950365
205.53703022	0.90426636	-3.74414923
207.53703022	0.90426636	-3.74300120
209.53703022	0.90426636	-3.74521286
211.53703022	0.90426636	-3.75525415
213.53703022	0.90426636	-3.76955171
215.53703022	0.90426636	-3.80003642
217.53703022	0.90426636	-3.81705833
219.53703022	0.90426636	-3.81780982
221.53703022	0.90426636	-3.74653435
223.53703022	0.90426636	-3.74636340
225.53703022	0.90426636	-3.82416272
227.53703022	0.90426636	-3.82416272
229.53703022	0.90426636	-3.82416272
231.53703022	0.90426636	-3.82416272
233.53703022	0.90426636	-3.82416272
235.53703022	0.90426636	-3.82416272
237.53703022	0.90426636	-3.82416272
239.53703022	0.90426636	-3.82416272
241.53703022	0.90426636	-3.82416272
243.53703022	0.90426636	-3.82416272
245.53703022	0.90426636	-3.82416272
247.53703022	0.90426636	-3.82416272
249.53703022	0.90426636	-3.82416272
251.53703022	0.90426636	-3.82416272
253.53703022	0.90426636	-3.82416272
255.53703022	0.90426636	-3.82416272
257.53703022	0.90426636	-3.82416272
259.53703022	0.90426636	-3.82416272
261.53703022	0.90426636	-3.82416272
263.53703022	0.90426636	-3.82416272
265.53703022	0.90426636	-3.82416272
267.53703022	0.90426636	-3.82416272
269.53703022	0.90426636	-3.82416272
271.53703022	0.90426636	-3.82416272
273.53703022	0.90426636	-3.82416272
275.53703022	0.90426636	-3.82416272
277.53703022	0.90426636	-3.82416272
279.53703022	0.90426636	-3.82416272
281.53703022	0.90426636	-3.82416272
-8.46296978	2.90426636	-3.86042166
-6.46296978	2.90426636	-3.86042166
-4.46296978	2.90426636	-3.86042166
-2.46296978	2.90426636	-3.86042166
-0.46296978	2.90426636	-3.86042166
1.53703022	2.90426636	-3.86042166
3.53703022	2.90426636	-3.86042166
5.53703022	2.90426636	-3.86042166
7.53703022	2.90426636	-3.86042166
9.53703022	2.90426636	-3.86042166
11.53703022	2.90426636	-3.86042166
13.53703022	2.90426636	-3.86042166
15.53703022	2.90426636	-3.86042166
17.53703022	2.90426636	-3.86042166
19.53703022	2.90426636	-3.86042166
21.53703022	2.90426636	-3.86042166
23.53703022	2.90426636	-3.86042166
25.53703022	2.90426636	-3.86042166
27.53703022	2.90426636	-3.86042166
29.53703022	2.90426636	-3.86042166
31.53703022	2.90426636	-3.86042166
33.53703022	2.90426636	-3.86042166
35.53703022	2.90426636	-3.86042166
37.53703022	2.90426636	-3.86042166
39.53703022	2.90426636	-3.86042166
41.53703022	2.90426636	-3.86042166
43.53703022	2.90426636	-3.86042166
45.53703022	2.90426636	-3.88967562
47.53703022	2.90426636	-3.88672018
49.53703022	2.90426636	-3.87239957
51.53703022	2.90426636	-3.88174033
53.53703022	2.90426636	-3.83920919
55.53703022	2.90426636	-3.87068033
57.53703022	2.90426636	-3.75269246
59.53703022	2.90426636	-3.77182930
61.53703022	2.90426636	-3.76986510
63.53703022	2.90426636	-3.76175262
65.53703022	2.90426636	-3.76092577
67.53703022	2.90426636	-3.75577593
69.53703022	2.90426636	-3.75370406
71.53703022	2.90426636	-3.75041249
73.53703022	2.90426636	-3.74882874
75.53703022	2.90426636	-3.74795779
77.53703022	2.90426636	-3.74907984
79.53703022	2.90426636	-3.75213595
81.53703022	2.90426636	-3.75792638
83.53703022	2.90426636	-3.76601116
85.53703022	2.90426636	-3.77612005
87.53703022	2.90426636	-3.78651713
89.53703022	2.90426636	-3.80419301
91.53703022	2.90426636	-3.81970529
93.53703022	2.90426636	-3.85441806
95.53703022	2.90426636	-3.77789712
97.53703022	2.90426636	-3.91130400
99.53703022	2.90426636	-3.90026617
101.53703022	2.90426636	-3.92166853
103.53703022	2.90426636	-3.95062995
105.53703022	2.90426636	-3.94002404
107.53703022	2.90426636	-3.92195515
109.53703022	2.90426636	-3.90389925
111.53703022	2.90426636	-3.88584703
113.53703022	2.90426636	-3.87752912
115.53703022	2.90426636	-3.85788076
117.53703022	2.90426636	-3.84715238
119.53703022	2.90426636	-3.83901377
121.53703022	2.90426636	-3.83463905
123.53703022	2.90426636	-3.83254328
125.53703022	2.90426636	-3.83837845
127.53703022	2.90426636	-3.82909257
129.53703022	2.90426636	-3.80318024
131.53703022	2.90426636	-3.83310218
133.53703022	2.90426636	-3.85827881
135.53703022	2.90426636	-3.89246082
137.53703022	2.90426636	-3.89392066
139.53703022	2.90426636	-3.84909975
141.53703022	2.90426636	-3.83274564
143.53703022	2.90426636	-3.81654253
145.53703022	2.90426636	-3.79604128
147.53703022	2.90426636	-3.77302640
149.53703022	2.90426636	-3.75410426
151.53703022	2.90426636	-3.73764323
153.53703022	2.90426636	-3.72691315
155.53703022	2.90426636	-3.72123197
157.53703022	2.90426636	-3.71842399
159.53703022	2.90426636	-3.71689893
161.53703022	2.90426636	-3.72366829
163.53703022	2.90426636	-3.72992205
165.53703022	2.90426636	-3.74042897
167.53703022	2.90426636	-3.74963077
169.53703022	2.90426636	-3.76332687
171.53703022	2.90426636	-3.78940034
173.53703022	2.90426636	-3.77394915
175.53703022	2.90426636	-3.74107862
177.53703022	2.90426636	-3.71704292
179.53703022	2.90426636	-3.71056461
181.53703022	2.90426636	-3.74094224
183.53703022	2.90426636	-3.76394248
185.53703022	2.90426636	-3.78691721
187.53703022	2.90426636	-3.77341318
189.53703022	2.90426636	-3.83710264
191.53703022	2.90426636	-3.89387918
193.53703022	2.90426636	-3.75644421
195.53703022	2.90426636	-3.70709829
197.53703022	2.90426636	-3.73898697
199.53703022	2.90426636	-3.68358945
201.53703022	2.90426636	-3.72428119
203.53703022	2.90426636	-3.71448939
205.53703022	2.90426636	-3.73757127
207.53703022	2.90426636	-3.73941467
209.53703022	2.90426636	-3.76716779
211.53703022	2.90426636	-3.77243398
213.53703022	2.90426636	-3.79334404
215.53703022	2.90426636	-3.79940459
217.53703022	2.90426636	-3.81376461
219.53703022	2.90426636	-3.83088303
221.53703022	2.90426636	-3.84674597
223.53703022	2.90426636	-3.82844758
225.53703022	2.90426636	-3.81426907
227.53703022	2.90426636	-3.81426907
229.53703022	2.90426636	-3.81426907
231.53703022	2.90426636	-3.81426907
233.53703022	2.90426636	-3.81426907
235.53703022	2.90426636	-3.81426907
237.53703022	2.90426636	-3.81426907
239.53703022	2.90426636	-3.81426907
241.53703022	2.90426636	-3.81426907
243.53703022	2.90426636	-3.81426907
245.53703022	2.90426636	-3.81426907
247.53703022	2.90426636	-3.81426907
249.53703022	2.90426636	-3.81426907
251.53703022	2.90426636	-3.81426907
253.53703022	2.90426636	-3.81426907
255.53703022	2.90426636	-3.81426907
257.53703022	2.90426636	-3.81426907
259.53703022	2.90426636	-3.81426907
261.53703022	2.90426636	-3.81426907
263.53703022	2.90426636	-3.81426907
265.53703022	2.90426636	-3.81426907
267.53703022	2.90426636	-3.81426907
269.53703022	2.90426636	-3.81426907
271.53703022	2.90426636	-3.81426907
273.53703022	2.90426636	-3.81426907
275.53703022	2.90426636	-3.81426907
277.53703022	2.90426636	-3.81426907
279.53703022	2.90426636	-3.81426907
281.53703022	2.90426636	-3.81426907
-8.46296978	4.90426636	-3.86134028
-6.46296978	4.90426636	-3.86134028
-4.46296978	4.90426636	-3.86134028
-2.46296978	4.90426636	-3.86134028
-0.46296978	4.90426636	-3.86134028
1.53703022	4.90426636	-3.86134028
3.53703022	4.90426636	-3.86134028
5.53703022	4.90426636	-3.86134028
7.53703022	4.90426636	-3.86134028
9.53703022	4.90426636	-3.86134028
11.53703022	4.90426636	-3.86134028
13.53703022	4.90426636	-3.86134028
15.53703022	4.90426636	-3.86134028
17.53703022	4.90426636	-3.86134028
19.53703022	4.90426636	-3.86134028
21.53703022	4.90426636	-3.86134028
23.53703022	4.90426636	-3.86134028
25.53703022	4.90426636	-3.86134028
27.53703022	4.90426636	-3.86134028
29.53703022	4.90426636	-3.86134028
31.53703022	4.90426636	-3.86134028
33.53703022	4.90426636	-3.86134028
35.53703022	4.90426636	-3.86134028
37.53703022	4.90426636	-3.86134028
39.53703022	4.90426636	-3.86134028
41.53703022	4.90426636	-3.87798882
43.53703022	4.90426636	-3.87653518
45.53703022	4.90426636	-3.86992717
47.53703022	4.90426636	-3.86345077
49.53703022	4.90426636	-3.85272957
51.53703022	4.90426636	-3.83979504
53.53703022	4.90426636	-3.82682993
55.53703022	4.90426636	-3.81715810
57.53703022	4.90426636	-3.77625186
59.53703022	4.90426636	-3.77294870
61.53703022	4.90426636	-3.73602571
63.53703022	4.90426636	-3.76128168
65.53703022	4.90426636	-3.75153233
67.53703022	4.90426636	-3.75457330
69.53703022	4.90426636	-3.74945068
71.53703022	4.90426636	-3.74976084
73.53703022	4.90426636	-3.74829481
75.53703022	4.90426636	-3.75016521
77.53703022	4.90426636	-3.75322453
79.53703022	4.90426636	-3.75914526
81.53703022	4.90426636	-3.76625665
83.53703022	4.90426636	-3.77715849
85.53703022	4.90426636	-3.78982631
87.53703022	4.90426636	-3.81155793
89.53703022	4.90426636	-3.82526172
91.53703022	4.90426636	-3.86464657
93.53703022	4.90426636	-3.86038163
95.53703022	4.90426636	-3.89534389
97.53703022	4.90426636	-3.92286885
99.53703022	4.90426636	-3.91006732
101.53703022	4.90426636	-3.93030047
103.53703022	4.90426636	-3.96519303
105.53703022	4.90426636	-3.91853575
107.53703022	4.90426636	-3.90717929
109.53703022	4.90426636	-3.87539161
111.53703022	4.90426636	-3.87344460
113.53703022	4.90426636	-3.85652762
115.53703022	4.90426636	-3.85055907
117.53703022	4.90426636	-3.84266651
119.53703022	4.90426636	-3.84012639
121.53703022	4.90426636	-3.84360317
123.53703022	4.90426636	-3.83882468
125.53703022	4.90426636	-3.83172974
127.53703022	4.90426636	-3.80729140
129.53703022	4.90426636	-3.82895356
131.53703022	4.90426636	-3.86538642
133.53703022	4.90426636	-3.88411782
135.53703022	4.90426636	-3.88175035
137.53703022	4.90426636	-3.88749743
139.53703022	4.90426636	-3.83203673
141.53703022	4.90426636	-3.81625167
143.53703022	4.90426636	-3.79064976
145.53703022	4.90426636	-3.77293150
147.53703022	4.90426636	-3.75479960
149.53703022	4.90426636	-3.71917630
151.53703022	4.90426636	-3.71451585
153.53703022	4.90426636	-3.72630370
155.53703022	4.90426636	-3.72204945
157.53703022	4.90426636	-3.73356291
159.53703022	4.90426636	-3.73710490
161.53703022	4.90426636	-3.75092060
163.53703022	4.90426636	-3.74823344
165.53703022	4.90426636	-3.76905113
167.53703022	4.90426636	-3.76843895
169.53703022	4.90426636	-3.77975149
171.53703022	4.90426636	-3.77915651
173.53703022	4.90426636	-3.78222411
175.53703022	4.90426636	-3.76399159
177.53703022	4.90426636	-3.73843956
179.53703022	4.90426636	-3.66512465
181.53703022	4.90426636	-3.78961380
183.53703022	4.90426636	-3.74118710
185.53703022	4.90426636	-3.75340390
187.53703022	4.90426636	-3.80129123
189.53703022	4.90426636	-3.80518835
191.53703022	4.90426636	-3.81921604
193.53703022	4.90426636	-3.89638019
195.53703022	4.90426636	-3.78896807
197.53703022	4.90426636	-3.83120513
199.53703022	4.90426636	-3.76051693
201.53703022	4.90426636	-3.75889741
203.53703022	4.90426636	-3.74854903
205.53703022	4.90426636	-3.75099830
207.53703022	4.90426636	-3.74873955
209.53703022	4.90426636	-3.75273064
211.53703022	4.90426636	-3.75415896
213.53703022	4.90426636	-3.75286734
215.53703022	4.90426636	-3.75329641
217.53703022	4.90426636	-3.79348591
219.53703022	4.90426636	-3.87852263
221.53703022	4.90426636	-3.84237409
223.53703022	4.90426636	-3.83473158
225.53703022	4.90426636	-3.81186080
227.53703022	4.90426636	-3.78477788
229.53703022	4.90426636	-3.78477788
231.53703022	4.90426636	-3.78477788
233.53703022	4.90426636	-3.78477788
235.53703022	4.90426636	-3.78477788
237.53703022	4.90426636	-3.78477788
239.53703022	4.90426636	-3.78477788
241.53703022	4.90426636	-3.78477788
243.53703022	4.90426636	-3.78477788
245.53703022	4.90426636	-3.78477788
247.53703022	4.90426636	-3.78477788
249.53703022	4.90426636	-3.78477788
251.53703022	4.90426636	-3.78477788
253.53703022	4.90426636	-3.78477788
255.53703022	4.90426636	-3.78477788
257.53703022	4.90426636	-3.78477788
259.53703022	4.90426636	-3.78477788
261.53703022	4.90426636	-3.78477788
263.53703022	4.90426636	-3.78477788
265.53703022	4.90426636	-3.78477788
267.53703022	4.90426636	-3.78477788
269.53703022	4.90426636	-3.78477788
271.53703022	4.90426636	-3.78477788
273.53703022	4.90426636	-3.78477788
275.53703022	4.90426636	-3.78477788
277.53703022	4.90426636	-3.78477788
279.53703022	4.90426636	-3.78477788
281.53703022	4.90426636	-3.78477788
-8.46296978	6.90426636	-3.86596060
-6.46296978	6.90426636	-3.86596060
-4.46296978	6.90426636	-3.86596060
-2.46296978	6.90426636	-3.86596060
-0.46296978	6.90426636	-3.86596060
1.53703022	6.90426636	-3.86596060
3.53703022	6.90426636	-3.86596060
5.53703022	6.90426636	-3.86596060
7.53703022	6.90426636	-3.86596060
9.53703022	6.90426636	-3.86596060
11.53703022	6.90426636	-3.86596060
13.53703022	6.90426636	-3.86596060
15.53703022	6.90426636	-3.86596060
17.53703022	6.90426636	-3.86596060
19.53703022	6.90426636	-3.86596060
21.53703022	6.90426636	-3.86596060
23.53703022	6.90426636	-3.86596060
25.53703022	6.90426636	-3.86596060
27.53703022	6.90426636	-3.86596060
29.53703022	6.90426636	-3.86596060
31.53703022	6.90426636	-3.86596060
33.53703022	6.90426636	-3.86596060
35.53703022	6.90426636	-3.86340475
37.53703022	6.90426636	-3.84818649
39.53703022	6.90426636	-3.86158419
41.53703022	6.90426636	-3.87239408
43.53703022	6.90426636	-3.85191083
45.53703022	6.90426636	-3.86483308
47.53703022	6.90426636	-3.86386039
49.53703022	6.90426636	-3.85490999
51.53703022	6.90426636	-3.84459969
53.53703022	6.90426636	-3.82765637
55.53703022	6.90426636	-3.81315383
57.53703022	6.90426636	-3.77762694
59.53703022	6.90426636	-3.77050280
61.53703022	6.90426636	-3.76526584
63.53703022	6.90426636	-3.76077855
65.53703022	6.90426636	-3.75816904
67.53703022	6.90426636	-3.75464436
69.53703022	6.90426636	-3.75174107
71.53703022	6.90426636	-3.74920830
73.53703022	6.90426636	-3.74760199
75.53703022	6.90426636	-3.74746031
77.53703022	6.90426636	-3.74926458
79.53703022	6.90426636	-3.75337617
81.53703022	6.90426636	-3.76004946
83.53703022	6.90426636	-3.76919458
85.53703022	6.90426636	-3.77971381
87.53703022	6.90426636	-3.79216672
89.53703022	6.90426636	-3.80880923
91.53703022	6.90426636	-3.83660430
93.53703022	6.90426636	-3.86646731
95.53703022	6.90426636	-3.87964630
97.53703022	6.90426636	-3.96417665
99.53703022	6.90426636	-3.92114568
101.53703022	6.90426636	-3.92590070
103.53703022	6.90426636	-3.93379855
105.53703022	6.90426636	-3.94695807
107.53703022	6.90426636	-3.91481013
109.53703022	6.90426636	-3.89864638
111.53703022	6.90426636	-3.88059294
113.53703022	6.90426636	-3.86752215
115.53703022	6.90426636	-3.85621321
117.53703022	6.90426636	-3.84695724
119.53703022	6.90426636	-3.84947717
121.53703022	6.90426636	-3.85031538
123.53703022	6.90426636	-3.84568644
125.53703022	6.90426636	-3.84293937
127.53703022	6.90426636	-3.82880639
129.53703022	6.90426636	-3.82119307
131.53703022	6.90426636	-3.83511919
133.53703022	6.90426636	-3.68854594
135.53703022	6.90426636	-3.87892270
137.53703022	6.90426636	-3.88756275
139.53703022	6.90426636	-3.86390805
141.53703022	6.90426636	-3.82907736
143.53703022	6.90426636	-3.80129128
145.53703022	6.90426636	-3.79290111
147.53703022	6.90426636	-3.77628317
149.53703022	6.90426636	-3.76443656
151.53703022	6.90426636	-3.74953292
153.53703022	6.90426636	-3.73724946
155.53703022	6.90426636	-3.73328184
157.53703022	6.90426636	-3.70191954
159.53703022	6.90426636	-3.71728505
161.53703022	6.90426636	-3.72769901
163.53703022	6.90426636	-3.74107461
165.53703022	6.90426636	-3.75088513
167.53703022	6.90426636	-3.76254360
169.53703022	6.90426636	-3.77069232
171.53703022	6.90426636	-3.77310473
173.53703022	6.90426636	-3.76746469
175.53703022	6.90426636	-3.76978707
177.53703022	6.90426636	-3.75161695
179.53703022	6.90426636	-3.76287389
181.53703022	6.90426636	-3.75191975
183.53703022	6.90426636	-3.76159232
185.53703022	6.90426636	-3.82555608
187.53703022	6.90426636	-3.84632160
189.53703022	6.90426636	-3.87985141
191.53703022	6.90426636	-3.84555446
193.53703022	6.90426636	-3.84241605
195.53703022	6.90426636	-3.55384111
197.53703022	6.90426636	-3.67985320
199.53703022	6.90426636	-3.75921810
201.53703022	6.90426636	-3.74489935
203.53703022	6.90426636	-3.74024654
205.53703022	6.90426636	-3.73932181
207.53703022	6.90426636	-3.74243721
209.53703022	6.90426636	-3.74908969
211.53703022	6.90426636	-3.75538843
213.53703022	6.90426636	-3.75674279
215.53703022	6.90426636	-3.76042116
217.53703022	6.90426636	-3.78454966
219.53703022	6.90426636	-3.78948814
221.53703022	6.90426636	-3.83117056
223.53703022	6.90426636	-3.84953380
225.53703022	6.90426636	-3.83417225
227.53703022	6.90426636	-3.82720518
229.53703022	6.90426636	-3.78715277
231.53703022	6.90426636	-3.78715277
233.53703022	6.90426636	-3.78715277
235.53703022	6.90426636	-3.78715277
237.53703022	6.90426636	-3.78715277
239.53703022	6.90426636	-3.78715277
241.53703022	6.90426636	-3.78715277
243.53703022	6.90426636	-3.78715277
245.53703022	6.90426636	-3.78715277
247.53703022	6.90426636	-3.78715277
249.53703022	6.90426636	-3.78715277
251.53703022	6.90426636	-3.78715277
253.53703022	6.90426636	-3.78715277
255.53703022	6.90426636	-3.78715277
257.53703022	6.90426636	-3.78715277
259.53703022	6.90426636	-3.78715277
261.53703022	6.90426636	-3.78715277
263.53703022	6.90426636	-3.78715277
265.53703022	6.90426636	-3.78715277
267.53703022	6.90426636	-3.78715277
269.53703022	6.90426636	-3.78715277
271.53703022	6.90426636	-3.78715277
273.53703022	6.90426636	-3.78715277
275.53703022	6.90426636	-3.78715277
277.53703022	6.90426636	-3.78715277
279.53703022	6.90426636	-3.78715277
281.53703022	6.90426636	-3.78715277
-8.46296978	8.90426636	-3.86380887
-6.46296978	8.90426636	-3.86380887
-4.46296978	8.90426636	-3.86380887
-2.46296978	8.90426636	-3.86380887
-0.46296978	8.90426636	-3.86380887
1.53703022	8.90426636	-3.86380887
3.53703022	8.90426636	-3.86380887
5.53703022	8.90426636	-3.86380887
7.53703022	8.90426636	-3.86380887
9.53703022	8.90426636	-3.86380887
11.53703022	8.90426636	-3.86380887
13.53703022	8.90426636	-3.86380887
15.53703022	8.90426636	-3.86380887
17.53703022	8.90426636	-3.86380887
19.53703022	8.90426636	-3.86380887
21.53703022	8.90426636	-3.86380887
23.53703022	8.90426636	-3.86380887
25.53703022	8.90426636	-3.86380887
27.53703022	8.90426636	-3.86380887
29.53703022	8.90426636	-3.86380887
31.53703022	8.90426636	-3.86380887
33.53703022	8.90426636	-3.86380887
35.53703022	8.90426636	-3.86813879
37.53703022	8.90426636	-3.85908651
39.53703022	8.90426636	-3.87799382
41.53703022	8.90426636	-3.82821531
43.53703022	8.90426636	-3.82564125
45.53703022	8.90426636	-3.82108466
47.53703022	8.90426636	-3.81757414
49.53703022	8.90426636	-3.81439416
51.53703022	8.90426636	-3.80896749
53.53703022	8.90426636	-3.80698507
55.53703022	8.90426636	-3.80074614
57.53703022	8.90426636	-3.79279298
59.53703022	8.90426636	-3.79223995
61.53703022	8.90426636	-3.78903468
63.53703022	8.90426636	-3.78776117
65.53703022	8.90426636	-3.78090807
67.53703022	8.90426636	-3.78279323
69.53703022	8.90426636	-3.77493369
71.53703022	8.90426636	-3.76199168
73.53703022	8.90426636	-3.77229650
75.53703022	8.90426636	-3.75835900
77.53703022	8.90426636	-3.76883993
79.53703022	8.90426636	-3.75956112
81.53703022	8.90426636	-3.76766326
83.53703022	8.90426636	-3.76762869
85.53703022	8.90426636	-3.77749943
87.53703022	8.90426636	-3.78236433
89.53703022	8.90426636	-3.79723175
91.53703022	8.90426636	-3.80257288
93.53703022	8.90426636	-3.72097111
95.53703022	8.90426636	-3.86726377
97.53703022	8.90426636	-3.84562776
99.53703022	8.90426636	-3.93528748
101.53703022	8.90426636	-3.93030143
103.53703022	8.90426636	-3.94604754
105.53703022	8.90426636	-3.95168447
107.53703022	8.90426636	-3.91529347
109.53703022	8.90426636	-3.91018007
111.53703022	8.90426636	-3.88904472
113.53703022	8.90426636	-3.87687721
115.53703022	8.90426636	-3.87336292
117.53703022	8.90426636	-3.87212400
119.53703022	8.90426636	-3.85495818
121.53703022	8.90426636	-3.83929041
123.53703022	8.90426636	-3.84136604
125.53703022	8.90426636	-3.83703309
127.53703022	8.90426636	-3.81593831
129.53703022	8.90426636	-3.84352228
131.53703022	8.90426636	-3.86598500
133.53703022	8.90426636	-3.87972231
135.53703022	8.90426636	-3.86879897
137.53703022	8.90426636	-3.88610721
139.53703022	8.90426636	-3.87526393
141.53703022	8.90426636	-3.88858509
143.53703022	8.90426636	-3.79620880
145.53703022	8.90426636	-3.78502546
147.53703022	8.90426636	-3.76375638
149.53703022	8.90426636	-3.73520024
151.53703022	8.90426636	-3.71973298
153.53703022	8.90426636	-3.72954642
155.53703022	8.90426636	-3.71609706
157.53703022	8.90426636	-3.73400226
159.53703022	8.90426636	-3.73554328
161.53703022	8.90426636	-3.75690046
163.53703022	8.90426636	-3.76129545
165.53703022	8.90426636	-3.77726544
167.53703022	8.90426636	-3.78071400
169.53703022	8.90426636	-3.78846758
171.53703022	8.90426636	-3.78480991
173.53703022	8.90426636	-3.78642766
175.53703022	8.90426636	-3.75653951
177.53703022	8.90426636	-3.75812747
179.53703022	8.90426636	-3.73306298
181.53703022	8.90426636	-3.74420619
183.53703022	8.90426636	-3.82882437
185.53703022	8.90426636	-3.84484457
187.53703022	8.90426636	-3.85951185
189.53703022	8.90426636	-3.85892582
191.53703022	8.90426636	-3.90595269
193.53703022	8.90426636	-3.79734491
195.53703022	8.90426636	-3.77973158
197.53703022	8.90426636	-3.79946327
199.53703022	8.90426636	-3.75112829
201.53703022	8.90426636	-3.74854578
203.53703022	8.90426636	-3.74275254
205.53703022	8.90426636	-3.74502955
207.53703022	8.90426636	-3.74653562
209.53703022	8.90426636	-3.75184156
211.53703022	8.90426636	-3.74964715
213.53703022	8.90426636	-3.74197529
215.53703022	8.90426636	-3.75278635
217.53703022	8.90426636	-3.76159968
219.53703022	8.90426636	-3.82290879
221.53703022	8.90426636	-3.82826808
223.53703022	8.90426636	-3.84025598
225.53703022	8.90426636	-3.84715462
227.53703022	8.90426636	-3.83047962
229.53703022	8.90426636	-3.75385213
231.53703022	8.90426636	-3.74434833
233.53703022	8.90426636	-3.74381332
235.53703022	8.90426636	-3.74331980
237.53703022	8.90426636	-3.74303923
239.53703022	8.90426636	-3.74303160
241.53703022	8.90426636	-3.74302914
243.53703022	8.90426636	-3.74302839
245.53703022	8.90426636	-3.74302835
247.53703022	8.90426636	-3.74302834
249.53703022	8.90426636	-3.74302833
251.53703022	8.90426636	-3.74302833
253.53703022	8.90426636	-3.74302837
255.53703022	8.90426636	-3.74302847
257.53703022	8.90426636	-3.74302864
259.53703022	8.90426636	-3.78758349
261.53703022	8.90426636	-3.79284629
263.53703022	8.90426636	-3.77320066
265.53703022	8.90426636	-3.78755896
267.53703022	8.90426636	-3.79364711
269.53703022	8.90426636	-3.79364709
271.53703022	8.90426636	-3.79364706
273.53703022	8.90426636	-3.79364705
275.53703022	8.90426636	-3.79364703
277.53703022	8.90426636	-3.79364863
279.53703022	8.90426636	-3.79122353
281.53703022	8.90426636	-3.78998091
-8.46296978	10.90426636	-3.88689899
-6.46296978	10.90426636	-3.88689899
-4.46296978	10.90426636	-3.88689899
-2.46296978	10.90426636	-3.88689899
-0.46296978	10.90426636	-3.88689899
1.53703022	10.90426636	-3.88689899
3.53703022	10.90426636	-3.88689899
5.53703022	10.90426636	-3.88689899
7.53703022	10.90426636	-3.88689899
9.53703022	10.90426636	-3.88689899
11.53703022	10.90426636	-3.88689899
13.53703022	10.90426636	-3.88689899
15.53703022	10.90426636	-3.88689899
17.53703022	10.90426636	-3.88689899
19.53703022	10.90426636	-3.88689899
21.53703022	10.90426636	-3.88689899
23.53703022	10.90426636	-3.88689899
25.53703022	10.90426636	-3.88689899
27.53703022	10.90426636	-3.87126136
29.53703022	10.90426636	-3.88111258
31.53703022	10.90426636	-3.87662268
33.53703022	10.90426636	-3.88823247
35.53703022	10.90426636	-3.86573148
37.53703022	10.90426636	-3.84771442
39.53703022	10.90426636	-3.69546914
41.53703022	10.90426636	-3.80999180
43.53703022	10.90426636	-3.79176703
45.53703022	10.90426636	-3.80793027
47.53703022	10.90426636	-3.80441481
49.53703022	10.90426636	-3.81088995
51.53703022	10.90426636	-3.80769669
53.53703022	10.90426636	-3.80419715
55.53703022	10.90426636	-3.79760910
57.53703022	10.90426636	-3.78676711
59.53703022	10.90426636	-3.78101637
61.53703022	10.90426636	-3.77470686
63.53703022	10.90426636	-3.78162774
65.53703022	10.90426636	-3.77359718
67.53703022	10.90426636	-3.78030206
69.53703022	10.90426636	-3.76896605
71.53703022	10.90426636	-3.77141924
73.53703022	10.90426636	-3.76508428
75.53703022	10.90426636	-3.77007971
77.53703022	10.90426636	-3.75965990
79.53703022	10.90426636	-3.75909404
81.53703022	10.90426636	-3.75848683
83.53703022	10.90426636	-3.76414796
85.53703022	10.90426636	-3.76871972
87.53703022	10.90426636	-3.77734487
89.53703022	10.90426636	-3.79207254
91.53703022	10.90426636	-3.80843552
93.53703022	10.90426636	-3.85069382
95.53703022	10.90426636	-3.73396123
97.53703022	10.90426636	-3.76228723
99.53703022	10.90426636	-3.93477249
101.53703022	10.90426636	-3.94466925
103.53703022	10.90426636	-3.94724655
105.53703022	10.90426636	-3.95441818
107.53703022	10.90426636	-3.92796281
109.53703022	10.90426636	-3.91501440
111.53703022	10.90426636	-3.89761542
113.53703022	10.90426636	-3.88207008
115.53703022	10.90426636	-3.87282068
117.53703022	10.90426636	-3.86977776
119.53703022	10.90426636	-3.86234243
121.53703022	10.90426636	-3.85181744
123.53703022	10.90426636	-3.85445019
125.53703022	10.90426636	-3.85947427
127.53703022	10.90426636	-3.86165328
129.53703022	10.90426636	-3.85824766
131.53703022	10.90426636	-3.84749474
133.53703022	10.90426636	-3.91770148
135.53703022	10.90426636	-3.88878798
137.53703022	10.90426636	-3.87441730
139.53703022	10.90426636	-3.86328077
141.53703022	10.90426636	-3.87011099
143.53703022	10.90426636	-3.76909518
145.53703022	10.90426636	-3.79598354
147.53703022	10.90426636	-3.77936792
149.53703022	10.90426636	-3.76497913
151.53703022	10.90426636	-3.74778200
153.53703022	10.90426636	-3.73752789
155.53703022	10.90426636	-3.56771016
157.53703022	10.90426636	-3.70420977
159.53703022	10.90426636	-3.71726354
161.53703022	10.90426636	-3.73317866
163.53703022	10.90426636	-3.74801141
165.53703022	10.90426636	-3.76168798
167.53703022	10.90426636	-3.77336285
169.53703022	10.90426636	-3.78210247
171.53703022	10.90426636	-3.78276958
173.53703022	10.90426636	-3.78110527
175.53703022	10.90426636	-3.77976857
177.53703022	10.90426636	-3.75352486
179.53703022	10.90426636	-3.75577770
181.53703022	10.90426636	-3.75511619
183.53703022	10.90426636	-3.78381675
185.53703022	10.90426636	-3.83060527
187.53703022	10.90426636	-3.84941292
189.53703022	10.90426636	-3.85256600
191.53703022	10.90426636	-3.86608801
193.53703022	10.90426636	-3.79814010
195.53703022	10.90426636	-3.77284078
197.53703022	10.90426636	-3.76594860
199.53703022	10.90426636	-3.75587372
201.53703022	10.90426636	-3.74162397
203.53703022	10.90426636	-3.73746318
205.53703022	10.90426636	-3.73796838
207.53703022	10.90426636	-3.74155596
209.53703022	10.90426636	-3.74746814
211.53703022	10.90426636	-3.75046778
213.53703022	10.90426636	-3.75003514
215.53703022	10.90426636	-3.75879139
217.53703022	10.90426636	-3.76344089
219.53703022	10.90426636	-3.77698052
221.53703022	10.90426636	-3.80720118
223.53703022	10.90426636	-3.85817337
225.53703022	10.90426636	-3.84218073
227.53703022	10.90426636	-3.81677413
229.53703022	10.90426636	-3.51279926
231.53703022	10.90426636	-3.51279926
233.53703022	10.90426636	-3.51279926
235.53703022	10.90426636	-3.51279926
237.53703022	10.90426636	-3.51279926
239.53703022	10.90426636	-3.51279926
241.53703022	10.90426636	-3.51279926
243.53703022	10.90426636	-3.51279926
245.53703022	10.90426636	-3.51279926
247.53703022	10.90426636	-3.51279926
249.53703022	10.90426636	-3.51279926
251.53703022	10.90426636	-3.51279926
253.53703022	10.90426636	-3.51279926
255.53703022	10.90426636	-3.51279926
257.53703022	10.90426636	-3.51279926
259.53703022	10.90426636	-3.51279926
261.53703022	10.90426636	-3.51279926
263.53703022	10.90426636	-3.51279926
265.53703022	10.90426636	-3.51279926
267.53703022	10.90426636	-3.51279926
269.53703022	10.90426636	-3.51279926
271.53703022	10.90426636	-3.51279926
273.53703022	10.90426636	-3.51279926
275.53703022	10.90426636	-3.51279926
277.53703022	10.90426636	-3.51279926
279.53703022	10.90426636	-3.51279926
281.53703022	10.90426636	-3.51279926
-8.46296978	12.90426636	-3.86606431
-6.46296978	12.90426636	-3.86606431
-4.46296978	12.90426636	-3.86606431
-2.46296978	12.90426636	-3.86606431
-0.46296978	12.90426636	-3.86606431
1.53703022	12.90426636	-3.86606431
3.53703022	12.90426636	-3.86606431
5.53703022	12.90426636	-3.86606431
7.53703022	12.90426636	-3.86606431
9.53703022	12.90426636	-3.86606431
11.53703022	12.90426636	-3.86606431
13.53703022	12.90426636	-3.86606431
15.53703022	12.90426636	-3.86606431
17.53703022	12.90426636	-3.86606431
19.53703022	12.90426636	-3.86606431
21.53703022	12.90426636	-3.86606431
23.53703022	12.90426636	-3.85418272
25.53703022	12.90426636	-3.87438869
27.53703022	12.90426636	-3.87747836
29.53703022	12.90426636	-3.87002087
31.53703022	12.90426636	-3.86782718
33.53703022	12.90426636	-3.84857966
35.53703022	12.90426636	-3.83722753
37.53703022	12.90426636	-3.81672395
39.53703022	12.90426636	-3.81636013
41.53703022	12.90426636	-3.81029183
43.53703022	12.90426636	-3.81285906
45.53703022	12.90426636	-3.80875116
47.53703022	12.90426636	-3.80751664
49.53703022	12.90426636	-3.80346140
51.53703022	12.90426636	-3.80203152
53.53703022	12.90426636	-3.80173888
55.53703022	12.90426636	-3.79688499
57.53703022	12.90426636	-3.79042391
59.53703022	12.90426636	-3.78657481
61.53703022	12.90426636	-3.79500666
63.53703022	12.90426636	-3.78745043
65.53703022	12.90426636	-3.79901659
67.53703022	12.90426636	-3.78248600
69.53703022	12.90426636	-3.78756657
71.53703022	12.90426636	-3.76326076
73.53703022	12.90426636	-3.76931461
75.53703022	12.90426636	-3.75885254
77.53703022	12.90426636	-3.76311366
79.53703022	12.90426636	-3.75941780
81.53703022	12.90426636	-3.76539894
83.53703022	12.90426636	-3.76810978
85.53703022	12.90426636	-3.77729320
87.53703022	12.90426636	-3.78289466
89.53703022	12.90426636	-3.79766850
91.53703022	12.90426636	-3.81060781
93.53703022	12.90426636	-3.72448916
95.53703022	12.90426636	-3.79999748
97.53703022	12.90426636	-3.63421750
99.53703022	12.90426636	-3.93222636
101.53703022	12.90426636	-3.93685579
103.53703022	12.90426636	-3.93904996
105.53703022	12.90426636	-3.94732523
107.53703022	12.90426636	-3.92981958
109.53703022	12.90426636	-3.90663124
111.53703022	12.90426636	-3.88528914
113.53703022	12.90426636	-3.87070421
115.53703022	12.90426636	-3.87631595
117.53703022	12.90426636	-3.87188768
119.53703022	12.90426636	-3.86991118
121.53703022	12.90426636	-3.83856981
123.53703022	12.90426636	-3.86440426
125.53703022	12.90426636	-3.77544880
127.53703022	12.90426636	-3.92652202
129.53703022	12.90426636	-3.90959477
131.53703022	12.90426636	-3.90507913
133.53703022	12.90426636	-3.88679171
135.53703022	12.90426636	-3.88254285
137.53703022	12.90426636	-3.85735822
139.53703022	12.90426636	-3.86919904
141.53703022	12.90426636	-3.86383390
143.53703022	12.90426636	-3.81424489
145.53703022	12.90426636	-3.80452428
147.53703022	12.90426636	-3.77672718
149.53703022	12.90426636	-3.75578853
151.53703022	12.90426636	-3.73638785
153.53703022	12.90426636	-3.73864248
155.53703022	12.90426636	-3.71849911
157.53703022	12.90426636	-3.73718435
159.53703022	12.90426636	-3.67722940
161.53703022	12.90426636	-3.75766721
163.53703022	12.90426636	-3.75538515
165.53703022	12.90426636	-3.77763809
167.53703022	12.90426636	-3.77977772
169.53703022	12.90426636	-3.78760654
171.53703022	12.90426636	-3.78412911
173.53703022	12.90426636	-3.78969239
175.53703022	12.90426636	-3.75273717
177.53703022	12.90426636	-3.76528077
179.53703022	12.90426636	-3.75376618
181.53703022	12.90426636	-3.84836149
183.53703022	12.90426636	-3.84781837
185.53703022	12.90426636	-3.82819034
187.53703022	12.90426636	-3.87292433
189.53703022	12.90426636	-3.82768170
191.53703022	12.90426636	-3.85942401
193.53703022	12.90426636	-3.80514210
195.53703022	12.90426636	-3.79082675
197.53703022	12.90426636	-3.78867786
199.53703022	12.90426636	-3.75226170
201.53703022	12.90426636	-3.75528956
203.53703022	12.90426636	-3.74215224
205.53703022	12.90426636	-3.74514456
207.53703022	12.90426636	-3.74470591
209.53703022	12.90426636	-3.74968697
211.53703022	12.90426636	-3.74803054
213.53703022	12.90426636	-3.74661336
215.53703022	12.90426636	-3.75797109
217.53703022	12.90426636	-3.75579996
219.53703022	12.90426636	-3.81185001
221.53703022	12.90426636	-3.63074780
223.53703022	12.90426636	-3.83099109
225.53703022	12.90426636	-3.82226372
227.53703022	12.90426636	-3.85497785
229.53703022	12.90426636	-3.86551523
231.53703022	12.90426636	-3.79524970
233.53703022	12.90426636	-3.79524970
235.53703022	12.90426636	-3.79524970
237.53703022	12.90426636	-3.79524970
239.53703022	12.90426636	-3.79524970
241.53703022	12.90426636	-3.79524970
243.53703022	12.90426636	-3.79524970
245.53703022	12.90426636	-3.79524970
247.53703022	12.90426636	-3.79524970
249.53703022	12.90426636	-3.79524970
251.53703022	12.90426636	-3.79524970
253.53703022	12.90426636	-3.79524970
255.53703022	12.90426636	-3.79524970
257.53703022	12.90426636	-3.79524970
259.53703022	12.90426636	-3.79524970
261.53703022	12.90426636	-3.79524970
263.53703022	12.90426636	-3.79524970
265.53703022	12.90426636	-3.79524970
267.53703022	12.90426636	-3.79524970
269.53703022	12.90426636	-3.79524970
271.53703022	12.90426636	-3.79524970
273.53703022	12.90426636	-3.79524970
275.53703022	12.90426636	-3.79524970
277.53703022	12.90426636	-3.79524970
279.53703022	12.90426636	-3.79524970
281.53703022	12.90426636	-3.79524970
-8.46296978	14.90426636	-3.86799431
-6.46296978	14.90426636	-3.86799431
-4.46296978	14.90426636	-3.86799431
-2.46296978	14.90426636	-3.86799431
-0.46296978	14.90426636	-3.86799431
1.53703022	14.90426636	-3.86799431
3.53703022	14.90426636	-3.86799431
5.53703022	14.90426636	-3.86799431
7.53703022	14.90426636	-3.86799431
9.53703022	14.90426636	-3.86799431
11.53703022	14.90426636	-3.86799431
13.53703022	14.90426636	-3.86799431
15.53703022	14.90426636	-3.86799431
17.53703022	14.90426636	-3.86799431
19.53703022	14.90426636	-3.85698056
21.53703022	14.90426636	-3.86286473
23.53703022	14.90426636	-3.86327505
25.53703022	14.90426636	-3.85718203
27.53703022	14.90426636	-3.88324022
29.53703022	14.90426636	-3.85236840
31.53703022	14.90426636	-3.84718159
33.53703022	14.90426636	-3.83997410
35.53703022	14.90426636	-3.82510554
37.53703022	14.90426636	-3.81795296
39.53703022	14.90426636	-3.78219644
41.53703022	14.90426636	-3.80668438
43.53703022	14.90426636	-3.79966871
45.53703022	14.90426636	-3.80360030
47.53703022	14.90426636	-3.80016526
49.53703022	14.90426636	-3.79475547
51.53703022	14.90426636	-3.80239195
53.53703022	14.90426636	-3.80057939
55.53703022	14.90426636	-3.79240776
57.53703022	14.90426636	-3.78713489
59.53703022	14.90426636	-3.78470297
61.53703022	14.90426636	-3.78597026
63.53703022	14.90426636	-3.78669040
65.53703022	14.90426636	-3.79159117
67.53703022	14.90426636	-3.79226524
69.53703022	14.90426636	-3.78546109
71.53703022	14.90426636	-3.79639196
73.53703022	14.90426636	-3.80409789
75.53703022	14.90426636	-3.76534959
77.53703022	14.90426636	-3.75483850
79.53703022	14.90426636	-3.75495435
81.53703022	14.90426636	-3.75694583
83.53703022	14.90426636	-3.76227599
85.53703022	14.90426636	-3.76801745
87.53703022	14.90426636	-3.77642381
89.53703022	14.90426636	-3.78823779
91.53703022	14.90426636	-3.80812972
93.53703022	14.90426636	-3.77000856
95.53703022	14.90426636	-3.70849983
97.53703022	14.90426636	-3.71091365
99.53703022	14.90426636	-3.88422390
101.53703022	14.90426636	-3.95706105
103.53703022	14.90426636	-3.94848037
105.53703022	14.90426636	-3.94897890
107.53703022	14.90426636	-3.93176627
109.53703022	14.90426636	-3.91349145
111.53703022	14.90426636	-3.89466736
113.53703022	14.90426636	-3.88769524
115.53703022	14.90426636	-3.88078032
117.53703022	14.90426636	-3.88238968
119.53703022	14.90426636	-3.89524614
121.53703022	14.90426636	-3.89190642
123.53703022	14.90426636	-3.95822120
125.53703022	14.90426636	-3.94863725
127.53703022	14.90426636	-3.90612483
129.53703022	14.90426636	-3.90378690
131.53703022	14.90426636	-3.89596796
133.53703022	14.90426636	-3.86695719
135.53703022	14.90426636	-3.86921090
137.53703022	14.90426636	-3.70450974
139.53703022	14.90426636	-3.84573174
141.53703022	14.90426636	-3.87384105
143.53703022	14.90426636	-3.82828464
145.53703022	14.90426636	-3.81028424
147.53703022	14.90426636	-3.79551618
149.53703022	14.90426636	-3.78081199
151.53703022	14.90426636	-3.76304264
153.53703022	14.90426636	-3.74034297
155.53703022	14.90426636	-3.71019435
157.53703022	14.90426636	-3.73647881
159.53703022	14.90426636	-3.70003986
161.53703022	14.90426636	-3.74274658
163.53703022	14.90426636	-3.77088387
165.53703022	14.90426636	-3.79560720
167.53703022	14.90426636	-3.81296174
169.53703022	14.90426636	-3.82732615
171.53703022	14.90426636	-3.83026884
173.53703022	14.90426636	-3.83654466
175.53703022	14.90426636	-3.82789731
177.53703022	14.90426636	-3.86650205
179.53703022	14.90426636	-3.87945390
181.53703022	14.90426636	-3.85423303
183.53703022	14.90426636	-3.91261816
185.53703022	14.90426636	-3.68538284
187.53703022	14.90426636	-3.79799190
189.53703022	14.90426636	-3.77990610
191.53703022	14.90426636	-3.75737475
193.53703022	14.90426636	-3.74057015
195.53703022	14.90426636	-3.73311114
197.53703022	14.90426636	-3.72672186
199.53703022	14.90426636	-3.72455313
201.53703022	14.90426636	-3.72416952
203.53703022	14.90426636	-3.72619640
205.53703022	14.90426636	-3.72883742
207.53703022	14.90426636	-3.73344688
209.53703022	14.90426636	-3.73845120
211.53703022	14.90426636	-3.74215968
213.53703022	14.90426636	-3.74924225
215.53703022	14.90426636	-3.74909355
217.53703022	14.90426636	-3.74828304
219.53703022	14.90426636	-3.68183100
221.53703022	14.90426636	-3.60962176
223.53703022	14.90426636	-3.79031244
225.53703022	14.90426636	-3.83105103
227.53703022	14.90426636	-3.86517763
229.53703022	14.90426636	-3.81823527
231.53703022	14.90426636	-3.80105858
233.53703022	14.90426636	-3.79224540
235.53703022	14.90426636	-3.78989547
237.53703022	14.90426636	-3.78882374
239.53703022	14.90426636	-3.78673278
241.53703022	14.90426636	-3.78595836
243.53703022	14.90426636	-3.78481725
245.53703022	14.90426636	-3.78431823
247.53703022	14.90426636	-3.78371432
249.53703022	14.90426636	-3.78336412
251.53703022	14.90426636	-3.78297880
253.53703022	14.90426636	-3.78268680
255.53703022	14.90426636	-3.78236512
257.53703022	14.90426636	-3.78205096
259.53703022	14.90426636	-3.78168917
261.53703022	14.90426636	-3.78134141
263.53703022	14.90426636	-3.78092107
265.53703022	14.90426636	-3.78037467
267.53703022	14.90426636	-3.77991209
269.53703022	14.90426636	-3.77942953
271.53703022	14.90426636	-3.77909153
273.53703022	14.90426636	-3.77904338
275.53703022	14.90426636	-3.77913071
277.53703022	14.90426636	-3.77870143
279.53703022	14.90426636	-3.77744769
281.53703022	14.90426636	-3.75081831
-8.46296978	16.90426636	-3.87861848
-6.46296978	16.90426636	-3.87861848
-4.46296978	16.90426636	-3.87861848
-2.46296978	16.90426636	-3.87861848
-0.46296978	16.90426636	-3.87861848
1.53703022	16.90426636	-3.87861848
3.53703022	16.90426636	-3.87861848
5.53703022	16.90426636	-3.87861848
7.53703022	16.90426636	-3.87861848
9.53703022	16.90426636	-3.87861848
11.53703022	16.90426636	-3.87861848
13.53703022	16.90426636	-3.87861848
15.53703022	16.90426636	-3.86328602
17.53703022	16.90426636	-3.86832881
19.53703022	16.90426636	-3.87157154
21.53703022	16.90426636	-3.85670471
23.53703022	16.90426636	-3.87410831
25.53703022	16.90426636	-3.86291361
27.53703022	16.90426636	-3.86990374
29.53703022	16.90426636	-3.85861315
31.53703022	16.90426636	-3.84797407
33.53703022	16.90426636	-3.83689609
35.53703022	16.90426636	-3.82556104
37.53703022	16.90426636	-3.81257334
39.53703022	16.90426636	-3.81080018
41.53703022	16.90426636	-3.80805950
43.53703022	16.90426636	-3.80724098
45.53703022	16.90426636	-3.80489411
47.53703022	16.90426636	-3.79837615
49.53703022	16.90426636	-3.79629866
51.53703022	16.90426636	-3.79274452
53.53703022	16.90426636	-3.81406665
55.53703022	16.90426636	-3.81249695
57.53703022	16.90426636	-3.81554781
59.53703022	16.90426636	-3.81125653
61.53703022	16.90426636	-3.81366464
63.53703022	16.90426636	-3.79484482
65.53703022	16.90426636	-3.79061693
67.53703022	16.90426636	-3.74769150
69.53703022	16.90426636	-3.87334251
71.53703022	16.90426636	-3.78486776
73.53703022	16.90426636	-3.81528139
75.53703022	16.90426636	-3.74894162
77.53703022	16.90426636	-3.76068085
79.53703022	16.90426636	-3.77022384
81.53703022	16.90426636	-3.76401619
83.53703022	16.90426636	-3.75582057
85.53703022	16.90426636	-3.77490191
87.53703022	16.90426636	-3.77545585
89.53703022	16.90426636	-3.79464361
91.53703022	16.90426636	-3.79995026
93.53703022	16.90426636	-3.80210204
95.53703022	16.90426636	-3.79123793
97.53703022	16.90426636	-3.78992682
99.53703022	16.90426636	-3.81997332
101.53703022	16.90426636	-3.87592400
103.53703022	16.90426636	-3.92816377
105.53703022	16.90426636	-3.92279959
107.53703022	16.90426636	-3.90130758
109.53703022	16.90426636	-3.91260164
111.53703022	16.90426636	-3.93394691
113.53703022	16.90426636	-3.89190806
115.53703022	16.90426636	-3.85624218
117.53703022	16.90426636	-3.88908625
119.53703022	16.90426636	-3.88063482
121.53703022	16.90426636	-3.81839939
123.53703022	16.90426636	-3.93860912
125.53703022	16.90426636	-3.92002726
127.53703022	16.90426636	-3.90184402
129.53703022	16.90426636	-3.89291215
131.53703022	16.90426636	-3.88265634
133.53703022	16.90426636	-3.86572884
135.53703022	16.90426636	-3.85194420
137.53703022	16.90426636	-3.86227019
139.53703022	16.90426636	-3.86340693
141.53703022	16.90426636	-3.86284995
143.53703022	16.90426636	-3.85095978
145.53703022	16.90426636	-3.81022409
147.53703022	16.90426636	-3.79468553
149.53703022	16.90426636	-3.78423900
151.53703022	16.90426636	-3.76710972
153.53703022	16.90426636	-3.75627412
155.53703022	16.90426636	-3.73430204
157.53703022	16.90426636	-3.74504671
159.53703022	16.90426636	-3.71746464
161.53703022	16.90426636	-3.79131097
163.53703022	16.90426636	-3.78688912
165.53703022	16.90426636	-3.82998368
167.53703022	16.90426636	-3.82846465
169.53703022	16.90426636	-3.83703683
171.53703022	16.90426636	-3.83789970
173.53703022	16.90426636	-3.90981102
175.53703022	16.90426636	-3.89342380
177.53703022	16.90426636	-3.90153193
179.53703022	16.90426636	-3.83681369
181.53703022	16.90426636	-3.78998518
183.53703022	16.90426636	-3.82239031
185.53703022	16.90426636	-3.80234044
187.53703022	16.90426636	-3.80968229
189.53703022	16.90426636	-3.78147013
191.53703022	16.90426636	-3.78098254
193.53703022	16.90426636	-3.75218015
195.53703022	16.90426636	-3.74234136
197.53703022	16.90426636	-3.74479229
199.53703022	16.90426636	-3.73051290
201.53703022	16.90426636	-3.73187038
203.53703022	16.90426636	-3.72878182
205.53703022	16.90426636	-3.73142070
207.53703022	16.90426636	-3.73356609
209.53703022	16.90426636	-3.73719293
211.53703022	16.90426636	-3.74278727
213.53703022	16.90426636	-3.74872808
215.53703022	16.90426636	-3.72980656
217.53703022	16.90426636	-3.67809027
219.53703022	16.90426636	-3.73559238
221.53703022	16.90426636	-3.75143207
223.53703022	16.90426636	-3.81918769
225.53703022	16.90426636	-3.81942628
227.53703022	16.90426636	-3.86616755
229.53703022	16.90426636	-3.81902092
231.53703022	16.90426636	-3.80330537
233.53703022	16.90426636	-3.79952936
235.53703022	16.90426636	-3.78833287
237.53703022	16.90426636	-3.78649499
239.53703022	16.90426636	-3.78535319
241.53703022	16.90426636	-3.78440941
243.53703022	16.90426636	-3.78382352
245.53703022	16.90426636	-3.78333878
247.53703022	16.90426636	-3.78300273
249.53703022	16.90426636	-3.78271157
251.53703022	16.90426636	-3.78247684
253.53703022	16.90426636	-3.78225217
255.53703022	16.90426636	-3.78203685
257.53703022	16.90426636	-3.78181042
259.53703022	16.90426636	-3.78156858
261.53703022	16.90426636	-3.78129654
263.53703022	16.90426636	-3.78098800
265.53703022	16.90426636	-3.78063998
267.53703022	16.90426636	-3.78025538
269.53703022	16.90426636	-3.77984949
271.53703022	16.90426636	-3.77941325
273.53703022	16.90426636	-3.77905392
275.53703022	16.90426636	-3.77869487
277.53703022	16.90426636	-3.77815777
279.53703022	16.90426636	-3.75734125
281.53703022	16.90426636	-3.76445047
-8.46296978	18.90426636	-3.88596416
-6.46296978	18.90426636	-3.88596416
-4.46296978	18.90426636	-3.88596416
-2.46296978	18.90426636	-3.88596416
-0.46296978	18.90426636	-3.88596416
1.53703022	18.90426636	-3.88596416
3.53703022	18.90426636	-3.88596416
5.53703022	18.90426636	-3.88596416
7.53703022	18.90426636	-3.88596416
9.53703022	18.90426636	-3.88596416
11.53703022	18.90426636	-3.87879729
13.53703022	18.90426636	-3.86469007
15.53703022	18.90426636	-3.87619376
17.53703022	18.90426636	-3.86981535
19.53703022	18.90426636	-3.85689330
21.53703022	18.90426636	-3.75756741
23.53703022	18.90426636	-3.66746759
25.53703022	18.90426636	-3.85281164
27.53703022	18.90426636	-3.86508933
29.53703022	18.90426636	-3.85099283
31.53703022	18.90426636	-3.84971283
33.53703022	18.90426636	-3.83706602
35.53703022	18.90426636	-3.81631367
37.53703022	18.90426636	-3.81964463
39.53703022	18.90426636	-3.78829622
41.53703022	18.90426636	-3.81020051
43.53703022	18.90426636	-3.79981674
45.53703022	18.90426636	-3.80548280
47.53703022	18.90426636	-3.80006907
49.53703022	18.90426636	-3.79868293
51.53703022	18.90426636	-3.79235339
53.53703022	18.90426636	-3.79291457
55.53703022	18.90426636	-3.77570013
57.53703022	18.90426636	-3.78774602
59.53703022	18.90426636	-3.79947777
61.53703022	18.90426636	-3.81806739
63.53703022	18.90426636	-3.87405920
65.53703022	18.90426636	-3.81300251
67.53703022	18.90426636	-3.82071801
69.53703022	18.90426636	-3.78896707
71.53703022	18.90426636	-3.78087664
73.53703022	18.90426636	-3.64571166
75.53703022	18.90426636	-3.69826007
77.53703022	18.90426636	-3.73364657
79.53703022	18.90426636	-3.74509779
81.53703022	18.90426636	-3.74981695
83.53703022	18.90426636	-3.75660222
85.53703022	18.90426636	-3.75970488
87.53703022	18.90426636	-3.76905639
89.53703022	18.90426636	-3.77476297
91.53703022	18.90426636	-3.77967812
93.53703022	18.90426636	-3.79809253
95.53703022	18.90426636	-3.80746460
97.53703022	18.90426636	-3.82807392
99.53703022	18.90426636	-3.81292789
101.53703022	18.90426636	-3.84190297
103.53703022	18.90426636	-3.96129203
105.53703022	18.90426636	-3.93680000
107.53703022	18.90426636	-3.91146398
109.53703022	18.90426636	-3.90403175
111.53703022	18.90426636	-3.92079306
113.53703022	18.90426636	-3.93485843
115.53703022	18.90426636	-3.93125632
117.53703022	18.90426636	-3.93078546
119.53703022	18.90426636	-3.91212336
121.53703022	18.90426636	-3.89824963
123.53703022	18.90426636	-3.92093205
125.53703022	18.90426636	-3.93579626
127.53703022	18.90426636	-3.88874054
129.53703022	18.90426636	-3.61405516
131.53703022	18.90426636	-3.75781255
133.53703022	18.90426636	-3.78035019
135.53703022	18.90426636	-3.82437572
137.53703022	18.90426636	-3.84295779
139.53703022	18.90426636	-3.90786314
141.53703022	18.90426636	-3.86492982
143.53703022	18.90426636	-3.88592744
145.53703022	18.90426636	-3.83060119
147.53703022	18.90426636	-3.82944151
149.53703022	18.90426636	-3.81005703
151.53703022	18.90426636	-3.80055022
153.53703022	18.90426636	-3.78754198
155.53703022	18.90426636	-3.78427641
157.53703022	18.90426636	-3.78541323
159.53703022	18.90426636	-3.79406899
161.53703022	18.90426636	-3.82364395
163.53703022	18.90426636	-3.86624063
165.53703022	18.90426636	-3.88547015
167.53703022	18.90426636	-3.88728664
169.53703022	18.90426636	-3.88612700
171.53703022	18.90426636	-3.89276648
173.53703022	18.90426636	-3.89232373
175.53703022	18.90426636	-3.86580920
177.53703022	18.90426636	-3.83492763
179.53703022	18.90426636	-3.81903005
181.53703022	18.90426636	-3.79294647
183.53703022	18.90426636	-3.79965450
185.53703022	18.90426636	-3.74054141
187.53703022	18.90426636	-3.76000498
189.53703022	18.90426636	-3.74154913
191.53703022	18.90426636	-3.74140934
193.53703022	18.90426636	-3.73073458
195.53703022	18.90426636	-3.72880311
197.53703022	18.90426636	-3.72430259
199.53703022	18.90426636	-3.72437202
201.53703022	18.90426636	-3.72456104
203.53703022	18.90426636	-3.72758451
205.53703022	18.90426636	-3.73275746
207.53703022	18.90426636	-3.73240175
209.53703022	18.90426636	-3.73635382
211.53703022	18.90426636	-3.73697302
213.53703022	18.90426636	-3.73699090
215.53703022	18.90426636	-3.73617648
217.53703022	18.90426636	-3.74339933
219.53703022	18.90426636	-3.75908728
221.53703022	18.90426636	-3.75006958
223.53703022	18.90426636	-3.80965728
225.53703022	18.90426636	-3.83624986
227.53703022	18.90426636	-3.83529357
229.53703022	18.90426636	-3.84994721
231.53703022	18.90426636	-3.77935218
233.53703022	18.90426636	-3.76070088
235.53703022	18.90426636	-3.74100718
237.53703022	18.90426636	-3.73054030
239.53703022	18.90426636	-3.71822559
241.53703022	18.90426636	-3.71179302
243.53703022	18.90426636	-3.70511679
245.53703022	18.90426636	-3.70122558
247.53703022	18.90426636	-3.69731608
249.53703022	18.90426636	-3.69449312
251.53703022	18.90426636	-3.69158077
253.53703022	18.90426636	-3.68895349
255.53703022	18.90426636	-3.68611829
257.53703022	18.90426636	-3.68316035
259.53703022	18.90426636	-3.67989480
261.53703022	18.90426636	-3.67636192
263.53703022	18.90426636	-3.67227371
265.53703022	18.90426636	-3.66730898
267.53703022	18.90426636	-3.66276704
269.53703022	18.90426636	-3.65829649
271.53703022	18.90426636	-3.65350296
273.53703022	18.90426636	-3.65115578
275.53703022	18.90426636	-3.64835894
277.53703022	18.90426636	-3.60965394
279.53703022	18.90426636	-3.63581252
281.53703022	18.90426636	-3.52185073
-8.46296978	20.90426636	-3.87420177
-6.46296978	20.90426636	-3.87420177
-4.46296978	20.90426636	-3.87420177
-2.46296978	20.90426636	-3.87420177
-0.46296978	20.90426636	-3.87420177
1.53703022	20.90426636	-3.87420177
3.53703022	20.90426636	-3.87420177
5.53703022	20.90426636	-3.87420177
7.53703022	20.90426636	-3.88197947
9.53703022	20.90426636	-3.86508489
11.53703022	20.90426636	-3.86566591
13.53703022	20.90426636	-3.89287305
15.53703022	20.90426636	-3.86646104
17.53703022	20.90426636	-3.87036204
19.53703022	20.90426636	-3.83175639
21.53703022	20.90426636	-3.81141982
23.53703022	20.90426636	-3.80578176
25.53703022	20.90426636	-3.81858333
27.53703022	20.90426636	-3.81438013
29.53703022	20.90426636	-3.81124535
31.53703022	20.90426636	-3.81046854
33.53703022	20.90426636	-3.80766463
35.53703022	20.90426636	-3.80766207
37.53703022	20.90426636	-3.80332246
39.53703022	20.90426636	-3.80155798
41.53703022	20.90426636	-3.80340870
43.53703022	20.90426636	-3.80336159
45.53703022	20.90426636	-3.80907286
47.53703022	20.90426636	-3.77811233
49.53703022	20.90426636	-3.78431605
51.53703022	20.90426636	-3.79982538
53.53703022	20.90426636	-3.81886579
55.53703022	20.90426636	-3.81557463
57.53703022	20.90426636	-3.82095284
59.53703022	20.90426636	-3.80716326
61.53703022	20.90426636	-3.81230888
63.53703022	20.90426636	-3.78276264
65.53703022	20.90426636	-3.79239269
67.53703022	20.90426636	-3.74191269
69.53703022	20.90426636	-3.78201888
71.53703022	20.90426636	-3.77759172
73.53703022	20.90426636	-3.75255183
75.53703022	20.90426636	-3.73407076
77.53703022	20.90426636	-3.75638103
79.53703022	20.90426636	-3.75200895
81.53703022	20.90426636	-3.76452281
83.53703022	20.90426636	-3.75997399
85.53703022	20.90426636	-3.77311403
87.53703022	20.90426636	-3.77691016
89.53703022	20.90426636	-3.78937119
91.53703022	20.90426636	-3.80110222
93.53703022	20.90426636	-3.81570070
95.53703022	20.90426636	-3.79755528
97.53703022	20.90426636	-3.81470506
99.53703022	20.90426636	-3.81080601
101.53703022	20.90426636	-3.77599669
103.53703022	20.90426636	-3.79778242
105.53703022	20.90426636	-3.93146658
107.53703022	20.90426636	-3.93498707
109.53703022	20.90426636	-3.91971350
111.53703022	20.90426636	-3.91606355
113.53703022	20.90426636	-3.90506029
115.53703022	20.90426636	-3.96276975
117.53703022	20.90426636	-3.89471387
119.53703022	20.90426636	-3.85641486
121.53703022	20.90426636	-3.81458874
123.53703022	20.90426636	-3.82811213
125.53703022	20.90426636	-3.79666018
127.53703022	20.90426636	-3.81785915
129.53703022	20.90426636	-3.79864589
131.53703022	20.90426636	-3.81642220
133.53703022	20.90426636	-3.83105835
135.53703022	20.90426636	-3.83830554
137.53703022	20.90426636	-3.85124755
139.53703022	20.90426636	-3.84428031
141.53703022	20.90426636	-3.84469548
143.53703022	20.90426636	-3.82558054
145.53703022	20.90426636	-3.82278466
147.53703022	20.90426636	-3.81392779
149.53703022	20.90426636	-3.80651294
151.53703022	20.90426636	-3.79670233
153.53703022	20.90426636	-3.80431391
155.53703022	20.90426636	-3.80500601
157.53703022	20.90426636	-3.81991957
159.53703022	20.90426636	-3.83196615
161.53703022	20.90426636	-3.87367691
163.53703022	20.90426636	-3.82957578
165.53703022	20.90426636	-3.90364957
167.53703022	20.90426636	-3.89589453
169.53703022	20.90426636	-3.88077760
171.53703022	20.90426636	-3.88648799
173.53703022	20.90426636	-3.87969393
175.53703022	20.90426636	-3.87056704
177.53703022	20.90426636	-3.85281998
179.53703022	20.90426636	-3.82291289
181.53703022	20.90426636	-3.80588203
183.53703022	20.90426636	-3.78187333
185.53703022	20.90426636	-3.77171084
187.53703022	20.90426636	-3.76017045
189.53703022	20.90426636	-3.75410508
191.53703022	20.90426636	-3.74531957
193.53703022	20.90426636	-3.73755586
195.53703022	20.90426636	-3.73091811
197.53703022	20.90426636	-3.72614898
199.53703022	20.90426636	-3.72312541
201.53703022	20.90426636	-3.72198079
203.53703022	20.90426636	-3.72289748
205.53703022	20.90426636	-3.72644685
207.53703022	20.90426636	-3.72767103
209.53703022	20.90426636	-3.73190257
211.53703022	20.90426636	-3.73587014
213.53703022	20.90426636	-3.73695157
215.53703022	20.90426636	-3.73209518
217.53703022	20.90426636	-3.73062740
219.53703022	20.90426636	-3.72658262
221.53703022	20.90426636	-3.75195927
223.53703022	20.90426636	-3.78839844
225.53703022	20.90426636	-3.81888397
227.53703022	20.90426636	-3.86580992
229.53703022	20.90426636	-3.85817885
231.53703022	20.90426636	-3.79927451
233.53703022	20.90426636	-3.76198698
235.53703022	20.90426636	-3.74139263
237.53703022	20.90426636	-3.72863327
239.53703022	20.90426636	-3.71954809
241.53703022	20.90426636	-3.71244450
243.53703022	20.90426636	-3.70751876
245.53703022	20.90426636	-3.70363415
247.53703022	20.90426636	-3.70066844
249.53703022	20.90426636	-3.69809276
251.53703022	20.90426636	-3.69580870
253.53703022	20.90426636	-3.69355641
255.53703022	20.90426636	-3.69129029
257.53703022	20.90426636	-3.68888704
259.53703022	20.90426636	-3.68630071
261.53703022	20.90426636	-3.68332158
263.53703022	20.90426636	-3.67990083
265.53703022	20.90426636	-3.67595868
267.53703022	20.90426636	-3.67206504
269.53703022	20.90426636	-3.66767503
271.53703022	20.90426636	-3.66190656
273.53703022	20.90426636	-3.65823728
275.53703022	20.90426636	-3.65352039
277.53703022	20.90426636	-3.63175944
279.53703022	20.90426636	-3.65011175
281.53703022	20.90426636	-3.67421062
-8.46296978	22.90426636	-3.86955881
-6.46296978	22.90426636	-3.86955881
-4.46296978	22.90426636	-3.86955881
-2.46296978	22.90426636	-3.86955881
-0.46296978	22.90426636	-3.86955881
1.53703022	22.90426636	-3.86955881
3.53703022	22.90426636	-3.86955881
5.53703022	22.90426636	-3.86955881
7.53703022	22.90426636	-3.87916827
9.53703022	22.90426636	-3.86860357
11.53703022	22.90426636	-3.88075276
13.53703022	22.90426636	-3.91634655
15.53703022	22.90426636	-3.87110567
17.53703022	22.90426636	-3.86059955
19.53703022	22.90426636	-3.82680268
21.53703022	22.90426636	-3.79380719
23.53703022	22.90426636	-3.77656013
25.53703022	22.90426636	-3.80713878
27.53703022	22.90426636	-3.80846650
29.53703022	22.90426636	-3.81012533
31.53703022	22.90426636	-3.80653365
33.53703022	22.90426636	-3.80618329
35.53703022	22.90426636	-3.80264747
37.53703022	22.90426636	-3.80201915
39.53703022	22.90426636	-3.80018789
41.53703022	22.90426636	-3.80217266
43.53703022	22.90426636	-3.80139949
45.53703022	22.90426636	-3.80125267
47.53703022	22.90426636	-3.79151595
49.53703022	22.90426636	-3.78456823
51.53703022	22.90426636	-3.79476199
53.53703022	22.90426636	-3.67538714
55.53703022	22.90426636	-3.78822634
57.53703022	22.90426636	-3.79600896
59.53703022	22.90426636	-3.87442327
61.53703022	22.90426636	-3.84049892
63.53703022	22.90426636	-3.82012925
65.53703022	22.90426636	-3.80462834
67.53703022	22.90426636	-3.79166603
69.53703022	22.90426636	-3.75103211
71.53703022	22.90426636	-3.76443053
73.53703022	22.90426636	-3.62737489
75.53703022	22.90426636	-3.76369405
77.53703022	22.90426636	-3.74171449
79.53703022	22.90426636	-3.74400151
81.53703022	22.90426636	-3.75519019
83.53703022	22.90426636	-3.75874392
85.53703022	22.90426636	-3.76430883
87.53703022	22.90426636	-3.77145027
89.53703022	22.90426636	-3.77851183
91.53703022	22.90426636	-3.78809905
93.53703022	22.90426636	-3.80583371
95.53703022	22.90426636	-3.81201774
97.53703022	22.90426636	-3.84098931
99.53703022	22.90426636	-3.81201260
101.53703022	22.90426636	-3.70182848
103.53703022	22.90426636	-3.70665765
105.53703022	22.90426636	-3.93738985
107.53703022	22.90426636	-3.91667223
109.53703022	22.90426636	-3.91351271
111.53703022	22.90426636	-3.90893531
113.53703022	22.90426636	-3.92100286
115.53703022	22.90426636	-3.92994022
117.53703022	22.90426636	-3.91936025
119.53703022	22.90426636	-3.85041952
121.53703022	22.90426636	-3.85523613
123.53703022	22.90426636	-3.82579357
125.53703022	22.90426636	-3.80968124
127.53703022	22.90426636	-3.80535769
129.53703022	22.90426636	-3.74442072
131.53703022	22.90426636	-3.79113015
133.53703022	22.90426636	-3.78545001
135.53703022	22.90426636	-3.83268054
137.53703022	22.90426636	-3.84193175
139.53703022	22.90426636	-3.85880479
141.53703022	22.90426636	-3.86360831
143.53703022	22.90426636	-3.83997339
145.53703022	22.90426636	-3.89905810
147.53703022	22.90426636	-3.82380091
149.53703022	22.90426636	-3.81113932
151.53703022	22.90426636	-3.80006441
153.53703022	22.90426636	-3.79214548
155.53703022	22.90426636	-3.79152979
157.53703022	22.90426636	-3.79431195
159.53703022	22.90426636	-3.83025956
161.53703022	22.90426636	-3.88401842
163.53703022	22.90426636	-3.88940454
165.53703022	22.90426636	-3.85786533
167.53703022	22.90426636	-3.88664414
169.53703022	22.90426636	-3.88448853
171.53703022	22.90426636	-3.87402148
173.53703022	22.90426636	-3.87472744
175.53703022	22.90426636	-3.85505566
177.53703022	22.90426636	-3.83191197
179.53703022	22.90426636	-3.83353552
181.53703022	22.90426636	-3.78171724
183.53703022	22.90426636	-3.80476624
185.53703022	22.90426636	-3.74201901
187.53703022	22.90426636	-3.76470080
189.53703022	22.90426636	-3.73798258
191.53703022	22.90426636	-3.74150590
193.53703022	22.90426636	-3.72812201
195.53703022	22.90426636	-3.72772847
197.53703022	22.90426636	-3.72239631
199.53703022	22.90426636	-3.72303556
201.53703022	22.90426636	-3.72298767
203.53703022	22.90426636	-3.72601247
205.53703022	22.90426636	-3.72966355
207.53703022	22.90426636	-3.73324446
209.53703022	22.90426636	-3.74056388
211.53703022	22.90426636	-3.73617237
213.53703022	22.90426636	-3.72806343
215.53703022	22.90426636	-3.74079594
217.53703022	22.90426636	-3.72598842
219.53703022	22.90426636	-3.76966561
221.53703022	22.90426636	-3.74525872
223.53703022	22.90426636	-3.81109932
225.53703022	22.90426636	-3.82557227
227.53703022	22.90426636	-3.85255718
229.53703022	22.90426636	-3.85311460
231.53703022	22.90426636	-3.85784173
233.53703022	22.90426636	-3.82446909
235.53703022	22.90426636	-3.74523470
237.53703022	22.90426636	-3.73354280
239.53703022	22.90426636	-3.71817372
241.53703022	22.90426636	-3.71105310
243.53703022	22.90426636	-3.70284998
245.53703022	22.90426636	-3.69851608
247.53703022	22.90426636	-3.69391998
249.53703022	22.90426636	-3.69092875
251.53703022	22.90426636	-3.68775027
253.53703022	22.90426636	-3.68509173
255.53703022	22.90426636	-3.68216173
257.53703022	22.90426636	-3.67918677
259.53703022	22.90426636	-3.67585075
261.53703022	22.90426636	-3.67232062
263.53703022	22.90426636	-3.66839214
265.53703022	22.90426636	-3.66366732
267.53703022	22.90426636	-3.65907977
269.53703022	22.90426636	-3.65430901
271.53703022	22.90426636	-3.65021355
273.53703022	22.90426636	-3.64684023
275.53703022	22.90426636	-3.64178852
277.53703022	22.90426636	-3.62138655
279.53703022	22.90426636	-3.63466535
281.53703022	22.90426636	-3.43386626
-8.46296978	24.90426636	-3.86030078
-6.46296978	24.90426636	-3.86030078
-4.46296978	24.90426636	-3.86030078
-2.46296978	24.90426636	-3.86030078
-0.46296978	24.90426636	-3.86030078
1.53703022	24.90426636	-3.86030078
3.53703022	24.90426636	-3.86030078
5.53703022	24.90426636	-3.86030078
7.53703022	24.90426636	-3.86118388
9.53703022	24.90426636	-3.87908005
11.53703022	24.90426636	-3.87083380
13.53703022	24.90426636	-3.87708220
15.53703022	24.90426636	-3.85834078
17.53703022	24.90426636	-3.85679612
19.53703022	24.90426636	-3.83917963
21.53703022	24.90426636	-3.82912284
23.53703022	24.90426636	-3.82068624
25.53703022	24.90426636	-3.82037048
27.53703022	24.90426636	-3.81450476
29.53703022	24.90426636	-3.81044221
31.53703022	24.90426636	-3.80935416
33.53703022	24.90426636	-3.80597200
35.53703022	24.90426636	-3.80715659
37.53703022	24.90426636	-3.80368230
39.53703022	24.90426636	-3.80324693
41.53703022	24.90426636	-3.80008480
43.53703022	24.90426636	-3.79891979
45.53703022	24.90426636	-3.80573748
47.53703022	24.90426636	-3.79631237
49.53703022	24.90426636	-3.80733983
51.53703022	24.90426636	-3.78903759
53.53703022	24.90426636	-3.79894699
55.53703022	24.90426636	-3.86654687
57.53703022	24.90426636	-3.89276862
59.53703022	24.90426636	-3.81669755
61.53703022	24.90426636	-3.82611924
63.53703022	24.90426636	-3.79316111
65.53703022	24.90426636	-3.80492643
67.53703022	24.90426636	-3.64886642
69.53703022	24.90426636	-3.79216439
71.53703022	24.90426636	-3.73964958
73.53703022	24.90426636	-3.71869302
75.53703022	24.90426636	-3.87365842
77.53703022	24.90426636	-3.76390814
79.53703022	24.90426636	-3.64072227
81.53703022	24.90426636	-3.76618416
83.53703022	24.90426636	-3.75600515
85.53703022	24.90426636	-3.77600261
87.53703022	24.90426636	-3.77301143
89.53703022	24.90426636	-3.78011012
91.53703022	24.90426636	-3.79518416
93.53703022	24.90426636	-3.80569001
95.53703022	24.90426636	-3.81552049
97.53703022	24.90426636	-3.79841846
99.53703022	24.90426636	-3.80498046
101.53703022	24.90426636	-3.91992784
103.53703022	24.90426636	-3.92744994
105.53703022	24.90426636	-3.91845298
107.53703022	24.90426636	-3.93252754
109.53703022	24.90426636	-3.94567990
111.53703022	24.90426636	-3.91625762
113.53703022	24.90426636	-3.90995741
115.53703022	24.90426636	-3.93268309
117.53703022	24.90426636	-3.89457761
119.53703022	24.90426636	-3.86281092
121.53703022	24.90426636	-3.82777764
123.53703022	24.90426636	-3.84140688
125.53703022	24.90426636	-3.81933983
127.53703022	24.90426636	-3.81642414
129.53703022	24.90426636	-3.81417703
131.53703022	24.90426636	-3.81657875
133.53703022	24.90426636	-3.83127588
135.53703022	24.90426636	-3.83246802
137.53703022	24.90426636	-3.84314935
139.53703022	24.90426636	-3.84241513
141.53703022	24.90426636	-3.82924406
143.53703022	24.90426636	-3.72594285
145.53703022	24.90426636	-3.89991045
147.53703022	24.90426636	-3.81071594
149.53703022	24.90426636	-3.81256778
151.53703022	24.90426636	-3.79893965
153.53703022	24.90426636	-3.80674803
155.53703022	24.90426636	-3.79988443
157.53703022	24.90426636	-3.83972049
159.53703022	24.90426636	-3.88641477
161.53703022	24.90426636	-3.87783517
163.53703022	24.90426636	-3.87989616
165.53703022	24.90426636	-3.88085438
167.53703022	24.90426636	-3.86933463
169.53703022	24.90426636	-3.87696046
171.53703022	24.90426636	-3.86209202
173.53703022	24.90426636	-3.84960269
175.53703022	24.90426636	-3.80233121
177.53703022	24.90426636	-3.78670513
179.53703022	24.90426636	-3.76858992
181.53703022	24.90426636	-3.75285930
183.53703022	24.90426636	-3.74011836
185.53703022	24.90426636	-3.73121400
187.53703022	24.90426636	-3.72462811
189.53703022	24.90426636	-3.72035158
191.53703022	24.90426636	-3.71678127
193.53703022	24.90426636	-3.71435995
195.53703022	24.90426636	-3.71297985
197.53703022	24.90426636	-3.71281970
199.53703022	24.90426636	-3.71430505
201.53703022	24.90426636	-3.71720846
203.53703022	24.90426636	-3.72154261
205.53703022	24.90426636	-3.72792180
207.53703022	24.90426636	-3.73455452
209.53703022	24.90426636	-3.73862962
211.53703022	24.90426636	-3.74370614
213.53703022	24.90426636	-3.75483450
215.53703022	24.90426636	-3.75184813
217.53703022	24.90426636	-3.75877042
219.53703022	24.90426636	-3.75983518
221.53703022	24.90426636	-3.78235844
223.53703022	24.90426636	-3.83891294
225.53703022	24.90426636	-3.85029316
227.53703022	24.90426636	-3.85132813
229.53703022	24.90426636	-3.84556341
231.53703022	24.90426636	-3.83785343
233.53703022	24.90426636	-3.81126952
235.53703022	24.90426636	-3.82039690
237.53703022	24.90426636	-3.76932896
239.53703022	24.90426636	-3.76513119
241.53703022	24.90426636	-3.75355845
243.53703022	24.90426636	-3.75051702
245.53703022	24.90426636	-3.74456307
247.53703022	24.90426636	-3.74193778
249.53703022	24.90426636	-3.73805925
251.53703022	24.90426636	-3.73514912
253.53703022	24.90426636	-3.73138874
255.53703022	24.90426636	-3.72791990
257.53703022	24.90426636	-3.72390755
259.53703022	24.90426636	-3.71984167
261.53703022	24.90426636	-3.71576066
263.53703022	24.90426636	-3.71010941
265.53703022	24.90426636	-3.70174579
267.53703022	24.90426636	-3.69582334
269.53703022	24.90426636	-3.68513663
271.53703022	24.90426636	-3.67942993
273.53703022	24.90426636	-3.67365319
275.53703022	24.90426636	-3.64860205
277.53703022	24.90426636	-3.64682957
279.53703022	24.90426636	-3.67083332
281.53703022	24.90426636	-3.67585792
-8.46296978	26.90426636	-3.88607287
-6.46296978	26.90426636	-3.88607287
-4.46296978	26.90426636	-3.88607287
-2.46296978	26.90426636	-3.88607287
-0.46296978	26.90426636	-3.88607287
1.53703022	26.90426636	-3.88607287
3.53703022	26.90426636	-3.88607287
5.53703022	26.90426636	-3.88607287
7.53703022	26.90426636	-3.86553027
9.53703022	26.90426636	-3.89093298
11.53703022	26.90426636	-3.85082347
13.53703022	26.90426636	-3.87505360
15.53703022	26.90426636	-3.82532606
17.53703022	26.90426636	-3.82830805
19.53703022	26.90426636	-3.79314822
21.53703022	26.90426636	-3.78212894
23.53703022	26.90426636	-3.75823609
25.53703022	26.90426636	-3.77722606
27.53703022	26.90426636	-3.77199445
29.53703022	26.90426636	-3.78262441
31.53703022	26.90426636	-3.78419869
33.53703022	26.90426636	-3.78863837
35.53703022	26.90426636	-3.83531903
37.53703022	26.90426636	-3.86486610
39.53703022	26.90426636	-3.90980536
41.53703022	26.90426636	-3.91895995
43.53703022	26.90426636	-3.98206906
45.53703022	26.90426636	-3.74251151
47.53703022	26.90426636	-3.66172004
49.53703022	26.90426636	-3.84246349
51.53703022	26.90426636	-3.92228103
53.53703022	26.90426636	-3.99418998
55.53703022	26.90426636	-4.03455305
57.53703022	26.90426636	-3.83835768
59.53703022	26.90426636	-3.84630933
61.53703022	26.90426636	-3.81286785
63.53703022	26.90426636	-3.71682358
65.53703022	26.90426636	-3.77543712
67.53703022	26.90426636	-3.76877308
69.53703022	26.90426636	-3.76709890
71.53703022	26.90426636	-3.81545170
73.53703022	26.90426636	-3.67234731
75.53703022	26.90426636	-3.89260364
77.53703022	26.90426636	-3.91452599
79.53703022	26.90426636	-3.87408923
81.53703022	26.90426636	-3.88598704
83.53703022	26.90426636	-3.78639584
85.53703022	26.90426636	-3.88325274
87.53703022	26.90426636	-3.85056569
89.53703022	26.90426636	-3.88882933
91.53703022	26.90426636	-3.86624076
93.53703022	26.90426636	-3.88784307
95.53703022	26.90426636	-3.66994572
97.53703022	26.90426636	-3.83220744
99.53703022	26.90426636	-3.90037894
101.53703022	26.90426636	-3.89504790
103.53703022	26.90426636	-3.90216664
105.53703022	26.90426636	-3.90748835
107.53703022	26.90426636	-3.93547869
109.53703022	26.90426636	-3.94160533
111.53703022	26.90426636	-3.92043495
113.53703022	26.90426636	-3.92227149
115.53703022	26.90426636	-3.93562484
117.53703022	26.90426636	-3.90114381
119.53703022	26.90426636	-3.88091615
121.53703022	26.90426636	-3.87435703
123.53703022	26.90426636	-3.85070344
125.53703022	26.90426636	-3.83791906
127.53703022	26.90426636	-3.82231937
129.53703022	26.90426636	-3.80365880
131.53703022	26.90426636	-3.80098687
133.53703022	26.90426636	-3.79308496
135.53703022	26.90426636	-3.79430126
137.53703022	26.90426636	-3.78384964
139.53703022	26.90426636	-3.80307350
141.53703022	26.90426636	-3.87155296
143.53703022	26.90426636	-3.84588047
145.53703022	26.90426636	-3.87027746
147.53703022	26.90426636	-3.86430240
149.53703022	26.90426636	-3.82894279
151.53703022	26.90426636	-3.78781925
153.53703022	26.90426636	-3.89450026
155.53703022	26.90426636	-3.87729502
157.53703022	26.90426636	-3.87167215
159.53703022	26.90426636	-3.80980477
161.53703022	26.90426636	-3.81455191
163.53703022	26.90426636	-3.80448676
165.53703022	26.90426636	-3.80200815
167.53703022	26.90426636	-3.79416935
169.53703022	26.90426636	-3.78850743
171.53703022	26.90426636	-3.78001032
173.53703022	26.90426636	-3.77185527
175.53703022	26.90426636	-3.76200157
177.53703022	26.90426636	-3.75189850
179.53703022	26.90426636	-3.74369789
181.53703022	26.90426636	-3.73587184
183.53703022	26.90426636	-3.73063864
185.53703022	26.90426636	-3.72634557
187.53703022	26.90426636	-3.72440805
189.53703022	26.90426636	-3.72406510
191.53703022	26.90426636	-3.72556093
193.53703022	26.90426636	-3.72843302
195.53703022	26.90426636	-3.73425143
197.53703022	26.90426636	-3.73955274
199.53703022	26.90426636	-3.74846040
201.53703022	26.90426636	-3.76279465
203.53703022	26.90426636	-3.77350920
205.53703022	26.90426636	-3.79156188
207.53703022	26.90426636	-3.79959403
209.53703022	26.90426636	-3.80664967
211.53703022	26.90426636	-3.83596877
213.53703022	26.90426636	-3.82981047
215.53703022	26.90426636	-3.85648149
217.53703022	26.90426636	-3.84724933
219.53703022	26.90426636	-3.86511724
221.53703022	26.90426636	-3.84342007
223.53703022	26.90426636	-3.84466195
225.53703022	26.90426636	-3.83464050
227.53703022	26.90426636	-3.83659697
229.53703022	26.90426636	-3.82838035
231.53703022	26.90426636	-3.81441236
233.53703022	26.90426636	-3.81441236
235.53703022	26.90426636	-3.81303144
237.53703022	26.90426636	-3.82446567
239.53703022	26.90426636	-3.81965618
241.53703022	26.90426636	-3.81647032
243.53703022	26.90426636	-3.80928412
245.53703022	26.90426636	-3.81339585
247.53703022	26.90426636	-3.81046921
249.53703022	26.90426636	-3.81153351
251.53703022	26.90426636	-3.81005325
253.53703022	26.90426636	-3.80954613
255.53703022	26.90426636	-3.80833913
257.53703022	26.90426636	-3.80727523
259.53703022	26.90426636	-3.80593663
261.53703022	26.90426636	-3.80464867
263.53703022	26.90426636	-3.80331418
265.53703022	26.90426636	-3.80208871
267.53703022	26.90426636	-3.80089892
269.53703022	26.90426636	-3.79939590
271.53703022	26.90426636	-3.79762662
273.53703022	26.90426636	-3.79478557
275.53703022	26.90426636	-3.79221698
277.53703022	26.90426636	-3.78945837
279.53703022	26.90426636	-3.76359464
281.53703022	26.90426636	-3.76426590
-8.46296978	28.90426636	-3.85508914
-6.46296978	28.90426636	-3.85486505
-4.46296978	28.90426636	-3.83716687
-2.46296978	28.90426636	-3.83078852
-0.46296978	28.90426636	-3.82656473
1.53703022	28.90426636	-3.82300272
3.53703022	28.90426636	-3.81982005
5.53703022	28.90426636	-3.78517500
7.53703022	28.90426636	-3.80472473
9.53703022	28.90426636	-3.78471019
11.53703022	28.90426636	-3.79542807
13.53703022	28.90426636	-3.78713490
15.53703022	28.90426636	-3.79111168
17.53703022	28.90426636	-3.78908323
19.53703022	28.90426636	-3.79592945
21.53703022	28.90426636	-3.79612866
23.53703022	28.90426636	-3.78208001
25.53703022	28.90426636	-3.78783348
27.53703022	28.90426636	-3.76677584
29.53703022	28.90426636	-3.79462642
31.53703022	28.90426636	-3.80057968
33.53703022	28.90426636	-3.81246370
35.53703022	28.90426636	-3.85348365
37.53703022	28.90426636	-3.92556285
39.53703022	28.90426636	-3.88552996
41.53703022	28.90426636	-3.93987651
43.53703022	28.90426636	-3.89195635
45.53703022	28.90426636	-3.92915010
47.53703022	28.90426636	-3.88864756
49.53703022	28.90426636	-3.93888664
51.53703022	28.90426636	-3.96511221
53.53703022	28.90426636	-3.85638005
55.53703022	28.90426636	-3.83630418
57.53703022	28.90426636	-3.80122096
59.53703022	28.90426636	-3.76406431
61.53703022	28.90426636	-3.78875542
63.53703022	28.90426636	-3.79182148
65.53703022	28.90426636	-3.77603412
67.53703022	28.90426636	-3.76218843
69.53703022	28.90426636	-3.81607011
71.53703022	28.90426636	-3.82731476
73.53703022	28.90426636	-3.84810981
75.53703022	28.90426636	-3.79400086
77.53703022	28.90426636	-3.91824031
79.53703022	28.90426636	-3.89467525
81.53703022	28.90426636	-3.91000586
83.53703022	28.90426636	-3.92863214
85.53703022	28.90426636	-3.80529657
87.53703022	28.90426636	-3.83863247
89.53703022	28.90426636	-3.88670866
91.53703022	28.90426636	-3.66442776
93.53703022	28.90426636	-3.82133222
95.53703022	28.90426636	-3.93500614
97.53703022	28.90426636	-3.90700555
99.53703022	28.90426636	-3.92387509
101.53703022	28.90426636	-3.91330242
103.53703022	28.90426636	-3.82921891
105.53703022	28.90426636	-3.83071571
107.53703022	28.90426636	-3.92192507
109.53703022	28.90426636	-3.94087076
111.53703022	28.90426636	-3.91883516
113.53703022	28.90426636	-3.93175936
115.53703022	28.90426636	-3.96146870
117.53703022	28.90426636	-3.92901578
119.53703022	28.90426636	-3.91609799
121.53703022	28.90426636	-3.88108819
123.53703022	28.90426636	-3.85801716
125.53703022	28.90426636	-3.83888418
127.53703022	28.90426636	-3.82118633
129.53703022	28.90426636	-3.80981903
131.53703022	28.90426636	-3.79909819
133.53703022	28.90426636	-3.79371833
135.53703022	28.90426636	-3.78832968
137.53703022	28.90426636	-3.79006048
139.53703022	28.90426636	-3.79249487
141.53703022	28.90426636	-3.78984127
143.53703022	28.90426636	-3.85043804
145.53703022	28.90426636	-3.86493448
147.53703022	28.90426636	-3.89776373
149.53703022	28.90426636	-3.88763475
151.53703022	28.90426636	-3.85460830
153.53703022	28.90426636	-3.85298562
155.53703022	28.90426636	-3.80451568
157.53703022	28.90426636	-3.80049124
159.53703022	28.90426636	-3.80132210
161.53703022	28.90426636	-3.79819175
163.53703022	28.90426636	-3.79578216
165.53703022	28.90426636	-3.79071243
167.53703022	28.90426636	-3.78556085
169.53703022	28.90426636	-3.77877463
171.53703022	28.90426636	-3.77136267
173.53703022	28.90426636	-3.76285907
175.53703022	28.90426636	-3.75409617
177.53703022	28.90426636	-3.74600293
179.53703022	28.90426636	-3.73819547
181.53703022	28.90426636	-3.73115404
183.53703022	28.90426636	-3.72529434
185.53703022	28.90426636	-3.71960850
187.53703022	28.90426636	-3.71637225
189.53703022	28.90426636	-3.71439177
191.53703022	28.90426636	-3.71585638
193.53703022	28.90426636	-3.71890451
195.53703022	28.90426636	-3.72516526
197.53703022	28.90426636	-3.73221820
199.53703022	28.90426636	-3.74249540
201.53703022	28.90426636	-3.75276503
203.53703022	28.90426636	-3.76578744
205.53703022	28.90426636	-3.78050112
207.53703022	28.90426636	-3.80027124
209.53703022	28.90426636	-3.82785245
211.53703022	28.90426636	-3.83643304
213.53703022	28.90426636	-3.85915800
215.53703022	28.90426636	-3.86169813
217.53703022	28.90426636	-3.86478004
219.53703022	28.90426636	-3.85970559
221.53703022	28.90426636	-3.87805581
223.53703022	28.90426636	-3.84525037
225.53703022	28.90426636	-3.81802058
227.53703022	28.90426636	-3.82316613
229.53703022	28.90426636	-3.82946205
231.53703022	28.90426636	-3.82205176
233.53703022	28.90426636	-3.83318734
235.53703022	28.90426636	-3.83543324
237.53703022	28.90426636	-3.82901948
239.53703022	28.90426636	-3.82317127
241.53703022	28.90426636	-3.81820114
243.53703022	28.90426636	-3.81923060
245.53703022	28.90426636	-3.81892336
247.53703022	28.90426636	-3.81944437
249.53703022	28.90426636	-3.81897643
251.53703022	28.90426636	-3.81875638
253.53703022	28.90426636	-3.81828535
255.53703022	28.90426636	-3.81784591
257.53703022	28.90426636	-3.81730247
259.53703022	28.90426636	-3.81676549
261.53703022	28.90426636	-3.81621792
263.53703022	28.90426636	-3.81570080
265.53703022	28.90426636	-3.81519274
267.53703022	28.90426636	-3.81458673
269.53703022	28.90426636	-3.81384746
271.53703022	28.90426636	-3.81287029
273.53703022	28.90426636	-3.81186726
275.53703022	28.90426636	-3.81063735
277.53703022	28.90426636	-3.80870078
279.53703022	28.90426636	-3.80642684
281.53703022	28.90426636	-3.81448591
-8.46296978	30.90426636	-3.85724664
-6.46296978	30.90426636	-3.85724664
-4.46296978	30.90426636	-3.85724664
-2.46296978	30.90426636	-3.85252094
-0.46296978	30.90426636	-3.83727804
1.53703022	30.90426636	-3.82092944
3.53703022	30.90426636	-3.80485442
5.53703022	30.90426636	-3.80081610
7.53703022	30.90426636	-3.78945838
9.53703022	30.90426636	-3.78940009
11.53703022	30.90426636	-3.78454843
13.53703022	30.90426636	-3.78415819
15.53703022	30.90426636	-3.78339253
17.53703022	30.90426636	-3.78381534
19.53703022	30.90426636	-3.78712788
21.53703022	30.90426636	-3.79219518
23.53703022	30.90426636	-3.79848569
25.53703022	30.90426636	-3.80773771
27.53703022	30.90426636	-3.80210163
29.53703022	30.90426636	-3.78590328
31.53703022	30.90426636	-3.79798148
33.53703022	30.90426636	-3.79761446
35.53703022	30.90426636	-3.79674798
37.53703022	30.90426636	-3.82971355
39.53703022	30.90426636	-3.87693739
41.53703022	30.90426636	-3.94698310
43.53703022	30.90426636	-3.98198152
45.53703022	30.90426636	-3.96685052
47.53703022	30.90426636	-4.04600716
49.53703022	30.90426636	-3.89347386
51.53703022	30.90426636	-3.86473218
53.53703022	30.90426636	-3.83898714
55.53703022	30.90426636	-3.82397487
57.53703022	30.90426636	-3.80715161
59.53703022	30.90426636	-3.77957462
61.53703022	30.90426636	-3.81927848
63.53703022	30.90426636	-3.81090903
65.53703022	30.90426636	-3.80215693
67.53703022	30.90426636	-3.79287529
69.53703022	30.90426636	-3.80094608
71.53703022	30.90426636	-3.81442911
73.53703022	30.90426636	-3.82589444
75.53703022	30.90426636	-3.84943339
77.53703022	30.90426636	-3.77926278
79.53703022	30.90426636	-3.87918162
81.53703022	30.90426636	-3.97274256
83.53703022	30.90426636	-3.90665823
85.53703022	30.90426636	-3.91249816
87.53703022	30.90426636	-3.71186805
89.53703022	30.90426636	-3.86778283
91.53703022	30.90426636	-3.93374181
93.53703022	30.90426636	-3.92601466
95.53703022	30.90426636	-3.89033246
97.53703022	30.90426636	-3.88935542
99.53703022	30.90426636	-3.97151709
101.53703022	30.90426636	-3.87136847
103.53703022	30.90426636	-3.87561944
105.53703022	30.90426636	-3.77321219
107.53703022	30.90426636	-3.89692091
109.53703022	30.90426636	-3.86618461
111.53703022	30.90426636	-3.94485426
113.53703022	30.90426636	-3.92613840
115.53703022	30.90426636	-3.92279601
117.53703022	30.90426636	-3.95356274
119.53703022	30.90426636	-3.90888721
121.53703022	30.90426636	-3.88333437
123.53703022	30.90426636	-3.84261872
125.53703022	30.90426636	-3.82675177
127.53703022	30.90426636	-3.81344112
129.53703022	30.90426636	-3.80050236
131.53703022	30.90426636	-3.79557915
133.53703022	30.90426636	-3.79021566
135.53703022	30.90426636	-3.78986416
137.53703022	30.90426636	-3.78433483
139.53703022	30.90426636	-3.79502746
141.53703022	30.90426636	-3.86253389
143.53703022	30.90426636	-3.86860986
145.53703022	30.90426636	-3.92836356
147.53703022	30.90426636	-3.87323475
149.53703022	30.90426636	-3.85333419
151.53703022	30.90426636	-3.72210336
153.53703022	30.90426636	-3.82365685
155.53703022	30.90426636	-3.81215025
157.53703022	30.90426636	-3.81476285
159.53703022	30.90426636	-3.80034755
161.53703022	30.90426636	-3.80040878
163.53703022	30.90426636	-3.79365904
165.53703022	30.90426636	-3.78934117
167.53703022	30.90426636	-3.78234284
169.53703022	30.90426636	-3.77568212
171.53703022	30.90426636	-3.76760515
173.53703022	30.90426636	-3.75905557
175.53703022	30.90426636	-3.74960929
177.53703022	30.90426636	-3.74101226
179.53703022	30.90426636	-3.73393904
181.53703022	30.90426636	-3.72825628
183.53703022	30.90426636	-3.72290394
185.53703022	30.90426636	-3.72013528
187.53703022	30.90426636	-3.71754628
189.53703022	30.90426636	-3.71847340
191.53703022	30.90426636	-3.72110021
193.53703022	30.90426636	-3.72700834
195.53703022	30.90426636	-3.73474586
197.53703022	30.90426636	-3.74557751
199.53703022	30.90426636	-3.75348137
201.53703022	30.90426636	-3.77076300
203.53703022	30.90426636	-3.78175345
205.53703022	30.90426636	-3.80146615
207.53703022	30.90426636	-3.82974716
209.53703022	30.90426636	-3.83052865
211.53703022	30.90426636	-3.84397721
213.53703022	30.90426636	-3.86068652
215.53703022	30.90426636	-3.86800718
217.53703022	30.90426636	-3.86034298
219.53703022	30.90426636	-3.86532283
221.53703022	30.90426636	-3.85511661
223.53703022	30.90426636	-3.86533666
225.53703022	30.90426636	-3.83155680
227.53703022	30.90426636	-3.84327412
229.53703022	30.90426636	-3.82983732
231.53703022	30.90426636	-3.82473493
233.53703022	30.90426636	-3.82349205
235.53703022	30.90426636	-3.83806396
237.53703022	30.90426636	-3.83000422
239.53703022	30.90426636	-3.81973976
241.53703022	30.90426636	-3.82103674
243.53703022	30.90426636	-3.81864589
245.53703022	30.90426636	-3.81992819
247.53703022	30.90426636	-3.81902147
249.53703022	30.90426636	-3.81914860
251.53703022	30.90426636	-3.81849408
253.53703022	30.90426636	-3.81807887
255.53703022	30.90426636	-3.81742790
257.53703022	30.90426636	-3.81679531
259.53703022	30.90426636	-3.81607774
261.53703022	30.90426636	-3.81538507
263.53703022	30.90426636	-3.81468954
265.53703022	30.90426636	-3.81399712
267.53703022	30.90426636	-3.81325408
269.53703022	30.90426636	-3.81228499
271.53703022	30.90426636	-3.81114313
273.53703022	30.90426636	-3.80954600
275.53703022	30.90426636	-3.80812554
277.53703022	30.90426636	-3.80661603
279.53703022	30.90426636	-3.80530749
281.53703022	30.90426636	-3.80638840
-8.46296978	32.90426636	-3.85382032
-6.46296978	32.90426636	-3.85382032
-4.46296978	32.90426636	-3.85382032
-2.46296978	32.90426636	-3.85382032
-0.46296978	32.90426636	-3.82048695
1.53703022	32.90426636	-3.79146233
3.53703022	32.90426636	-3.80372630
5.53703022	32.90426636	-3.78450346
7.53703022	32.90426636	-3.79217739
9.53703022	32.90426636	-3.78326550
11.53703022	32.90426636	-3.78676692
13.53703022	32.90426636	-3.78400194
15.53703022	32.90426636	-3.78527377
17.53703022	32.90426636	-3.78682532
19.53703022	32.90426636	-3.79361757
21.53703022	32.90426636	-3.79903249
23.53703022	32.90426636	-3.79649417
25.53703022	32.90426636	-3.80170631
27.53703022	32.90426636	-3.80139627
29.53703022	32.90426636	-3.79475768
31.53703022	32.90426636	-3.81301539
33.53703022	32.90426636	-3.81274359
35.53703022	32.90426636	-3.84159904
37.53703022	32.90426636	-3.94819372
39.53703022	32.90426636	-3.92816114
41.53703022	32.90426636	-4.02685595
43.53703022	32.90426636	-3.90390687
45.53703022	32.90426636	-3.90720587
47.53703022	32.90426636	-3.88895315
49.53703022	32.90426636	-3.87299343
51.53703022	32.90426636	-3.86161897
53.53703022	32.90426636	-3.83197524
55.53703022	32.90426636	-3.81474495
57.53703022	32.90426636	-3.77694553
59.53703022	32.90426636	-3.78859232
61.53703022	32.90426636	-3.75928807
63.53703022	32.90426636	-3.80183482
65.53703022	32.90426636	-3.79294091
67.53703022	32.90426636	-3.79554952
69.53703022	32.90426636	-3.81578033
71.53703022	32.90426636	-3.82885618
73.53703022	32.90426636	-3.85740461
75.53703022	32.90426636	-3.86581259
77.53703022	32.90426636	-3.91433374
79.53703022	32.90426636	-3.87415910
81.53703022	32.90426636	-3.88447475
83.53703022	32.90426636	-3.91921806
85.53703022	32.90426636	-3.89359689
87.53703022	32.90426636	-3.92889977
89.53703022	32.90426636	-3.86087942
91.53703022	32.90426636	-3.93520617
93.53703022	32.90426636	-3.95363021
95.53703022	32.90426636	-3.81019425
97.53703022	32.90426636	-3.92639971
99.53703022	32.90426636	-3.89518076
101.53703022	32.90426636	-3.88851885
103.53703022	32.90426636	-3.84397997
105.53703022	32.90426636	-3.85882152
107.53703022	32.90426636	-3.78461300
109.53703022	32.90426636	-3.80909211
111.53703022	32.90426636	-3.95082641
113.53703022	32.90426636	-3.92465210
115.53703022	32.90426636	-3.93325114
117.53703022	32.90426636	-3.91829642
119.53703022	32.90426636	-3.90333792
121.53703022	32.90426636	-3.87222404
123.53703022	32.90426636	-3.85025637
125.53703022	32.90426636	-3.83297913
127.53703022	32.90426636	-3.81653687
129.53703022	32.90426636	-3.80608880
131.53703022	32.90426636	-3.79634575
133.53703022	32.90426636	-3.79158395
135.53703022	32.90426636	-3.78773116
137.53703022	32.90426636	-3.78774610
139.53703022	32.90426636	-3.78968194
141.53703022	32.90426636	-3.78625239
143.53703022	32.90426636	-3.86842790
145.53703022	32.90426636	-3.86611055
147.53703022	32.90426636	-3.65857410
149.53703022	32.90426636	-3.77986251
151.53703022	32.90426636	-3.76491269
153.53703022	32.90426636	-3.78410436
155.53703022	32.90426636	-3.78652557
157.53703022	32.90426636	-3.78822678
159.53703022	32.90426636	-3.77896648
161.53703022	32.90426636	-3.77749407
163.53703022	32.90426636	-3.77104273
165.53703022	32.90426636	-3.76783287
167.53703022	32.90426636	-3.76178501
169.53703022	32.90426636	-3.75719635
171.53703022	32.90426636	-3.75033517
173.53703022	32.90426636	-3.74354557
175.53703022	32.90426636	-3.73696444
177.53703022	32.90426636	-3.73113737
179.53703022	32.90426636	-3.72772033
181.53703022	32.90426636	-3.72357680
183.53703022	32.90426636	-3.72331665
185.53703022	32.90426636	-3.69151682
187.53703022	32.90426636	-3.70368833
189.53703022	32.90426636	-3.71325660
191.53703022	32.90426636	-3.72615262
193.53703022	32.90426636	-3.73523416
195.53703022	32.90426636	-3.74368582
197.53703022	32.90426636	-3.76285481
199.53703022	32.90426636	-3.78071041
201.53703022	32.90426636	-3.79247850
203.53703022	32.90426636	-3.78920573
205.53703022	32.90426636	-3.80773100
207.53703022	32.90426636	-3.81931964
209.53703022	32.90426636	-3.84112921
211.53703022	32.90426636	-3.86673284
213.53703022	32.90426636	-3.84640837
215.53703022	32.90426636	-3.86248970
217.53703022	32.90426636	-3.87077951
219.53703022	32.90426636	-3.86946416
221.53703022	32.90426636	-3.87379146
223.53703022	32.90426636	-3.86908317
225.53703022	32.90426636	-3.81690187
227.53703022	32.90426636	-3.82291899
229.53703022	32.90426636	-3.80093958
231.53703022	32.90426636	-3.82858777
233.53703022	32.90426636	-3.80387998
235.53703022	32.90426636	-3.81908417
237.53703022	32.90426636	-3.80939102
239.53703022	32.90426636	-3.81522703
241.53703022	32.90426636	-3.82494020
243.53703022	32.90426636	-3.82494020
245.53703022	32.90426636	-3.82494020
247.53703022	32.90426636	-3.82494020
249.53703022	32.90426636	-3.82494020
251.53703022	32.90426636	-3.82494020
253.53703022	32.90426636	-3.82494020
255.53703022	32.90426636	-3.82494020
257.53703022	32.90426636	-3.82494020
259.53703022	32.90426636	-3.82494020
261.53703022	32.90426636	-3.82494020
263.53703022	32.90426636	-3.82494020
265.53703022	32.90426636	-3.82494020
267.53703022	32.90426636	-3.82494020
269.53703022	32.90426636	-3.82494020
271.53703022	32.90426636	-3.82494020
273.53703022	32.90426636	-3.82494020
275.53703022	32.90426636	-3.82494020
277.53703022	32.90426636	-3.82494020
279.53703022	32.90426636	-3.82494020
281.53703022	32.90426636	-3.82494020
-8.46296978	34.90426636	-3.86324525
-6.46296978	34.90426636	-3.86324525
-4.46296978	34.90426636	-3.86324525
-2.46296978	34.90426636	-3.86324525
-0.46296978	34.90426636	-3.82316072
1.53703022	34.90426636	-3.80973219
3.53703022	34.90426636	-3.80398157
5.53703022	34.90426636	-3.78972375
7.53703022	34.90426636	-3.78803277
9.53703022	34.90426636	-3.78407134
11.53703022	34.90426636	-3.78473516
13.53703022	34.90426636	-3.78117352
15.53703022	34.90426636	-3.78680184
17.53703022	34.90426636	-3.78760713
19.53703022	34.90426636	-3.81991121
21.53703022	34.90426636	-3.77400361
23.53703022	34.90426636	-3.80102198
25.53703022	34.90426636	-3.80698069
27.53703022	34.90426636	-3.78928958
29.53703022	34.90426636	-3.79260387
31.53703022	34.90426636	-3.76880531
33.53703022	34.90426636	-3.68565536
35.53703022	34.90426636	-3.84883952
37.53703022	34.90426636	-3.80862641
39.53703022	34.90426636	-3.78625878
41.53703022	34.90426636	-3.75109200
43.53703022	34.90426636	-3.77052518
45.53703022	34.90426636	-3.76665589
47.53703022	34.90426636	-3.78355360
49.53703022	34.90426636	-3.74393134
51.53703022	34.90426636	-3.76808902
53.53703022	34.90426636	-3.74055494
55.53703022	34.90426636	-3.77120777
57.53703022	34.90426636	-3.75805286
59.53703022	34.90426636	-3.76903623
61.53703022	34.90426636	-3.76952483
63.53703022	34.90426636	-3.77990292
65.53703022	34.90426636	-3.78556214
67.53703022	34.90426636	-3.79726896
69.53703022	34.90426636	-3.80932799
71.53703022	34.90426636	-3.82924630
73.53703022	34.90426636	-3.84620004
75.53703022	34.90426636	-3.86715283
77.53703022	34.90426636	-3.90266350
79.53703022	34.90426636	-3.92665458
81.53703022	34.90426636	-3.91188574
83.53703022	34.90426636	-3.93550754
85.53703022	34.90426636	-3.91266513
87.53703022	34.90426636	-3.91115117
89.53703022	34.90426636	-3.92960167
91.53703022	34.90426636	-3.92071772
93.53703022	34.90426636	-3.97413063
95.53703022	34.90426636	-3.88014609
97.53703022	34.90426636	-3.88418180
99.53703022	34.90426636	-3.86923244
101.53703022	34.90426636	-3.86564590
103.53703022	34.90426636	-3.86115201
105.53703022	34.90426636	-3.85214468
107.53703022	34.90426636	-3.87029891
109.53703022	34.90426636	-3.71619153
111.53703022	34.90426636	-3.88678964
113.53703022	34.90426636	-3.93546677
115.53703022	34.90426636	-3.93478608
117.53703022	34.90426636	-3.90153813
119.53703022	34.90426636	-3.87971491
121.53703022	34.90426636	-3.86309223
123.53703022	34.90426636	-3.85478526
125.53703022	34.90426636	-3.83781350
127.53703022	34.90426636	-3.82066430
129.53703022	34.90426636	-3.80819404
131.53703022	34.90426636	-3.76388859
133.53703022	34.90426636	-3.78572580
135.53703022	34.90426636	-3.76342842
137.53703022	34.90426636	-3.77112482
139.53703022	34.90426636	-3.76656891
141.53703022	34.90426636	-3.78091656
143.53703022	34.90426636	-3.77754396
145.53703022	34.90426636	-3.78310904
147.53703022	34.90426636	-3.76756701
149.53703022	34.90426636	-3.78299042
151.53703022	34.90426636	-3.76323373
153.53703022	34.90426636	-3.77959363
155.53703022	34.90426636	-3.76671555
157.53703022	34.90426636	-3.77146167
159.53703022	34.90426636	-3.76390360
161.53703022	34.90426636	-3.76333831
163.53703022	34.90426636	-3.75868835
165.53703022	34.90426636	-3.75606157
167.53703022	34.90426636	-3.75161124
169.53703022	34.90426636	-3.74834626
171.53703022	34.90426636	-3.74440422
173.53703022	34.90426636	-3.74164950
175.53703022	34.90426636	-3.74043629
177.53703022	34.90426636	-3.73709470
179.53703022	34.90426636	-3.73451512
181.53703022	34.90426636	-3.73125425
183.53703022	34.90426636	-3.73426216
185.53703022	34.90426636	-3.72094924
187.53703022	34.90426636	-3.64588547
189.53703022	34.90426636	-3.75152565
191.53703022	34.90426636	-3.69990267
193.53703022	34.90426636	-3.75056923
195.53703022	34.90426636	-3.73420329
197.53703022	34.90426636	-3.76047413
199.53703022	34.90426636	-3.80081661
201.53703022	34.90426636	-3.77247071
203.53703022	34.90426636	-3.81139734
205.53703022	34.90426636	-3.81531036
207.53703022	34.90426636	-3.83052643
209.53703022	34.90426636	-3.82904100
211.53703022	34.90426636	-3.85003304
213.53703022	34.90426636	-3.84118652
215.53703022	34.90426636	-3.87128520
217.53703022	34.90426636	-3.86758018
219.53703022	34.90426636	-3.89808702
221.53703022	34.90426636	-3.87895727
223.53703022	34.90426636	-3.88622737
225.53703022	34.90426636	-3.81400391
227.53703022	34.90426636	-3.80574455
229.53703022	34.90426636	-3.79832285
231.53703022	34.90426636	-3.78885465
233.53703022	34.90426636	-3.79021478
235.53703022	34.90426636	-3.79649687
237.53703022	34.90426636	-3.79862309
239.53703022	34.90426636	-3.78644705
241.53703022	34.90426636	-3.83245540
243.53703022	34.90426636	-3.83245540
245.53703022	34.90426636	-3.83245540
247.53703022	34.90426636	-3.83245540
249.53703022	34.90426636	-3.83245540
251.53703022	34.90426636	-3.83245540
253.53703022	34.90426636	-3.83245540
255.53703022	34.90426636	-3.83245540
257.53703022	34.90426636	-3.83245540
259.53703022	34.90426636	-3.83245540
261.53703022	34.90426636	-3.83245540
263.53703022	34.90426636	-3.83245540
265.53703022	34.90426636	-3.83245540
267.53703022	34.90426636	-3.83245540
269.53703022	34.90426636	-3.83245540
271.53703022	34.90426636	-3.83245540
273.53703022	34.90426636	-3.83245540
275.53703022	34.90426636	-3.83245540
277.53703022	34.90426636	-3.83245540
279.53703022	34.90426636	-3.83245540
281.53703022	34.90426636	-3.83245540
-8.46296978	36.90426636	-3.85033035
-6.46296978	36.90426636	-3.85033035
-4.46296978	36.90426636	-3.85033035
-2.46296978	36.90426636	-3.85033035
-0.46296978	36.90426636	-3.87677217
1.53703022	36.90426636	-3.63890839
3.53703022	36.90426636	-3.81553121
5.53703022	36.90426636	-3.80084732
7.53703022	36.90426636	-3.79568767
9.53703022	36.90426636	-3.79296292
11.53703022	36.90426636	-3.78861311
13.53703022	36.90426636	-3.78931140
15.53703022	36.90426636	-3.78213001
17.53703022	36.90426636	-3.77383990
19.53703022	36.90426636	-3.79087035
21.53703022	36.90426636	-3.86537221
23.53703022	36.90426636	-3.76512982
25.53703022	36.90426636	-3.82759255
27.53703022	36.90426636	-3.78554381
29.53703022	36.90426636	-3.84008481
31.53703022	36.90426636	-3.91510129
33.53703022	36.90426636	-3.76513129
35.53703022	36.90426636	-3.76106424
37.53703022	36.90426636	-3.74578214
39.53703022	36.90426636	-3.72405515
41.53703022	36.90426636	-3.72417145
43.53703022	36.90426636	-3.67671564
45.53703022	36.90426636	-3.70694048
47.53703022	36.90426636	-3.70178999
49.53703022	36.90426636	-3.72306077
51.53703022	36.90426636	-3.73402226
53.53703022	36.90426636	-3.74660379
55.53703022	36.90426636	-3.75025772
57.53703022	36.90426636	-3.75726294
59.53703022	36.90426636	-3.76151442
61.53703022	36.90426636	-3.76933143
63.53703022	36.90426636	-3.77675136
65.53703022	36.90426636	-3.78788572
67.53703022	36.90426636	-3.79887085
69.53703022	36.90426636	-3.81377996
71.53703022	36.90426636	-3.83660269
73.53703022	36.90426636	-3.85246888
75.53703022	36.90426636	-3.87447473
77.53703022	36.90426636	-3.88375199
79.53703022	36.90426636	-3.90776389
81.53703022	36.90426636	-3.93858957
83.53703022	36.90426636	-3.94806933
85.53703022	36.90426636	-3.93341899
87.53703022	36.90426636	-3.90453172
89.53703022	36.90426636	-4.00104380
91.53703022	36.90426636	-3.90381181
93.53703022	36.90426636	-3.90140745
95.53703022	36.90426636	-3.87858486
97.53703022	36.90426636	-3.87238166
99.53703022	36.90426636	-3.85713208
101.53703022	36.90426636	-3.85653582
103.53703022	36.90426636	-3.84405220
105.53703022	36.90426636	-3.85409810
107.53703022	36.90426636	-3.85036901
109.53703022	36.90426636	-3.86185728
111.53703022	36.90426636	-3.87141911
113.53703022	36.90426636	-3.92538333
115.53703022	36.90426636	-3.94771123
117.53703022	36.90426636	-3.93231034
119.53703022	36.90426636	-3.87909036
121.53703022	36.90426636	-3.88128400
123.53703022	36.90426636	-3.81922690
125.53703022	36.90426636	-3.80973042
127.53703022	36.90426636	-3.81358479
129.53703022	36.90426636	-3.80819801
131.53703022	36.90426636	-3.78693885
133.53703022	36.90426636	-3.78905511
135.53703022	36.90426636	-3.77820229
137.53703022	36.90426636	-3.77653712
139.53703022	36.90426636	-3.77156434
141.53703022	36.90426636	-3.76717580
143.53703022	36.90426636	-3.76474138
145.53703022	36.90426636	-3.76054649
147.53703022	36.90426636	-3.75968170
149.53703022	36.90426636	-3.75760936
151.53703022	36.90426636	-3.75793861
153.53703022	36.90426636	-3.75654066
155.53703022	36.90426636	-3.75671978
157.53703022	36.90426636	-3.75536190
159.53703022	36.90426636	-3.75431069
161.53703022	36.90426636	-3.75218630
163.53703022	36.90426636	-3.75072678
165.53703022	36.90426636	-3.74850157
167.53703022	36.90426636	-3.74657628
169.53703022	36.90426636	-3.74481354
171.53703022	36.90426636	-3.74262958
173.53703022	36.90426636	-3.74206376
175.53703022	36.90426636	-3.74127492
177.53703022	36.90426636	-3.74335080
179.53703022	36.90426636	-3.74333683
181.53703022	36.90426636	-3.72271004
183.53703022	36.90426636	-3.72988295
185.53703022	36.90426636	-3.75283089
187.53703022	36.90426636	-3.76250503
189.53703022	36.90426636	-3.79254447
191.53703022	36.90426636	-3.76165435
193.53703022	36.90426636	-3.77233386
195.53703022	36.90426636	-3.79203118
197.53703022	36.90426636	-3.80162399
199.53703022	36.90426636	-3.78193100
201.53703022	36.90426636	-3.76579309
203.53703022	36.90426636	-3.80675872
205.53703022	36.90426636	-3.81868005
207.53703022	36.90426636	-3.79685664
209.53703022	36.90426636	-3.81641221
211.53703022	36.90426636	-3.83884406
213.53703022	36.90426636	-3.85904908
215.53703022	36.90426636	-3.85108829
217.53703022	36.90426636	-3.88444138
219.53703022	36.90426636	-3.89999413
221.53703022	36.90426636	-3.72710125
223.53703022	36.90426636	-3.79631272
225.53703022	36.90426636	-3.75345214
227.53703022	36.90426636	-3.78209277
229.53703022	36.90426636	-3.76540018
231.53703022	36.90426636	-3.78061732
233.53703022	36.90426636	-3.75999895
235.53703022	36.90426636	-3.75447178
237.53703022	36.90426636	-3.79259610
239.53703022	36.90426636	-3.79890299
241.53703022	36.90426636	-3.81015825
243.53703022	36.90426636	-3.80149126
245.53703022	36.90426636	-3.80149126
247.53703022	36.90426636	-3.80149126
249.53703022	36.90426636	-3.80149126
251.53703022	36.90426636	-3.80149126
253.53703022	36.90426636	-3.80149126
255.53703022	36.90426636	-3.80149126
257.53703022	36.90426636	-3.80149126
259.53703022	36.90426636	-3.80149126
261.53703022	36.90426636	-3.80149126
263.53703022	36.90426636	-3.80149126
265.53703022	36.90426636	-3.80149126
267.53703022	36.90426636	-3.80149126
269.53703022	36.90426636	-3.80149126
271.53703022	36.90426636	-3.80149126
273.53703022	36.90426636	-3.80149126
275.53703022	36.90426636	-3.80149126
277.53703022	36.90426636	-3.80149126
279.53703022	36.90426636	-3.80149126
281.53703022	36.90426636	-3.80149126
-8.46296978	38.90426636	-3.86364698
-6.46296978	38.90426636	-3.86364698
-4.46296978	38.90426636	-3.86364698
-2.46296978	38.90426636	-3.86364698
-0.46296978	38.90426636	-3.86623979
1.53703022	38.90426636	-3.80747239
3.53703022	38.90426636	-3.80332812
5.53703022	38.90426636	-3.81056101
7.53703022	38.90426636	-3.80746496
9.53703022	38.90426636	-3.80379694
11.53703022	38.90426636	-3.79903355
13.53703022	38.90426636	-3.79593287
15.53703022	38.90426636	-3.79799490
17.53703022	38.90426636	-3.78933641
19.53703022	38.90426636	-3.76924093
21.53703022	38.90426636	-3.79568696
23.53703022	38.90426636	-3.69562733
25.53703022	38.90426636	-3.76221538
27.53703022	38.90426636	-3.71633713
29.53703022	38.90426636	-3.75104319
31.53703022	38.90426636	-3.70151436
33.53703022	38.90426636	-3.71268464
35.53703022	38.90426636	-3.64270047
37.53703022	38.90426636	-3.71478571
39.53703022	38.90426636	-3.65027839
41.53703022	38.90426636	-3.66922245
43.53703022	38.90426636	-3.64954618
45.53703022	38.90426636	-3.66039419
47.53703022	38.90426636	-3.74588513
49.53703022	38.90426636	-3.66913782
51.53703022	38.90426636	-3.71121262
53.53703022	38.90426636	-3.69356126
55.53703022	38.90426636	-3.73626623
57.53703022	38.90426636	-3.73534325
59.53703022	38.90426636	-3.76427498
61.53703022	38.90426636	-3.77097929
63.53703022	38.90426636	-3.78928612
65.53703022	38.90426636	-3.79937108
67.53703022	38.90426636	-3.81479010
69.53703022	38.90426636	-3.82783017
71.53703022	38.90426636	-3.84309785
73.53703022	38.90426636	-3.85808830
75.53703022	38.90426636	-3.87616028
77.53703022	38.90426636	-3.88839128
79.53703022	38.90426636	-3.89848184
81.53703022	38.90426636	-3.95996261
83.53703022	38.90426636	-3.91988111
85.53703022	38.90426636	-3.99054384
87.53703022	38.90426636	-3.90854292
89.53703022	38.90426636	-3.89882246
91.53703022	38.90426636	-3.89151291
93.53703022	38.90426636	-3.87884414
95.53703022	38.90426636	-3.87113961
97.53703022	38.90426636	-3.85908826
99.53703022	38.90426636	-3.85438549
101.53703022	38.90426636	-3.84668225
103.53703022	38.90426636	-3.84303899
105.53703022	38.90426636	-3.82237030
107.53703022	38.90426636	-3.81964006
109.53703022	38.90426636	-3.81663401
111.53703022	38.90426636	-3.85897519
113.53703022	38.90426636	-3.87339567
115.53703022	38.90426636	-3.89584398
117.53703022	38.90426636	-3.89291716
119.53703022	38.90426636	-3.90779710
121.53703022	38.90426636	-3.85410192
123.53703022	38.90426636	-3.71150170
125.53703022	38.90426636	-3.82641982
127.53703022	38.90426636	-3.73393562
129.53703022	38.90426636	-3.80603927
131.53703022	38.90426636	-3.72910007
133.53703022	38.90426636	-3.79042218
135.53703022	38.90426636	-3.75452290
137.53703022	38.90426636	-3.78067914
139.53703022	38.90426636	-3.76343361
141.53703022	38.90426636	-3.77297330
143.53703022	38.90426636	-3.76473096
145.53703022	38.90426636	-3.76730272
147.53703022	38.90426636	-3.76336319
149.53703022	38.90426636	-3.76430861
151.53703022	38.90426636	-3.76264222
153.53703022	38.90426636	-3.76334110
155.53703022	38.90426636	-3.76271902
157.53703022	38.90426636	-3.76335012
159.53703022	38.90426636	-3.76309611
161.53703022	38.90426636	-3.76343396
163.53703022	38.90426636	-3.76411776
165.53703022	38.90426636	-3.76547823
167.53703022	38.90426636	-3.76593776
169.53703022	38.90426636	-3.76729200
171.53703022	38.90426636	-3.76885266
173.53703022	38.90426636	-3.77103053
175.53703022	38.90426636	-3.77153621
177.53703022	38.90426636	-3.77643814
179.53703022	38.90426636	-3.79269061
181.53703022	38.90426636	-3.79131845
183.53703022	38.90426636	-3.78933415
185.53703022	38.90426636	-3.78708973
187.53703022	38.90426636	-3.80720609
189.53703022	38.90426636	-3.78596340
191.53703022	38.90426636	-3.56195927
193.53703022	38.90426636	-3.80525147
195.53703022	38.90426636	-3.82121683
197.53703022	38.90426636	-3.81928815
199.53703022	38.90426636	-3.82483398
201.53703022	38.90426636	-3.78722122
203.53703022	38.90426636	-3.83895159
205.53703022	38.90426636	-3.80304313
207.53703022	38.90426636	-3.81059098
209.53703022	38.90426636	-3.83168387
211.53703022	38.90426636	-3.84246945
213.53703022	38.90426636	-3.85603356
215.53703022	38.90426636	-3.73465394
217.53703022	38.90426636	-3.86761212
219.53703022	38.90426636	-3.72111550
221.53703022	38.90426636	-3.75059191
223.53703022	38.90426636	-3.73300731
225.53703022	38.90426636	-3.74726216
227.53703022	38.90426636	-3.74180970
229.53703022	38.90426636	-3.75332360
231.53703022	38.90426636	-3.75747051
233.53703022	38.90426636	-3.78409942
235.53703022	38.90426636	-3.76493821
237.53703022	38.90426636	-3.78295803
239.53703022	38.90426636	-3.79450011
241.53703022	38.90426636	-3.78126335
243.53703022	38.90426636	-3.79424381
245.53703022	38.90426636	-3.79424381
247.53703022	38.90426636	-3.79424381
249.53703022	38.90426636	-3.79424381
251.53703022	38.90426636	-3.79424381
253.53703022	38.90426636	-3.79424381
255.53703022	38.90426636	-3.79424381
257.53703022	38.90426636	-3.79424381
259.53703022	38.90426636	-3.79424381
261.53703022	38.90426636	-3.79424381
263.53703022	38.90426636	-3.79424381
265.53703022	38.90426636	-3.79424381
267.53703022	38.90426636	-3.79424381
269.53703022	38.90426636	-3.79424381
271.53703022	38.90426636	-3.79424381
273.53703022	38.90426636	-3.79424381
275.53703022	38.90426636	-3.79424381
277.53703022	38.90426636	-3.79424381
279.53703022	38.90426636	-3.79424381
281.53703022	38.90426636	-3.79424381
-8.46296978	40.90426636	-3.89066219
-6.46296978	40.90426636	-3.89066219
-4.46296978	40.90426636	-3.89066219
-2.46296978	40.90426636	-3.89066219
-0.46296978	40.90426636	-3.89066219
1.53703022	40.90426636	-3.86552215
3.53703022	40.90426636	-3.79430563
5.53703022	40.90426636	-3.79365684
7.53703022	40.90426636	-3.79602067
9.53703022	40.90426636	-3.79436515
11.53703022	40.90426636	-3.79185019
13.53703022	40.90426636	-3.78922687
15.53703022	40.90426636	-3.78747403
17.53703022	40.90426636	-3.78799556
19.53703022	40.90426636	-3.78748338
21.53703022	40.90426636	-3.78365508
23.53703022	40.90426636	-3.79409568
25.53703022	40.90426636	-3.94629240
27.53703022	40.90426636	-3.69318116
29.53703022	40.90426636	-3.70907125
31.53703022	40.90426636	-3.73777933
33.53703022	40.90426636	-3.73359503
35.53703022	40.90426636	-3.73615494
37.53703022	40.90426636	-3.63527712
39.53703022	40.90426636	-3.62030075
41.53703022	40.90426636	-3.63439633
43.53703022	40.90426636	-3.64878583
45.53703022	40.90426636	-3.68745637
47.53703022	40.90426636	-3.61189483
49.53703022	40.90426636	-3.62955976
51.53703022	40.90426636	-3.63873495
53.53703022	40.90426636	-3.70084342
55.53703022	40.90426636	-3.72722315
57.53703022	40.90426636	-3.75034406
59.53703022	40.90426636	-3.76186851
61.53703022	40.90426636	-3.77504739
63.53703022	40.90426636	-3.78551319
65.53703022	40.90426636	-3.79723780
67.53703022	40.90426636	-3.80982749
69.53703022	40.90426636	-3.82370244
71.53703022	40.90426636	-3.83872028
73.53703022	40.90426636	-3.85397666
75.53703022	40.90426636	-3.87169955
77.53703022	40.90426636	-3.88767342
79.53703022	40.90426636	-3.90716245
81.53703022	40.90426636	-3.91435830
83.53703022	40.90426636	-3.93290806
85.53703022	40.90426636	-3.91413437
87.53703022	40.90426636	-3.90873489
89.53703022	40.90426636	-3.90978032
91.53703022	40.90426636	-3.89407882
93.53703022	40.90426636	-3.88561246
95.53703022	40.90426636	-3.87012993
97.53703022	40.90426636	-3.86104544
99.53703022	40.90426636	-3.84992717
101.53703022	40.90426636	-3.84451081
103.53703022	40.90426636	-3.83897924
105.53703022	40.90426636	-3.83761097
107.53703022	40.90426636	-3.82253678
109.53703022	40.90426636	-3.83521782
111.53703022	40.90426636	-3.83835340
113.53703022	40.90426636	-3.85063853
115.53703022	40.90426636	-3.88334910
117.53703022	40.90426636	-3.88185573
119.53703022	40.90426636	-3.90470052
121.53703022	40.90426636	-3.88980222
123.53703022	40.90426636	-3.86951363
125.53703022	40.90426636	-3.84146309
127.53703022	40.90426636	-3.69022964
129.53703022	40.90426636	-3.68799094
131.53703022	40.90426636	-3.75546882
133.53703022	40.90426636	-3.76487319
135.53703022	40.90426636	-3.77867056
137.53703022	40.90426636	-3.77488251
139.53703022	40.90426636	-3.77592447
141.53703022	40.90426636	-3.77087728
143.53703022	40.90426636	-3.76916045
145.53703022	40.90426636	-3.76562566
147.53703022	40.90426636	-3.76455381
149.53703022	40.90426636	-3.76286891
151.53703022	40.90426636	-3.76243948
153.53703022	40.90426636	-3.76200528
155.53703022	40.90426636	-3.76243060
157.53703022	40.90426636	-3.76233987
159.53703022	40.90426636	-3.76307482
161.53703022	40.90426636	-3.76282574
163.53703022	40.90426636	-3.76278617
165.53703022	40.90426636	-3.76261098
167.53703022	40.90426636	-3.76427276
169.53703022	40.90426636	-3.76410810
171.53703022	40.90426636	-3.76513572
173.53703022	40.90426636	-3.76556230
175.53703022	40.90426636	-3.76853312
177.53703022	40.90426636	-3.77231914
179.53703022	40.90426636	-3.77534981
181.53703022	40.90426636	-3.77831875
183.53703022	40.90426636	-3.77680571
185.53703022	40.90426636	-3.77827165
187.53703022	40.90426636	-3.79096814
189.53703022	40.90426636	-3.82585692
191.53703022	40.90426636	-3.82767016
193.53703022	40.90426636	-3.83918023
195.53703022	40.90426636	-3.80719781
197.53703022	40.90426636	-3.77532911
199.53703022	40.90426636	-3.81253409
201.53703022	40.90426636	-3.81391644
203.53703022	40.90426636	-3.76374555
205.53703022	40.90426636	-3.80047083
207.53703022	40.90426636	-3.82566595
209.53703022	40.90426636	-3.80445155
211.53703022	40.90426636	-3.81152558
213.53703022	40.90426636	-3.73420976
215.53703022	40.90426636	-3.72189331
217.53703022	40.90426636	-3.56434059
219.53703022	40.90426636	-3.71297673
221.53703022	40.90426636	-3.72082370
223.53703022	40.90426636	-3.73625387
225.53703022	40.90426636	-3.73700891
227.53703022	40.90426636	-3.74296191
229.53703022	40.90426636	-3.74525529
231.53703022	40.90426636	-3.75067352
233.53703022	40.90426636	-3.75353508
235.53703022	40.90426636	-3.78681777
237.53703022	40.90426636	-3.76029158
239.53703022	40.90426636	-3.78099227
241.53703022	40.90426636	-3.77812386
243.53703022	40.90426636	-3.79575634
245.53703022	40.90426636	-3.78878784
247.53703022	40.90426636	-3.78878784
249.53703022	40.90426636	-3.78878784
251.53703022	40.90426636	-3.78878784
253.53703022	40.90426636	-3.78878784
255.53703022	40.90426636	-3.78878784
257.53703022	40.90426636	-3.78878784
259.53703022	40.90426636	-3.78878784
261.53703022	40.90426636	-3.78878784
263.53703022	40.90426636	-3.78878784
265.53703022	40.90426636	-3.78878784
267.53703022	40.90426636	-3.78878784
269.53703022	40.90426636	-3.78878784
271.53703022	40.90426636	-3.78878784
273.53703022	40.90426636	-3.78878784
275.53703022	40.90426636	-3.78878784
277.53703022	40.90426636	-3.78878784
279.53703022	40.90426636	-3.78878784
281.53703022	40.90426636	-3.78878784
-8.46296978	42.90426636	-3.78987813
-6.46296978	42.90426636	-3.78987813
-4.46296978	42.90426636	-3.78987813
-2.46296978	42.90426636	-3.78987813
-0.46296978	42.90426636	-3.78987813
1.53703022	42.90426636	-3.78987813
3.53703022	42.90426636	-3.79103470
5.53703022	42.90426636	-3.80975743
7.53703022	42.90426636	-3.80428476
9.53703022	42.90426636	-3.80119209
11.53703022	42.90426636	-3.79700461
13.53703022	42.90426636	-3.79443017
15.53703022	42.90426636	-3.79593619
17.53703022	42.90426636	-3.78480945
19.53703022	42.90426636	-3.76799135
21.53703022	42.90426636	-3.77207247
23.53703022	42.90426636	-3.74626231
25.53703022	42.90426636	-3.80559587
27.53703022	42.90426636	-3.60506606
29.53703022	42.90426636	-3.73092873
31.53703022	42.90426636	-3.70769325
33.53703022	42.90426636	-3.70838277
35.53703022	42.90426636	-3.62010145
37.53703022	42.90426636	-3.65210749
39.53703022	42.90426636	-3.54675889
41.53703022	42.90426636	-3.65310007
43.53703022	42.90426636	-3.65034413
45.53703022	42.90426636	-3.64975810
47.53703022	42.90426636	-3.66845485
49.53703022	42.90426636	-3.55732679
51.53703022	42.90426636	-3.70671172
53.53703022	42.90426636	-3.71448390
55.53703022	42.90426636	-3.74612590
57.53703022	42.90426636	-3.75559363
59.53703022	42.90426636	-3.77772267
61.53703022	42.90426636	-3.78889531
63.53703022	42.90426636	-3.80379367
65.53703022	42.90426636	-3.81572211
67.53703022	42.90426636	-3.82934414
69.53703022	42.90426636	-3.84287863
71.53703022	42.90426636	-3.85672336
73.53703022	42.90426636	-3.87201162
75.53703022	42.90426636	-3.88739246
77.53703022	42.90426636	-3.90009669
79.53703022	42.90426636	-3.91125432
81.53703022	42.90426636	-3.91149744
83.53703022	42.90426636	-3.91501975
85.53703022	42.90426636	-3.90874410
87.53703022	42.90426636	-3.90479400
89.53703022	42.90426636	-3.89091561
91.53703022	42.90426636	-3.88378182
93.53703022	42.90426636	-3.86897823
95.53703022	42.90426636	-3.86153356
97.53703022	42.90426636	-3.85018486
99.53703022	42.90426636	-3.84601725
101.53703022	42.90426636	-3.84067895
103.53703022	42.90426636	-3.83779224
105.53703022	42.90426636	-3.80709145
107.53703022	42.90426636	-3.80682817
109.53703022	42.90426636	-3.78476152
111.53703022	42.90426636	-3.83311892
113.53703022	42.90426636	-3.87336779
115.53703022	42.90426636	-3.90290453
117.53703022	42.90426636	-3.91309643
119.53703022	42.90426636	-3.91374564
121.53703022	42.90426636	-3.91216612
123.53703022	42.90426636	-3.86634874
125.53703022	42.90426636	-3.74379571
127.53703022	42.90426636	-3.55414414
129.53703022	42.90426636	-3.78023756
131.53703022	42.90426636	-3.75365240
133.53703022	42.90426636	-3.78658073
135.53703022	42.90426636	-3.77057845
137.53703022	42.90426636	-3.78020726
139.53703022	42.90426636	-3.77114130
141.53703022	42.90426636	-3.77312431
143.53703022	42.90426636	-3.76812080
145.53703022	42.90426636	-3.76809174
147.53703022	42.90426636	-3.76569107
149.53703022	42.90426636	-3.76590224
151.53703022	42.90426636	-3.76519960
153.53703022	42.90426636	-3.76555931
155.53703022	42.90426636	-3.76579514
157.53703022	42.90426636	-3.76765257
159.53703022	42.90426636	-3.76765178
161.53703022	42.90426636	-3.76876287
163.53703022	42.90426636	-3.76926761
165.53703022	42.90426636	-3.77189810
167.53703022	42.90426636	-3.77287694
169.53703022	42.90426636	-3.77503236
171.53703022	42.90426636	-3.77586716
173.53703022	42.90426636	-3.77912321
175.53703022	42.90426636	-3.78188379
177.53703022	42.90426636	-3.78675510
179.53703022	42.90426636	-3.80019763
181.53703022	42.90426636	-3.79902074
183.53703022	42.90426636	-3.80098211
185.53703022	42.90426636	-3.79505076
187.53703022	42.90426636	-3.82573353
189.53703022	42.90426636	-3.81737704
191.53703022	42.90426636	-3.84973836
193.53703022	42.90426636	-3.81856469
195.53703022	42.90426636	-3.83570027
197.53703022	42.90426636	-3.81321979
199.53703022	42.90426636	-3.81445932
201.53703022	42.90426636	-3.83084583
203.53703022	42.90426636	-3.83084583
205.53703022	42.90426636	-3.80453885
207.53703022	42.90426636	-3.83387756
209.53703022	42.90426636	-3.80578232
211.53703022	42.90426636	-3.75951622
213.53703022	42.90426636	-3.75396585
215.53703022	42.90426636	-3.71776410
217.53703022	42.90426636	-3.73045654
219.53703022	42.90426636	-3.71629788
221.53703022	42.90426636	-3.73118629
223.53703022	42.90426636	-3.72865765
225.53703022	42.90426636	-3.73660501
227.53703022	42.90426636	-3.73807055
229.53703022	42.90426636	-3.74738485
231.53703022	42.90426636	-3.75392115
233.53703022	42.90426636	-3.78897708
235.53703022	42.90426636	-3.78383313
237.53703022	42.90426636	-3.81227589
239.53703022	42.90426636	-3.77514267
241.53703022	42.90426636	-3.78499150
243.53703022	42.90426636	-3.79620981
245.53703022	42.90426636	-3.77345276
247.53703022	42.90426636	-3.77345276
249.53703022	42.90426636	-3.77345276
251.53703022	42.90426636	-3.77345276
253.53703022	42.90426636	-3.77345276
255.53703022	42.90426636	-3.77345276
257.53703022	42.90426636	-3.77345276
259.53703022	42.90426636	-3.77345276
261.53703022	42.90426636	-3.77345276
263.53703022	42.90426636	-3.77345276
265.53703022	42.90426636	-3.77345276
267.53703022	42.90426636	-3.77345276
269.53703022	42.90426636	-3.77345276
271.53703022	42.90426636	-3.77345276
273.53703022	42.90426636	-3.77345276
275.53703022	42.90426636	-3.77345276
277.53703022	42.90426636	-3.77345276
279.53703022	42.90426636	-3.77345276
281.53703022	42.90426636	-3.77345276
-8.46296978	44.90426636	-3.78205538
-6.46296978	44.90426636	-3.78205538
-4.46296978	44.90426636	-3.78205538
-2.46296978	44.90426636	-3.78205538
-0.46296978	44.90426636	-3.78205538
1.53703022	44.90426636	-3.78205538
3.53703022	44.90426636	-3.79671049
5.53703022	44.90426636	-3.80381305
7.53703022	44.90426636	-3.80397417
9.53703022	44.90426636	-3.80166537
11.53703022	44.90426636	-3.79790870
13.53703022	44.90426636	-3.79470078
15.53703022	44.90426636	-3.79069304
17.53703022	44.90426636	-3.79010623
19.53703022	44.90426636	-3.79170340
21.53703022	44.90426636	-3.77073591
23.53703022	44.90426636	-3.78500955
25.53703022	44.90426636	-3.88309312
27.53703022	44.90426636	-3.79160786
29.53703022	44.90426636	-3.71462773
31.53703022	44.90426636	-3.73282145
33.53703022	44.90426636	-3.73177359
35.53703022	44.90426636	-3.72120706
37.53703022	44.90426636	-3.59267592
39.53703022	44.90426636	-3.67304254
41.53703022	44.90426636	-3.72033000
43.53703022	44.90426636	-3.67521310
45.53703022	44.90426636	-3.64174056
47.53703022	44.90426636	-3.67213917
49.53703022	44.90426636	-3.60839542
51.53703022	44.90426636	-3.66478202
53.53703022	44.90426636	-3.71407925
55.53703022	44.90426636	-3.74127669
57.53703022	44.90426636	-3.75269161
59.53703022	44.90426636	-3.76626747
61.53703022	44.90426636	-3.77778341
63.53703022	44.90426636	-3.79004620
65.53703022	44.90426636	-3.80535476
67.53703022	44.90426636	-3.81877877
69.53703022	44.90426636	-3.83278936
71.53703022	44.90426636	-3.84667317
73.53703022	44.90426636	-3.86208902
75.53703022	44.90426636	-3.87779680
77.53703022	44.90426636	-3.89283512
79.53703022	44.90426636	-3.90953781
81.53703022	44.90426636	-3.91669630
83.53703022	44.90426636	-3.91249757
85.53703022	44.90426636	-3.91785240
87.53703022	44.90426636	-3.90725852
89.53703022	44.90426636	-3.90436961
91.53703022	44.90426636	-3.89049770
93.53703022	44.90426636	-3.87963671
95.53703022	44.90426636	-3.86554064
97.53703022	44.90426636	-3.85542486
99.53703022	44.90426636	-3.84580719
101.53703022	44.90426636	-3.84013110
103.53703022	44.90426636	-3.83576299
105.53703022	44.90426636	-3.82502688
107.53703022	44.90426636	-3.81922531
109.53703022	44.90426636	-3.81484266
111.53703022	44.90426636	-3.81091670
113.53703022	44.90426636	-3.82315897
115.53703022	44.90426636	-3.87105992
117.53703022	44.90426636	-3.91910982
119.53703022	44.90426636	-3.89898014
121.53703022	44.90426636	-3.87971091
123.53703022	44.90426636	-3.88318110
125.53703022	44.90426636	-3.91328955
127.53703022	44.90426636	-3.76231146
129.53703022	44.90426636	-3.71598875
131.53703022	44.90426636	-3.76703349
133.53703022	44.90426636	-3.78111606
135.53703022	44.90426636	-3.78353424
137.53703022	44.90426636	-3.78058299
139.53703022	44.90426636	-3.77769665
141.53703022	44.90426636	-3.77346301
143.53703022	44.90426636	-3.77030381
145.53703022	44.90426636	-3.76737192
147.53703022	44.90426636	-3.76562144
149.53703022	44.90426636	-3.76428383
151.53703022	44.90426636	-3.76373239
153.53703022	44.90426636	-3.76352049
155.53703022	44.90426636	-3.76378076
157.53703022	44.90426636	-3.76467277
159.53703022	44.90426636	-3.76522894
161.53703022	44.90426636	-3.76573281
163.53703022	44.90426636	-3.76616850
165.53703022	44.90426636	-3.76726147
167.53703022	44.90426636	-3.76870978
169.53703022	44.90426636	-3.77033470
171.53703022	44.90426636	-3.77198727
173.53703022	44.90426636	-3.77397220
175.53703022	44.90426636	-3.77758561
177.53703022	44.90426636	-3.78197380
179.53703022	44.90426636	-3.78632345
181.53703022	44.90426636	-3.78782014
183.53703022	44.90426636	-3.79338878
185.53703022	44.90426636	-3.87246108
187.53703022	44.90426636	-3.80489553
189.53703022	44.90426636	-3.83476976
191.53703022	44.90426636	-3.79436398
193.53703022	44.90426636	-3.82997084
195.53703022	44.90426636	-3.81240273
197.53703022	44.90426636	-3.81285763
199.53703022	44.90426636	-3.80114388
201.53703022	44.90426636	-3.81326509
203.53703022	44.90426636	-3.83516288
205.53703022	44.90426636	-3.67304778
207.53703022	44.90426636	-3.79872225
209.53703022	44.90426636	-3.80145870
211.53703022	44.90426636	-3.76317879
213.53703022	44.90426636	-3.73047612
215.53703022	44.90426636	-3.70929035
217.53703022	44.90426636	-3.68576656
219.53703022	44.90426636	-3.71321842
221.53703022	44.90426636	-3.71930657
223.53703022	44.90426636	-3.72713177
225.53703022	44.90426636	-3.73021324
227.53703022	44.90426636	-3.73470174
229.53703022	44.90426636	-3.73926546
231.53703022	44.90426636	-3.74434014
233.53703022	44.90426636	-3.75260914
235.53703022	44.90426636	-3.79141747
237.53703022	44.90426636	-3.78292441
239.53703022	44.90426636	-3.78406739
241.53703022	44.90426636	-3.78378248
243.53703022	44.90426636	-3.77553439
245.53703022	44.90426636	-3.79711795
247.53703022	44.90426636	-3.79711795
249.53703022	44.90426636	-3.79711795
251.53703022	44.90426636	-3.79711795
253.53703022	44.90426636	-3.79711795
255.53703022	44.90426636	-3.79711795
257.53703022	44.90426636	-3.79711795
259.53703022	44.90426636	-3.79711795
261.53703022	44.90426636	-3.79711795
263.53703022	44.90426636	-3.79711795
265.53703022	44.90426636	-3.79711795
267.53703022	44.90426636	-3.79711795
269.53703022	44.90426636	-3.79711795
271.53703022	44.90426636	-3.79711795
273.53703022	44.90426636	-3.79711795
275.53703022	44.90426636	-3.79711795
277.53703022	44.90426636	-3.79711795
279.53703022	44.90426636	-3.79711795
281.53703022	44.90426636	-3.79711795
-8.46296978	46.90426636	-3.87853861
-6.46296978	46.90426636	-3.87853861
-4.46296978	46.90426636	-3.87853861
-2.46296978	46.90426636	-3.87853861
-0.46296978	46.90426636	-3.87853861
1.53703022	46.90426636	-3.87853861
3.53703022	46.90426636	-3.87853861
5.53703022	46.90426636	-3.83893824
7.53703022	46.90426636	-3.80525557
9.53703022	46.90426636	-3.80658502
11.53703022	46.90426636	-3.79961784
13.53703022	46.90426636	-3.79756506
15.53703022	46.90426636	-3.79709681
17.53703022	46.90426636	-3.78498221
19.53703022	46.90426636	-3.76897345
21.53703022	46.90426636	-3.79444172
23.53703022	46.90426636	-3.68576729
25.53703022	46.90426636	-3.67291594
27.53703022	46.90426636	-3.89917326
29.53703022	46.90426636	-3.76610312
31.53703022	46.90426636	-3.71173962
33.53703022	46.90426636	-3.68412971
35.53703022	46.90426636	-3.69389868
37.53703022	46.90426636	-3.68668612
39.53703022	46.90426636	-3.62827117
41.53703022	46.90426636	-3.66017521
43.53703022	46.90426636	-3.62940025
45.53703022	46.90426636	-3.65797710
47.53703022	46.90426636	-3.65405393
49.53703022	46.90426636	-3.70318961
51.53703022	46.90426636	-3.71746374
53.53703022	46.90426636	-3.69695987
55.53703022	46.90426636	-3.74702732
57.53703022	46.90426636	-3.74924744
59.53703022	46.90426636	-3.77343577
61.53703022	46.90426636	-3.78355766
63.53703022	46.90426636	-3.80227662
65.53703022	46.90426636	-3.81437565
67.53703022	46.90426636	-3.82852417
69.53703022	46.90426636	-3.84188380
71.53703022	46.90426636	-3.85567697
73.53703022	46.90426636	-3.87087214
75.53703022	46.90426636	-3.88428378
77.53703022	46.90426636	-3.90172558
79.53703022	46.90426636	-3.90634649
81.53703022	46.90426636	-3.91570015
83.53703022	46.90426636	-3.91959127
85.53703022	46.90426636	-3.91683759
87.53703022	46.90426636	-3.91158195
89.53703022	46.90426636	-3.89199907
91.53703022	46.90426636	-3.89075250
93.53703022	46.90426636	-3.86970651
95.53703022	46.90426636	-3.86649608
97.53703022	46.90426636	-3.85044888
99.53703022	46.90426636	-3.84817234
101.53703022	46.90426636	-3.83941401
103.53703022	46.90426636	-3.83790643
105.53703022	46.90426636	-3.81450262
107.53703022	46.90426636	-3.82186095
109.53703022	46.90426636	-3.79281165
111.53703022	46.90426636	-3.82625978
113.53703022	46.90426636	-3.63060927
115.53703022	46.90426636	-3.74990392
117.53703022	46.90426636	-3.89489280
119.53703022	46.90426636	-3.91315508
121.53703022	46.90426636	-3.91012287
123.53703022	46.90426636	-3.86579061
125.53703022	46.90426636	-3.89031076
127.53703022	46.90426636	-3.79768038
129.53703022	46.90426636	-3.81102555
131.53703022	46.90426636	-3.72936367
133.53703022	46.90426636	-3.79835812
135.53703022	46.90426636	-3.76775228
137.53703022	46.90426636	-3.78679733
139.53703022	46.90426636	-3.77258356
141.53703022	46.90426636	-3.77751581
143.53703022	46.90426636	-3.77023924
145.53703022	46.90426636	-3.77126791
147.53703022	46.90426636	-3.76765560
149.53703022	46.90426636	-3.76817695
151.53703022	46.90426636	-3.76674598
153.53703022	46.90426636	-3.76751626
155.53703022	46.90426636	-3.76746648
157.53703022	46.90426636	-3.76866275
159.53703022	46.90426636	-3.76892569
161.53703022	46.90426636	-3.77138750
163.53703022	46.90426636	-3.77123165
165.53703022	46.90426636	-3.77421498
167.53703022	46.90426636	-3.77422972
169.53703022	46.90426636	-3.77760736
171.53703022	46.90426636	-3.77798800
173.53703022	46.90426636	-3.78205874
175.53703022	46.90426636	-3.78343278
177.53703022	46.90426636	-3.78870839
179.53703022	46.90426636	-3.79876624
181.53703022	46.90426636	-3.79787602
183.53703022	46.90426636	-3.79992866
185.53703022	46.90426636	-3.82975984
187.53703022	46.90426636	-3.85581017
189.53703022	46.90426636	-3.82062078
191.53703022	46.90426636	-3.80797315
193.53703022	46.90426636	-3.82404518
195.53703022	46.90426636	-3.80486465
197.53703022	46.90426636	-3.80841780
199.53703022	46.90426636	-3.82032473
201.53703022	46.90426636	-3.80879015
203.53703022	46.90426636	-3.82252668
205.53703022	46.90426636	-3.79998388
207.53703022	46.90426636	-3.80843867
209.53703022	46.90426636	-3.78706280
211.53703022	46.90426636	-3.76048462
213.53703022	46.90426636	-3.76431854
215.53703022	46.90426636	-3.71746260
217.53703022	46.90426636	-3.74165128
219.53703022	46.90426636	-3.71428685
221.53703022	46.90426636	-3.73109954
223.53703022	46.90426636	-3.72361202
225.53703022	46.90426636	-3.73310519
227.53703022	46.90426636	-3.73278569
229.53703022	46.90426636	-3.74158911
231.53703022	46.90426636	-3.74664594
233.53703022	46.90426636	-3.78738973
235.53703022	46.90426636	-3.76749865
237.53703022	46.90426636	-3.78899916
239.53703022	46.90426636	-3.78611928
241.53703022	46.90426636	-3.78474331
243.53703022	46.90426636	-3.79101825
245.53703022	46.90426636	-3.77797008
247.53703022	46.90426636	-3.79111171
249.53703022	46.90426636	-3.79111171
251.53703022	46.90426636	-3.79111171
253.53703022	46.90426636	-3.79111171
255.53703022	46.90426636	-3.79111171
257.53703022	46.90426636	-3.79111171
259.53703022	46.90426636	-3.79111171
261.53703022	46.90426636	-3.79111171
263.53703022	46.90426636	-3.79111171
265.53703022	46.90426636	-3.79111171
267.53703022	46.90426636	-3.79111171
269.53703022	46.90426636	-3.79111171
271.53703022	46.90426636	-3.79111171
273.53703022	46.90426636	-3.79111171
275.53703022	46.90426636	-3.79111171
277.53703022	46.90426636	-3.79111171
279.53703022	46.90426636	-3.79111171
281.53703022	46.90426636	-3.79111171
-8.46296978	48.90426636	-3.83634329
-6.46296978	48.90426636	-3.83634329
-4.46296978	48.90426636	-3.83634329
-2.46296978	48.90426636	-3.83634329
-0.46296978	48.90426636	-3.83634329
1.53703022	48.90426636	-3.83634329
3.53703022	48.90426636	-3.83634329
5.53703022	48.90426636	-3.83204484
7.53703022	48.90426636	-3.83015236
9.53703022	48.90426636	-3.82017632
11.53703022	48.90426636	-3.81438151
13.53703022	48.90426636	-3.80775669
15.53703022	48.90426636	-3.79940989
17.53703022	48.90426636	-3.80853765
19.53703022	48.90426636	-3.79327733
21.53703022	48.90426636	-3.81057529
23.53703022	48.90426636	-3.78905907
25.53703022	48.90426636	-3.83460053
27.53703022	48.90426636	-3.77373385
29.53703022	48.90426636	-3.86350274
31.53703022	48.90426636	-3.87308025
33.53703022	48.90426636	-3.77193999
35.53703022	48.90426636	-3.71172237
37.53703022	48.90426636	-3.66255738
39.53703022	48.90426636	-3.66341429
41.53703022	48.90426636	-3.64573479
43.53703022	48.90426636	-3.66928172
45.53703022	48.90426636	-3.61159563
47.53703022	48.90426636	-3.62810612
49.53703022	48.90426636	-3.71246672
51.53703022	48.90426636	-3.77036476
53.53703022	48.90426636	-3.74738375
55.53703022	48.90426636	-3.76525352
57.53703022	48.90426636	-3.78084299
59.53703022	48.90426636	-3.82234723
61.53703022	48.90426636	-3.78455609
63.53703022	48.90426636	-3.79683788
65.53703022	48.90426636	-3.83271271
67.53703022	48.90426636	-3.84629621
69.53703022	48.90426636	-3.85824892
71.53703022	48.90426636	-3.87008090
73.53703022	48.90426636	-3.88091681
75.53703022	48.90426636	-3.89141148
77.53703022	48.90426636	-3.90290088
79.53703022	48.90426636	-3.91465409
81.53703022	48.90426636	-3.92369432
83.53703022	48.90426636	-3.93040010
85.53703022	48.90426636	-3.91236668
87.53703022	48.90426636	-3.94778538
89.53703022	48.90426636	-3.89783482
91.53703022	48.90426636	-3.88661539
93.53703022	48.90426636	-3.86877932
95.53703022	48.90426636	-3.85452212
97.53703022	48.90426636	-3.84218216
99.53703022	48.90426636	-3.83263070
101.53703022	48.90426636	-3.82671102
103.53703022	48.90426636	-3.82410267
105.53703022	48.90426636	-3.82565250
107.53703022	48.90426636	-3.83054703
109.53703022	48.90426636	-3.82999998
111.53703022	48.90426636	-3.70959374
113.53703022	48.90426636	-3.73561799
115.53703022	48.90426636	-3.74778242
117.53703022	48.90426636	-3.93498802
119.53703022	48.90426636	-3.92078781
121.53703022	48.90426636	-3.90231943
123.53703022	48.90426636	-3.88247442
125.53703022	48.90426636	-3.88493419
127.53703022	48.90426636	-3.94407630
129.53703022	48.90426636	-3.83034165
131.53703022	48.90426636	-3.82038507
133.53703022	48.90426636	-3.81754101
135.53703022	48.90426636	-3.80415588
137.53703022	48.90426636	-3.79838642
139.53703022	48.90426636	-3.78911310
141.53703022	48.90426636	-3.78397563
143.53703022	48.90426636	-3.77815297
145.53703022	48.90426636	-3.77493492
147.53703022	48.90426636	-3.77163324
149.53703022	48.90426636	-3.76983410
151.53703022	48.90426636	-3.76887889
153.53703022	48.90426636	-3.76907570
155.53703022	48.90426636	-3.76982457
157.53703022	48.90426636	-3.76993692
159.53703022	48.90426636	-3.77145504
161.53703022	48.90426636	-3.77613507
163.53703022	48.90426636	-3.77660068
165.53703022	48.90426636	-3.77980966
167.53703022	48.90426636	-3.78538423
169.53703022	48.90426636	-3.78902062
171.53703022	48.90426636	-3.79377933
173.53703022	48.90426636	-3.79710448
175.53703022	48.90426636	-3.80672570
177.53703022	48.90426636	-3.80749340
179.53703022	48.90426636	-3.81123097
181.53703022	48.90426636	-3.80641603
183.53703022	48.90426636	-3.84966922
185.53703022	48.90426636	-3.84706306
187.53703022	48.90426636	-3.83301640
189.53703022	48.90426636	-3.86304593
191.53703022	48.90426636	-3.81530639
193.53703022	48.90426636	-3.80519069
195.53703022	48.90426636	-3.82297754
197.53703022	48.90426636	-3.79833265
199.53703022	48.90426636	-3.78148561
201.53703022	48.90426636	-3.77243035
203.53703022	48.90426636	-3.75327364
205.53703022	48.90426636	-3.72486586
207.53703022	48.90426636	-3.73012962
209.53703022	48.90426636	-3.72755175
211.53703022	48.90426636	-3.70824965
213.53703022	48.90426636	-3.69559828
215.53703022	48.90426636	-3.68711679
217.53703022	48.90426636	-3.68632357
219.53703022	48.90426636	-3.68856986
221.53703022	48.90426636	-3.69074265
223.53703022	48.90426636	-3.69434042
225.53703022	48.90426636	-3.69805394
227.53703022	48.90426636	-3.70275838
229.53703022	48.90426636	-3.70913046
231.53703022	48.90426636	-3.71721641
233.53703022	48.90426636	-3.72795250
235.53703022	48.90426636	-3.74060703
237.53703022	48.90426636	-3.75549953
239.53703022	48.90426636	-3.77595285
241.53703022	48.90426636	-3.78144503
243.53703022	48.90426636	-3.77406263
245.53703022	48.90426636	-3.75296974
247.53703022	48.90426636	-3.78588676
249.53703022	48.90426636	-3.78588676
251.53703022	48.90426636	-3.78588676
253.53703022	48.90426636	-3.78588676
255.53703022	48.90426636	-3.78588676
257.53703022	48.90426636	-3.78588676
259.53703022	48.90426636	-3.78588676
261.53703022	48.90426636	-3.78588676
263.53703022	48.90426636	-3.78588676
265.53703022	48.90426636	-3.78588676
267.53703022	48.90426636	-3.78588676
269.53703022	48.90426636	-3.78588676
271.53703022	48.90426636	-3.78588676
273.53703022	48.90426636	-3.78588676
275.53703022	48.90426636	-3.78588676
277.53703022	48.90426636	-3.78588676
279.53703022	48.90426636	-3.78588676
281.53703022	48.90426636	-3.78588676
-8.46296978	50.90426636	-3.87708902
-6.46296978	50.90426636	-3.87708902
-4.46296978	50.90426636	-3.87708902
-2.46296978	50.90426636	-3.87708902
-0.46296978	50.90426636	-3.87708902
1.53703022	50.90426636	-3.87708902
3.53703022	50.90426636	-3.87708902
5.53703022	50.90426636	-3.86784625
7.53703022	50.90426636	-3.83549158
9.53703022	50.90426636	-3.82871534
11.53703022	50.90426636	-3.82052912
13.53703022	50.90426636	-3.81325544
15.53703022	50.90426636	-3.80586373
17.53703022	50.90426636	-3.80782794
19.53703022	50.90426636	-3.79990149
21.53703022	50.90426636	-3.78472467
23.53703022	50.90426636	-3.80304076
25.53703022	50.90426636	-3.77636565
27.53703022	50.90426636	-3.83001954
29.53703022	50.90426636	-3.83038616
31.53703022	50.90426636	-3.86067057
33.53703022	50.90426636	-3.89070320
35.53703022	50.90426636	-3.72117968
37.53703022	50.90426636	-3.69284761
39.53703022	50.90426636	-3.67431307
41.53703022	50.90426636	-3.69065380
43.53703022	50.90426636	-3.64701319
45.53703022	50.90426636	-3.63545111
47.53703022	50.90426636	-3.67336119
49.53703022	50.90426636	-3.67408729
51.53703022	50.90426636	-3.74776177
53.53703022	50.90426636	-3.74987426
55.53703022	50.90426636	-3.75602491
57.53703022	50.90426636	-3.76935332
59.53703022	50.90426636	-3.77916743
61.53703022	50.90426636	-3.79244077
63.53703022	50.90426636	-3.81589615
65.53703022	50.90426636	-3.83512540
67.53703022	50.90426636	-3.84786742
69.53703022	50.90426636	-3.86463821
71.53703022	50.90426636	-3.87578111
73.53703022	50.90426636	-3.89021918
75.53703022	50.90426636	-3.89781454
77.53703022	50.90426636	-3.91170432
79.53703022	50.90426636	-3.92203299
81.53703022	50.90426636	-3.92017275
83.53703022	50.90426636	-3.93367633
85.53703022	50.90426636	-3.89797830
87.53703022	50.90426636	-4.09327698
89.53703022	50.90426636	-3.85521054
91.53703022	50.90426636	-3.90794979
93.53703022	50.90426636	-3.84817906
95.53703022	50.90426636	-3.86596469
97.53703022	50.90426636	-3.83170961
99.53703022	50.90426636	-3.84036284
101.53703022	50.90426636	-3.82321928
103.53703022	50.90426636	-3.83078439
105.53703022	50.90426636	-3.82736593
107.53703022	50.90426636	-3.83250488
109.53703022	50.90426636	-3.70982188
111.53703022	50.90426636	-3.78682901
113.53703022	50.90426636	-3.72828005
115.53703022	50.90426636	-3.85574696
117.53703022	50.90426636	-3.86161831
119.53703022	50.90426636	-3.86649854
121.53703022	50.90426636	-3.89331245
123.53703022	50.90426636	-3.88646412
125.53703022	50.90426636	-3.90479159
127.53703022	50.90426636	-3.90233302
129.53703022	50.90426636	-3.85245538
131.53703022	50.90426636	-3.81480398
133.53703022	50.90426636	-3.82102012
135.53703022	50.90426636	-3.80397297
137.53703022	50.90426636	-3.80450675
139.53703022	50.90426636	-3.79058463
141.53703022	50.90426636	-3.78894734
143.53703022	50.90426636	-3.78003685
145.53703022	50.90426636	-3.77868911
147.53703022	50.90426636	-3.77388973
149.53703022	50.90426636	-3.77375060
151.53703022	50.90426636	-3.77179714
153.53703022	50.90426636	-3.77269470
155.53703022	50.90426636	-3.77286069
157.53703022	50.90426636	-3.77544051
159.53703022	50.90426636	-3.77743200
161.53703022	50.90426636	-3.78014627
163.53703022	50.90426636	-3.78117314
165.53703022	50.90426636	-3.79248426
167.53703022	50.90426636	-3.79063947
169.53703022	50.90426636	-3.79964209
171.53703022	50.90426636	-3.81619757
173.53703022	50.90426636	-3.82322825
175.53703022	50.90426636	-3.83253652
177.53703022	50.90426636	-3.85801411
179.53703022	50.90426636	-3.83779144
181.53703022	50.90426636	-3.83148718
183.53703022	50.90426636	-3.86434078
185.53703022	50.90426636	-3.84707379
187.53703022	50.90426636	-3.78147693
189.53703022	50.90426636	-3.79444269
191.53703022	50.90426636	-3.86488318
193.53703022	50.90426636	-3.77318650
195.53703022	50.90426636	-3.76727532
197.53703022	50.90426636	-3.75332957
199.53703022	50.90426636	-3.74156115
201.53703022	50.90426636	-3.73198677
203.53703022	50.90426636	-3.72123680
205.53703022	50.90426636	-3.71005586
207.53703022	50.90426636	-3.70358992
209.53703022	50.90426636	-3.69504138
211.53703022	50.90426636	-3.68615789
213.53703022	50.90426636	-3.68051367
215.53703022	50.90426636	-3.67403422
217.53703022	50.90426636	-3.67235938
219.53703022	50.90426636	-3.67067027
221.53703022	50.90426636	-3.67262904
223.53703022	50.90426636	-3.67497872
225.53703022	50.90426636	-3.67964109
227.53703022	50.90426636	-3.68672902
229.53703022	50.90426636	-3.69542310
231.53703022	50.90426636	-3.70713544
233.53703022	50.90426636	-3.72204908
235.53703022	50.90426636	-3.73059386
237.53703022	50.90426636	-3.75146852
239.53703022	50.90426636	-3.77389045
241.53703022	50.90426636	-3.78944802
243.53703022	50.90426636	-3.77617669
245.53703022	50.90426636	-3.77266002
247.53703022	50.90426636	-3.79027152
249.53703022	50.90426636	-3.77811050
251.53703022	50.90426636	-3.77811050
253.53703022	50.90426636	-3.77811050
255.53703022	50.90426636	-3.77811050
257.53703022	50.90426636	-3.77811050
259.53703022	50.90426636	-3.77811050
261.53703022	50.90426636	-3.77811050
263.53703022	50.90426636	-3.77811050
265.53703022	50.90426636	-3.77811050
267.53703022	50.90426636	-3.77811050
269.53703022	50.90426636	-3.77811050
271.53703022	50.90426636	-3.77811050
273.53703022	50.90426636	-3.77811050
275.53703022	50.90426636	-3.77811050
277.53703022	50.90426636	-3.77811050
279.53703022	50.90426636	-3.77811050
281.53703022	50.90426636	-3.77811050
-8.46296978	52.90426636	-3.85439205
-6.46296978	52.90426636	-3.85439205
-4.46296978	52.90426636	-3.85439205
-2.46296978	52.90426636	-3.85439205
-0.46296978	52.90426636	-3.85439205
1.53703022	52.90426636	-3.85439205
3.53703022	52.90426636	-3.85439205
5.53703022	52.90426636	-3.85439205
7.53703022	52.90426636	-3.84370318
9.53703022	52.90426636	-3.83793595
11.53703022	52.90426636	-3.84204206
13.53703022	52.90426636	-3.83089493
15.53703022	52.90426636	-3.84063429
17.53703022	52.90426636	-3.82207910
19.53703022	52.90426636	-3.82976058
21.53703022	52.90426636	-3.83892691
23.53703022	52.90426636	-3.83946745
25.53703022	52.90426636	-3.86346946
27.53703022	52.90426636	-3.77704087
29.53703022	52.90426636	-3.82772088
31.53703022	52.90426636	-3.87171388
33.53703022	52.90426636	-3.89547849
35.53703022	52.90426636	-3.77054071
37.53703022	52.90426636	-3.69917583
39.53703022	52.90426636	-3.68181658
41.53703022	52.90426636	-3.64635229
43.53703022	52.90426636	-3.65838933
45.53703022	52.90426636	-3.65379930
47.53703022	52.90426636	-3.68813634
49.53703022	52.90426636	-3.75685787
51.53703022	52.90426636	-3.67163944
53.53703022	52.90426636	-3.70804522
55.53703022	52.90426636	-3.73992493
57.53703022	52.90426636	-3.77982700
59.53703022	52.90426636	-3.79505783
61.53703022	52.90426636	-3.84396325
63.53703022	52.90426636	-3.86519544
65.53703022	52.90426636	-3.90637635
67.53703022	52.90426636	-3.92473879
69.53703022	52.90426636	-3.94380919
71.53703022	52.90426636	-3.95382905
73.53703022	52.90426636	-3.96016238
75.53703022	52.90426636	-3.96295823
77.53703022	52.90426636	-3.96492817
79.53703022	52.90426636	-3.94419905
81.53703022	52.90426636	-3.95050966
83.53703022	52.90426636	-3.98623193
85.53703022	52.90426636	-3.93552895
87.53703022	52.90426636	-3.90292840
89.53703022	52.90426636	-3.88253260
91.53703022	52.90426636	-3.86773121
93.53703022	52.90426636	-3.85806702
95.53703022	52.90426636	-3.85696236
97.53703022	52.90426636	-3.84276362
99.53703022	52.90426636	-3.83946376
101.53703022	52.90426636	-3.83279847
103.53703022	52.90426636	-3.83008429
105.53703022	52.90426636	-3.82914886
107.53703022	52.90426636	-3.83064814
109.53703022	52.90426636	-3.83458469
111.53703022	52.90426636	-3.84247947
113.53703022	52.90426636	-3.85434035
115.53703022	52.90426636	-3.86395506
117.53703022	52.90426636	-3.88140917
119.53703022	52.90426636	-3.91119890
121.53703022	52.90426636	-3.90475440
123.53703022	52.90426636	-3.90572000
125.53703022	52.90426636	-3.92887425
127.53703022	52.90426636	-3.94367838
129.53703022	52.90426636	-3.88826728
131.53703022	52.90426636	-3.74047661
133.53703022	52.90426636	-3.87314001
135.53703022	52.90426636	-3.86706898
137.53703022	52.90426636	-3.86022428
139.53703022	52.90426636	-3.84155552
141.53703022	52.90426636	-3.83573343
143.53703022	52.90426636	-3.82493917
145.53703022	52.90426636	-3.82059617
147.53703022	52.90426636	-3.81610601
149.53703022	52.90426636	-3.81375887
151.53703022	52.90426636	-3.81310679
153.53703022	52.90426636	-3.81303057
155.53703022	52.90426636	-3.81920251
157.53703022	52.90426636	-3.82415641
159.53703022	52.90426636	-3.82846105
161.53703022	52.90426636	-3.83292477
163.53703022	52.90426636	-3.80048933
165.53703022	52.90426636	-3.83297494
167.53703022	52.90426636	-3.91000519
169.53703022	52.90426636	-3.85748285
171.53703022	52.90426636	-3.86456157
173.53703022	52.90426636	-3.86428628
175.53703022	52.90426636	-3.85929284
177.53703022	52.90426636	-3.82563806
179.53703022	52.90426636	-3.85928702
181.53703022	52.90426636	-3.83438134
183.53703022	52.90426636	-3.80598789
185.53703022	52.90426636	-3.79400055
187.53703022	52.90426636	-3.78382765
189.53703022	52.90426636	-3.75834298
191.53703022	52.90426636	-3.76515913
193.53703022	52.90426636	-3.75201369
195.53703022	52.90426636	-3.74631492
197.53703022	52.90426636	-3.73487787
199.53703022	52.90426636	-3.72646937
201.53703022	52.90426636	-3.71623887
203.53703022	52.90426636	-3.70761872
205.53703022	52.90426636	-3.69867413
207.53703022	52.90426636	-3.69111928
209.53703022	52.90426636	-3.69399000
211.53703022	52.90426636	-3.68636994
213.53703022	52.90426636	-3.68072739
215.53703022	52.90426636	-3.67475818
217.53703022	52.90426636	-3.66296982
219.53703022	52.90426636	-3.66096224
221.53703022	52.90426636	-3.66091677
223.53703022	52.90426636	-3.66225684
225.53703022	52.90426636	-3.66616710
227.53703022	52.90426636	-3.67110188
229.53703022	52.90426636	-3.67936207
231.53703022	52.90426636	-3.68934038
233.53703022	52.90426636	-3.70189737
235.53703022	52.90426636	-3.71842723
237.53703022	52.90426636	-3.73607393
239.53703022	52.90426636	-3.75616739
241.53703022	52.90426636	-3.78442777
243.53703022	52.90426636	-3.78611970
245.53703022	52.90426636	-3.76094031
247.53703022	52.90426636	-3.79723382
249.53703022	52.90426636	-3.80578947
251.53703022	52.90426636	-3.79724145
253.53703022	52.90426636	-3.79724145
255.53703022	52.90426636	-3.79724145
257.53703022	52.90426636	-3.79724145
259.53703022	52.90426636	-3.79724145
261.53703022	52.90426636	-3.79724145
263.53703022	52.90426636	-3.79724145
265.53703022	52.90426636	-3.79724145
267.53703022	52.90426636	-3.79724145
269.53703022	52.90426636	-3.79724145
271.53703022	52.90426636	-3.79724145
273.53703022	52.90426636	-3.79724145
275.53703022	52.90426636	-3.79724145
277.53703022	52.90426636	-3.79724145
279.53703022	52.90426636	-3.79724145
281.53703022	52.90426636	-3.79724145
-8.46296978	54.90426636	-3.88934803
-6.46296978	54.90426636	-3.88934803
-4.46296978	54.90426636	-3.88934803
-2.46296978	54.90426636	-3.88934803
-0.46296978	54.90426636	-3.88934803
1.53703022	54.90426636	-3.88934803
3.53703022	54.90426636	-3.88934803
5.53703022	54.90426636	-3.88934803
7.53703022	54.90426636	-3.87667131
9.53703022	54.90426636	-3.86907275
11.53703022	54.90426636	-3.84295847
13.53703022	54.90426636	-3.81200478
15.53703022	54.90426636	-3.81138308
17.53703022	54.90426636	-3.81759604
19.53703022	54.90426636	-3.82067703
21.53703022	54.90426636	-3.82741940
23.53703022	54.90426636	-3.83644525
25.53703022	54.90426636	-3.84400251
27.53703022	54.90426636	-3.86697946
29.53703022	54.90426636	-3.79539552
31.53703022	54.90426636	-3.90737700
33.53703022	54.90426636	-3.88220382
35.53703022	54.90426636	-3.89387131
37.53703022	54.90426636	-3.77725410
39.53703022	54.90426636	-3.73619342
41.53703022	54.90426636	-3.66494107
43.53703022	54.90426636	-3.64984796
45.53703022	54.90426636	-3.66635203
47.53703022	54.90426636	-3.62557701
49.53703022	54.90426636	-3.63297724
51.53703022	54.90426636	-3.65205598
53.53703022	54.90426636	-3.66077423
55.53703022	54.90426636	-3.68168599
57.53703022	54.90426636	-3.71699856
59.53703022	54.90426636	-3.79108169
61.53703022	54.90426636	-3.84181614
63.53703022	54.90426636	-3.88764322
65.53703022	54.90426636	-3.91830849
67.53703022	54.90426636	-3.94058503
69.53703022	54.90426636	-3.95493643
71.53703022	54.90426636	-3.96482127
73.53703022	54.90426636	-3.96871682
75.53703022	54.90426636	-3.96609711
77.53703022	54.90426636	-3.96193011
79.53703022	54.90426636	-3.95595781
81.53703022	54.90426636	-3.95146072
83.53703022	54.90426636	-3.93556602
85.53703022	54.90426636	-3.96194215
87.53703022	54.90426636	-3.94037958
89.53703022	54.90426636	-3.83413076
91.53703022	54.90426636	-3.94346380
93.53703022	54.90426636	-3.81082010
95.53703022	54.90426636	-3.84780672
97.53703022	54.90426636	-3.84045046
99.53703022	54.90426636	-3.83370696
101.53703022	54.90426636	-3.82822276
103.53703022	54.90426636	-3.82517070
105.53703022	54.90426636	-3.82345130
107.53703022	54.90426636	-3.82406625
109.53703022	54.90426636	-3.82645427
111.53703022	54.90426636	-3.83217164
113.53703022	54.90426636	-3.84127606
115.53703022	54.90426636	-3.85488610
117.53703022	54.90426636	-3.87030238
119.53703022	54.90426636	-3.88023699
121.53703022	54.90426636	-3.92549495
123.53703022	54.90426636	-3.92059326
125.53703022	54.90426636	-3.91208959
127.53703022	54.90426636	-3.93606544
129.53703022	54.90426636	-3.91348982
131.53703022	54.90426636	-3.91313873
133.53703022	54.90426636	-3.90456843
135.53703022	54.90426636	-3.87082051
137.53703022	54.90426636	-3.85245489
139.53703022	54.90426636	-3.83932600
141.53703022	54.90426636	-3.82798166
143.53703022	54.90426636	-3.82081660
145.53703022	54.90426636	-3.81574586
147.53703022	54.90426636	-3.81297230
149.53703022	54.90426636	-3.81156284
151.53703022	54.90426636	-3.81080625
153.53703022	54.90426636	-3.81083694
155.53703022	54.90426636	-3.81141215
157.53703022	54.90426636	-3.81298175
159.53703022	54.90426636	-3.81489212
161.53703022	54.90426636	-3.83004086
163.53703022	54.90426636	-3.83909713
165.53703022	54.90426636	-3.81086105
167.53703022	54.90426636	-3.82246368
169.53703022	54.90426636	-3.91797203
171.53703022	54.90426636	-3.85742640
173.53703022	54.90426636	-3.86278226
175.53703022	54.90426636	-3.83867078
177.53703022	54.90426636	-3.82933872
179.53703022	54.90426636	-3.84270289
181.53703022	54.90426636	-3.81892488
183.53703022	54.90426636	-3.76685548
185.53703022	54.90426636	-3.78787085
187.53703022	54.90426636	-3.77972580
189.53703022	54.90426636	-3.77684261
191.53703022	54.90426636	-3.77096690
193.53703022	54.90426636	-3.76165986
195.53703022	54.90426636	-3.75086333
197.53703022	54.90426636	-3.74075088
199.53703022	54.90426636	-3.73002263
201.53703022	54.90426636	-3.72014132
203.53703022	54.90426636	-3.71041272
205.53703022	54.90426636	-3.70141973
207.53703022	54.90426636	-3.69309671
209.53703022	54.90426636	-3.68546603
211.53703022	54.90426636	-3.68037243
213.53703022	54.90426636	-3.67419691
215.53703022	54.90426636	-3.66455721
217.53703022	54.90426636	-3.66097011
219.53703022	54.90426636	-3.66254043
221.53703022	54.90426636	-3.66302846
223.53703022	54.90426636	-3.66848680
225.53703022	54.90426636	-3.67271180
227.53703022	54.90426636	-3.68174944
229.53703022	54.90426636	-3.69109865
231.53703022	54.90426636	-3.70338631
233.53703022	54.90426636	-3.71943409
235.53703022	54.90426636	-3.73266441
237.53703022	54.90426636	-3.75582394
239.53703022	54.90426636	-3.78830191
241.53703022	54.90426636	-3.79465468
243.53703022	54.90426636	-3.80660152
245.53703022	54.90426636	-3.78940248
247.53703022	54.90426636	-3.78210497
249.53703022	54.90426636	-3.76479030
251.53703022	54.90426636	-3.75148773
253.53703022	54.90426636	-3.75148773
255.53703022	54.90426636	-3.75148773
257.53703022	54.90426636	-3.75148773
259.53703022	54.90426636	-3.75148773
261.53703022	54.90426636	-3.75148773
263.53703022	54.90426636	-3.75148773
265.53703022	54.90426636	-3.75148773
267.53703022	54.90426636	-3.75148773
269.53703022	54.90426636	-3.75148773
271.53703022	54.90426636	-3.75148773
273.53703022	54.90426636	-3.75148773
275.53703022	54.90426636	-3.75148773
277.53703022	54.90426636	-3.75148773
279.53703022	54.90426636	-3.75148773
281.53703022	54.90426636	-3.75148773
-8.46296978	56.90426636	-3.89554524
-6.46296978	56.90426636	-3.89554524
-4.46296978	56.90426636	-3.89554524
-2.46296978	56.90426636	-3.89554524
-0.46296978	56.90426636	-3.89554524
1.53703022	56.90426636	-3.89554524
3.53703022	56.90426636	-3.89554524
5.53703022	56.90426636	-3.89554524
7.53703022	56.90426636	-3.89554524
9.53703022	56.90426636	-3.83235842
11.53703022	56.90426636	-3.83982162
13.53703022	56.90426636	-3.81768428
15.53703022	56.90426636	-3.82892514
17.53703022	56.90426636	-3.82502814
19.53703022	56.90426636	-3.83143686
21.53703022	56.90426636	-3.84366204
23.53703022	56.90426636	-3.84892439
25.53703022	56.90426636	-3.87005422
27.53703022	56.90426636	-3.78897246
29.53703022	56.90426636	-3.84194620
31.53703022	56.90426636	-3.72086477
33.53703022	56.90426636	-3.88509631
35.53703022	56.90426636	-3.89117146
37.53703022	56.90426636	-3.89656854
39.53703022	56.90426636	-3.67567348
41.53703022	56.90426636	-3.65998268
43.53703022	56.90426636	-3.66299129
45.53703022	56.90426636	-3.63986254
47.53703022	56.90426636	-3.62820625
49.53703022	56.90426636	-3.61234856
51.53703022	56.90426636	-3.63628817
53.53703022	56.90426636	-3.70167094
55.53703022	56.90426636	-3.63768101
57.53703022	56.90426636	-3.80365563
59.53703022	56.90426636	-3.84769756
61.53703022	56.90426636	-3.90094133
63.53703022	56.90426636	-3.93085015
65.53703022	56.90426636	-3.95886449
67.53703022	56.90426636	-3.97206105
69.53703022	56.90426636	-3.99319233
71.53703022	56.90426636	-3.99450973
73.53703022	56.90426636	-3.98901266
75.53703022	56.90426636	-3.98043674
77.53703022	56.90426636	-3.97045325
79.53703022	56.90426636	-3.95135074
81.53703022	56.90426636	-3.93916615
83.53703022	56.90426636	-3.97108492
85.53703022	56.90426636	-3.93593180
87.53703022	56.90426636	-4.01036596
89.53703022	56.90426636	-3.92029953
91.53703022	56.90426636	-3.84702063
93.53703022	56.90426636	-3.86209512
95.53703022	56.90426636	-3.84817236
97.53703022	56.90426636	-3.83967541
99.53703022	56.90426636	-3.83440804
101.53703022	56.90426636	-3.82990908
103.53703022	56.90426636	-3.82757776
105.53703022	56.90426636	-3.82721098
107.53703022	56.90426636	-3.82908357
109.53703022	56.90426636	-3.83337265
111.53703022	56.90426636	-3.83986126
113.53703022	56.90426636	-3.85051780
115.53703022	56.90426636	-3.86174775
117.53703022	56.90426636	-3.84423967
119.53703022	56.90426636	-3.92537012
121.53703022	56.90426636	-3.92670603
123.53703022	56.90426636	-3.95714235
125.53703022	56.90426636	-3.93622303
127.53703022	56.90426636	-3.88474178
129.53703022	56.90426636	-3.91344738
131.53703022	56.90426636	-3.92847228
133.53703022	56.90426636	-3.88284683
135.53703022	56.90426636	-3.86236668
137.53703022	56.90426636	-3.85142873
139.53703022	56.90426636	-3.83789483
141.53703022	56.90426636	-3.83143436
143.53703022	56.90426636	-3.82504987
145.53703022	56.90426636	-3.82253590
147.53703022	56.90426636	-3.82138081
149.53703022	56.90426636	-3.82122639
151.53703022	56.90426636	-3.82212012
153.53703022	56.90426636	-3.82311761
155.53703022	56.90426636	-3.82514025
157.53703022	56.90426636	-3.83027024
159.53703022	56.90426636	-3.83795520
161.53703022	56.90426636	-3.84998884
163.53703022	56.90426636	-3.84132051
165.53703022	56.90426636	-3.84815001
167.53703022	56.90426636	-3.77663517
169.53703022	56.90426636	-3.83215499
171.53703022	56.90426636	-4.01031685
173.53703022	56.90426636	-3.87621498
175.53703022	56.90426636	-3.81821895
177.53703022	56.90426636	-3.82494979
179.53703022	56.90426636	-3.82370374
181.53703022	56.90426636	-3.80425941
183.53703022	56.90426636	-3.78615096
185.53703022	56.90426636	-3.77944058
187.53703022	56.90426636	-3.77067981
189.53703022	56.90426636	-3.75698090
191.53703022	56.90426636	-3.75400579
193.53703022	56.90426636	-3.74314853
195.53703022	56.90426636	-3.73494308
197.53703022	56.90426636	-3.72476374
199.53703022	56.90426636	-3.71587727
201.53703022	56.90426636	-3.70666310
203.53703022	56.90426636	-3.69833062
205.53703022	56.90426636	-3.69026487
207.53703022	56.90426636	-3.68338152
209.53703022	56.90426636	-3.67468459
211.53703022	56.90426636	-3.66191007
213.53703022	56.90426636	-3.67554248
215.53703022	56.90426636	-3.66980528
217.53703022	56.90426636	-3.65988792
219.53703022	56.90426636	-3.65967558
221.53703022	56.90426636	-3.65924977
223.53703022	56.90426636	-3.66233190
225.53703022	56.90426636	-3.66602737
227.53703022	56.90426636	-3.67264613
229.53703022	56.90426636	-3.68107453
231.53703022	56.90426636	-3.69176703
233.53703022	56.90426636	-3.70547594
235.53703022	56.90426636	-3.72258043
237.53703022	56.90426636	-3.74222269
239.53703022	56.90426636	-3.76130010
241.53703022	56.90426636	-3.78909395
243.53703022	56.90426636	-3.79215284
245.53703022	56.90426636	-3.78753584
247.53703022	56.90426636	-3.77864766
249.53703022	56.90426636	-3.78542113
251.53703022	56.90426636	-3.74948955
253.53703022	56.90426636	-3.74948955
255.53703022	56.90426636	-3.74948955
257.53703022	56.90426636	-3.74948955
259.53703022	56.90426636	-3.74948955
261.53703022	56.90426636	-3.74948955
263.53703022	56.90426636	-3.74948955
265.53703022	56.90426636	-3.74948955
267.53703022	56.90426636	-3.74948955
269.53703022	56.90426636	-3.74948955
271.53703022	56.90426636	-3.74948955
273.53703022	56.90426636	-3.74948955
275.53703022	56.90426636	-3.74948955
277.53703022	56.90426636	-3.74948955
279.53703022	56.90426636	-3.74948955
281.53703022	56.90426636	-3.74948955
-8.46296978	58.90426636	-3.89721322
-6.46296978	58.90426636	-3.89721322
-4.46296978	58.90426636	-3.89721322
-2.46296978	58.90426636	-3.89721322
-0.46296978	58.90426636	-3.89721322
1.53703022	58.90426636	-3.89721322
3.53703022	58.90426636	-3.89721322
5.53703022	58.90426636	-3.89721322
7.53703022	58.90426636	-3.89721322
9.53703022	58.90426636	-3.87978721
11.53703022	58.90426636	-3.70867229
13.53703022	58.90426636	-3.80799131
15.53703022	58.90426636	-3.81336112
17.53703022	58.90426636	-3.82008970
19.53703022	58.90426636	-3.82348198
21.53703022	58.90426636	-3.83281586
23.53703022	58.90426636	-3.83969580
25.53703022	58.90426636	-3.85266141
27.53703022	58.90426636	-3.86859168
29.53703022	58.90426636	-3.78217966
31.53703022	58.90426636	-3.95650816
33.53703022	58.90426636	-3.88580966
35.53703022	58.90426636	-3.88387203
37.53703022	58.90426636	-3.88612604
39.53703022	58.90426636	-3.74173999
41.53703022	58.90426636	-3.72924805
43.53703022	58.90426636	-3.66795707
45.53703022	58.90426636	-3.64358830
47.53703022	58.90426636	-3.63635564
49.53703022	58.90426636	-3.63280835
51.53703022	58.90426636	-3.66740274
53.53703022	58.90426636	-3.65086927
55.53703022	58.90426636	-3.67206931
57.53703022	58.90426636	-3.74777795
59.53703022	58.90426636	-3.81872686
61.53703022	58.90426636	-3.87516255
63.53703022	58.90426636	-3.91391976
65.53703022	58.90426636	-3.94365720
67.53703022	58.90426636	-3.96074309
69.53703022	58.90426636	-3.98004999
71.53703022	58.90426636	-3.98105286
73.53703022	58.90426636	-3.98017951
75.53703022	58.90426636	-3.97158087
77.53703022	58.90426636	-3.96477935
79.53703022	58.90426636	-3.95672403
81.53703022	58.90426636	-3.94648596
83.53703022	58.90426636	-3.93369535
85.53703022	58.90426636	-3.96632044
87.53703022	58.90426636	-3.90939355
89.53703022	58.90426636	-3.83155084
91.53703022	58.90426636	-3.86653090
93.53703022	58.90426636	-3.84792545
95.53703022	58.90426636	-3.85117804
97.53703022	58.90426636	-3.83776714
99.53703022	58.90426636	-3.83333195
101.53703022	58.90426636	-3.82696571
103.53703022	58.90426636	-3.82516582
105.53703022	58.90426636	-3.82350533
107.53703022	58.90426636	-3.82483445
109.53703022	58.90426636	-3.82755044
111.53703022	58.90426636	-3.83307674
113.53703022	58.90426636	-3.84207230
115.53703022	58.90426636	-3.85500310
117.53703022	58.90426636	-3.85296780
119.53703022	58.90426636	-3.89029809
121.53703022	58.90426636	-3.93575932
123.53703022	58.90426636	-3.93824466
125.53703022	58.90426636	-3.93865871
127.53703022	58.90426636	-3.91467762
129.53703022	58.90426636	-3.90501666
131.53703022	58.90426636	-3.87583160
133.53703022	58.90426636	-3.89800566
135.53703022	58.90426636	-3.86452228
137.53703022	58.90426636	-3.85023949
139.53703022	58.90426636	-3.83613561
141.53703022	58.90426636	-3.82757927
143.53703022	58.90426636	-3.82080881
145.53703022	58.90426636	-3.81749320
147.53703022	58.90426636	-3.81568277
149.53703022	58.90426636	-3.81549820
151.53703022	58.90426636	-3.81539833
153.53703022	58.90426636	-3.81627701
155.53703022	58.90426636	-3.81550354
157.53703022	58.90426636	-3.81842475
159.53703022	58.90426636	-3.81992557
161.53703022	58.90426636	-3.84331155
163.53703022	58.90426636	-3.84230423
165.53703022	58.90426636	-3.85266447
167.53703022	58.90426636	-3.84573293
169.53703022	58.90426636	-3.84156370
171.53703022	58.90426636	-3.87215805
173.53703022	58.90426636	-3.86063290
175.53703022	58.90426636	-3.83510797
177.53703022	58.90426636	-4.00411844
179.53703022	58.90426636	-3.83255693
181.53703022	58.90426636	-3.81327824
183.53703022	58.90426636	-3.78717714
185.53703022	58.90426636	-3.78595386
187.53703022	58.90426636	-3.77575978
189.53703022	58.90426636	-3.77184684
191.53703022	58.90426636	-3.76543140
193.53703022	58.90426636	-3.75500083
195.53703022	58.90426636	-3.74479287
197.53703022	58.90426636	-3.73458570
199.53703022	58.90426636	-3.72437512
201.53703022	58.90426636	-3.71469836
203.53703022	58.90426636	-3.70551504
205.53703022	58.90426636	-3.69690154
207.53703022	58.90426636	-3.68902547
209.53703022	58.90426636	-3.68179826
211.53703022	58.90426636	-3.67781747
213.53703022	58.90426636	-3.67405639
215.53703022	58.90426636	-3.66606304
217.53703022	58.90426636	-3.66353879
219.53703022	58.90426636	-3.66187349
221.53703022	58.90426636	-3.66015752
223.53703022	58.90426636	-3.66623865
225.53703022	58.90426636	-3.66857946
227.53703022	58.90426636	-3.67847989
229.53703022	58.90426636	-3.68575821
231.53703022	58.90426636	-3.69860539
233.53703022	58.90426636	-3.71322677
235.53703022	58.90426636	-3.72553151
237.53703022	58.90426636	-3.74652630
239.53703022	58.90426636	-3.78181684
241.53703022	58.90426636	-3.78188155
243.53703022	58.90426636	-3.78826863
245.53703022	58.90426636	-3.81022882
247.53703022	58.90426636	-3.79466486
249.53703022	58.90426636	-3.77991152
251.53703022	58.90426636	-3.79162836
253.53703022	58.90426636	-3.78813648
255.53703022	58.90426636	-3.78813648
257.53703022	58.90426636	-3.78813648
259.53703022	58.90426636	-3.78813648
261.53703022	58.90426636	-3.78813648
263.53703022	58.90426636	-3.78813648
265.53703022	58.90426636	-3.78813648
267.53703022	58.90426636	-3.78813648
269.53703022	58.90426636	-3.78813648
271.53703022	58.90426636	-3.78813648
273.53703022	58.90426636	-3.78813648
275.53703022	58.90426636	-3.78813648
277.53703022	58.90426636	-3.78813648
279.53703022	58.90426636	-3.78813648
281.53703022	58.90426636	-3.78813648
-8.46296978	60.90426636	-3.87005925
-6.46296978	60.90426636	-3.87005925
-4.46296978	60.90426636	-3.87005925
-2.46296978	60.90426636	-3.87005925
-0.46296978	60.90426636	-3.87005925
1.53703022	60.90426636	-3.87005925
3.53703022	60.90426636	-3.87005925
5.53703022	60.90426636	-3.87005925
7.53703022	60.90426636	-3.87005925
9.53703022	60.90426636	-3.87005925
11.53703022	60.90426636	-3.92126369
13.53703022	60.90426636	-3.77705336
15.53703022	60.90426636	-3.83073442
17.53703022	60.90426636	-3.81926948
19.53703022	60.90426636	-3.82849370
21.53703022	60.90426636	-3.83916680
23.53703022	60.90426636	-3.84462695
25.53703022	60.90426636	-3.86286180
27.53703022	60.90426636	-3.77501954
29.53703022	60.90426636	-3.88634033
31.53703022	60.90426636	-3.84297188
33.53703022	60.90426636	-3.86790943
35.53703022	60.90426636	-3.87010145
37.53703022	60.90426636	-3.88172436
39.53703022	60.90426636	-3.76315999
41.53703022	60.90426636	-3.68311524
43.53703022	60.90426636	-3.64703411
45.53703022	60.90426636	-3.62731910
47.53703022	60.90426636	-3.63855985
49.53703022	60.90426636	-3.64413113
51.53703022	60.90426636	-3.67228246
53.53703022	60.90426636	-3.69182643
55.53703022	60.90426636	-3.68878531
57.53703022	60.90426636	-3.78317024
59.53703022	60.90426636	-3.80412353
61.53703022	60.90426636	-3.88523977
63.53703022	60.90426636	-3.92256625
65.53703022	60.90426636	-3.96513915
67.53703022	60.90426636	-3.98313595
69.53703022	60.90426636	-4.00023176
71.53703022	60.90426636	-4.00255746
73.53703022	60.90426636	-4.01744419
75.53703022	60.90426636	-4.00936938
77.53703022	60.90426636	-3.99406053
79.53703022	60.90426636	-3.97303082
81.53703022	60.90426636	-3.95619036
83.53703022	60.90426636	-3.98975587
85.53703022	60.90426636	-3.89483023
87.53703022	60.90426636	-3.90385047
89.53703022	60.90426636	-3.88239638
91.53703022	60.90426636	-4.01371002
93.53703022	60.90426636	-3.87045280
95.53703022	60.90426636	-3.85111266
97.53703022	60.90426636	-3.84449227
99.53703022	60.90426636	-3.83768081
101.53703022	60.90426636	-3.83232615
103.53703022	60.90426636	-3.82894200
105.53703022	60.90426636	-3.82775958
107.53703022	60.90426636	-3.82849296
109.53703022	60.90426636	-3.83216243
111.53703022	60.90426636	-3.83835430
113.53703022	60.90426636	-3.84827184
115.53703022	60.90426636	-3.85581700
117.53703022	60.90426636	-3.85939027
119.53703022	60.90426636	-3.91896212
121.53703022	60.90426636	-3.66122437
123.53703022	60.90426636	-3.90681828
125.53703022	60.90426636	-3.95752120
127.53703022	60.90426636	-3.93190885
129.53703022	60.90426636	-3.92030978
131.53703022	60.90426636	-3.91585398
133.53703022	60.90426636	-3.96971178
135.53703022	60.90426636	-3.87420106
137.53703022	60.90426636	-3.86232780
139.53703022	60.90426636	-3.84311495
141.53703022	60.90426636	-3.83590096
143.53703022	60.90426636	-3.82760702
145.53703022	60.90426636	-3.82469718
147.53703022	60.90426636	-3.82234639
149.53703022	60.90426636	-3.82244169
151.53703022	60.90426636	-3.82387876
153.53703022	60.90426636	-3.82569011
155.53703022	60.90426636	-3.82872575
157.53703022	60.90426636	-3.83232032
159.53703022	60.90426636	-3.85422063
161.53703022	60.90426636	-3.86389780
163.53703022	60.90426636	-3.85782504
165.53703022	60.90426636	-3.87599277
167.53703022	60.90426636	-3.91170010
169.53703022	60.90426636	-3.85953864
171.53703022	60.90426636	-3.86585019
173.53703022	60.90426636	-3.86485293
175.53703022	60.90426636	-3.87006012
177.53703022	60.90426636	-3.84994758
179.53703022	60.90426636	-3.82889108
181.53703022	60.90426636	-3.81156940
183.53703022	60.90426636	-3.79458937
185.53703022	60.90426636	-3.78109553
187.53703022	60.90426636	-3.77344768
189.53703022	60.90426636	-3.75835182
191.53703022	60.90426636	-3.75451606
193.53703022	60.90426636	-3.74266037
195.53703022	60.90426636	-3.73503962
197.53703022	60.90426636	-3.72447108
199.53703022	60.90426636	-3.71592505
201.53703022	60.90426636	-3.70654191
203.53703022	60.90426636	-3.69835904
205.53703022	60.90426636	-3.69021254
207.53703022	60.90426636	-3.68309305
209.53703022	60.90426636	-3.67551261
211.53703022	60.90426636	-3.67026922
213.53703022	60.90426636	-3.66422111
215.53703022	60.90426636	-3.65854444
217.53703022	60.90426636	-3.64502505
219.53703022	60.90426636	-3.64057753
221.53703022	60.90426636	-3.63243643
223.53703022	60.90426636	-3.64055189
225.53703022	60.90426636	-3.63985968
227.53703022	60.90426636	-3.65116052
229.53703022	60.90426636	-3.65893366
231.53703022	60.90426636	-3.66936552
233.53703022	60.90426636	-3.68126682
235.53703022	60.90426636	-3.69333386
237.53703022	60.90426636	-3.70902282
239.53703022	60.90426636	-3.72956247
241.53703022	60.90426636	-3.74890333
243.53703022	60.90426636	-3.79102534
245.53703022	60.90426636	-3.79412564
247.53703022	60.90426636	-3.78598309
249.53703022	60.90426636	-3.79059529
251.53703022	60.90426636	-3.77331686
253.53703022	60.90426636	-3.77015710
255.53703022	60.90426636	-3.77015710
257.53703022	60.90426636	-3.77015710
259.53703022	60.90426636	-3.77015710
261.53703022	60.90426636	-3.77015710
263.53703022	60.90426636	-3.77015710
265.53703022	60.90426636	-3.77015710
267.53703022	60.90426636	-3.77015710
269.53703022	60.90426636	-3.77015710
271.53703022	60.90426636	-3.77015710
273.53703022	60.90426636	-3.77015710
275.53703022	60.90426636	-3.77015710
277.53703022	60.90426636	-3.77015710
279.53703022	60.90426636	-3.77015710
281.53703022	60.90426636	-3.77015710
-8.46296978	62.90426636	-3.86368966
-6.46296978	62.90426636	-3.86368966
-4.46296978	62.90426636	-3.86368966
-2.46296978	62.90426636	-3.86368966
-0.46296978	62.90426636	-3.86368966
1.53703022	62.90426636	-3.86368966
3.53703022	62.90426636	-3.86368966
5.53703022	62.90426636	-3.86368966
7.53703022	62.90426636	-3.86368966
9.53703022	62.90426636	-3.86368966
11.53703022	62.90426636	-3.87036967
13.53703022	62.90426636	-3.82402106
15.53703022	62.90426636	-3.78376915
17.53703022	62.90426636	-3.81783079
19.53703022	62.90426636	-3.81947394
21.53703022	62.90426636	-3.85113471
23.53703022	62.90426636	-3.85919490
25.53703022	62.90426636	-3.94088244
27.53703022	62.90426636	-3.88734579
29.53703022	62.90426636	-3.89708972
31.53703022	62.90426636	-3.90144229
33.53703022	62.90426636	-3.88251901
35.53703022	62.90426636	-3.92088318
37.53703022	62.90426636	-3.88499475
39.53703022	62.90426636	-3.89350605
41.53703022	62.90426636	-3.73430657
43.53703022	62.90426636	-3.66250801
45.53703022	62.90426636	-3.66787874
47.53703022	62.90426636	-3.68026519
49.53703022	62.90426636	-3.69198005
51.53703022	62.90426636	-3.67473552
53.53703022	62.90426636	-3.71457911
55.53703022	62.90426636	-3.71821054
57.53703022	62.90426636	-3.85331469
59.53703022	62.90426636	-3.86375824
61.53703022	62.90426636	-4.04852856
63.53703022	62.90426636	-4.02543421
65.53703022	62.90426636	-4.17519118
67.53703022	62.90426636	-4.11001573
69.53703022	62.90426636	-4.16981567
71.53703022	62.90426636	-4.05193794
73.53703022	62.90426636	-4.10292047
75.53703022	62.90426636	-3.99269698
77.53703022	62.90426636	-4.01975567
79.53703022	62.90426636	-3.88549328
81.53703022	62.90426636	-3.96679286
83.53703022	62.90426636	-3.91799199
85.53703022	62.90426636	-3.87006642
87.53703022	62.90426636	-3.88976316
89.53703022	62.90426636	-3.85515854
91.53703022	62.90426636	-3.88459275
93.53703022	62.90426636	-3.84573019
95.53703022	62.90426636	-3.85521407
97.53703022	62.90426636	-3.83847249
99.53703022	62.90426636	-3.83863170
101.53703022	62.90426636	-3.83009572
103.53703022	62.90426636	-3.83017678
105.53703022	62.90426636	-3.82692985
107.53703022	62.90426636	-3.82606043
109.53703022	62.90426636	-3.82677291
111.53703022	62.90426636	-3.82343604
113.53703022	62.90426636	-3.83242713
115.53703022	62.90426636	-3.82396568
117.53703022	62.90426636	-3.84823232
119.53703022	62.90426636	-3.87634473
121.53703022	62.90426636	-3.91727522
123.53703022	62.90426636	-3.91688908
125.53703022	62.90426636	-3.94830871
127.53703022	62.90426636	-3.96107507
129.53703022	62.90426636	-3.96312571
131.53703022	62.90426636	-3.91905475
133.53703022	62.90426636	-3.88681559
135.53703022	62.90426636	-3.86290649
137.53703022	62.90426636	-3.85949831
139.53703022	62.90426636	-3.84345775
141.53703022	62.90426636	-3.84299372
143.53703022	62.90426636	-3.83668477
145.53703022	62.90426636	-3.84034846
147.53703022	62.90426636	-3.84053694
149.53703022	62.90426636	-3.85246276
151.53703022	62.90426636	-3.84955619
153.53703022	62.90426636	-3.89129114
155.53703022	62.90426636	-3.87729716
157.53703022	62.90426636	-3.95323467
159.53703022	62.90426636	-3.84800935
161.53703022	62.90426636	-3.88376641
163.53703022	62.90426636	-3.90974140
165.53703022	62.90426636	-3.84449504
167.53703022	62.90426636	-3.85697334
169.53703022	62.90426636	-3.85009566
171.53703022	62.90426636	-3.85814295
173.53703022	62.90426636	-3.92646912
175.53703022	62.90426636	-3.84767389
177.53703022	62.90426636	-3.92629744
179.53703022	62.90426636	-3.79932082
181.53703022	62.90426636	-3.84278618
183.53703022	62.90426636	-3.76422897
185.53703022	62.90426636	-3.77940479
187.53703022	62.90426636	-3.74876822
189.53703022	62.90426636	-3.74608103
191.53703022	62.90426636	-3.73144870
193.53703022	62.90426636	-3.72336469
195.53703022	62.90426636	-3.71338799
197.53703022	62.90426636	-3.70523970
199.53703022	62.90426636	-3.69609585
201.53703022	62.90426636	-3.68910410
203.53703022	62.90426636	-3.68092248
205.53703022	62.90426636	-3.67555955
207.53703022	62.90426636	-3.66837000
209.53703022	62.90426636	-3.66423011
211.53703022	62.90426636	-3.65872239
213.53703022	62.90426636	-3.65711738
215.53703022	62.90426636	-3.65307602
217.53703022	62.90426636	-3.65357505
219.53703022	62.90426636	-3.64567344
221.53703022	62.90426636	-3.63898205
223.53703022	62.90426636	-3.64102461
225.53703022	62.90426636	-3.53604460
227.53703022	62.90426636	-3.65582822
229.53703022	62.90426636	-3.65394419
231.53703022	62.90426636	-3.67689935
233.53703022	62.90426636	-3.68667353
235.53703022	62.90426636	-3.69969413
237.53703022	62.90426636	-3.71656491
239.53703022	62.90426636	-3.73308518
241.53703022	62.90426636	-3.77972447
243.53703022	62.90426636	-3.78269007
245.53703022	62.90426636	-3.78584529
247.53703022	62.90426636	-3.79362583
249.53703022	62.90426636	-3.77787757
251.53703022	62.90426636	-3.76278853
253.53703022	62.90426636	-3.76843953
255.53703022	62.90426636	-3.75070500
257.53703022	62.90426636	-3.75070500
259.53703022	62.90426636	-3.75070500
261.53703022	62.90426636	-3.75070500
263.53703022	62.90426636	-3.75070500
265.53703022	62.90426636	-3.75070500
267.53703022	62.90426636	-3.75070500
269.53703022	62.90426636	-3.75070500
271.53703022	62.90426636	-3.75070500
273.53703022	62.90426636	-3.75070500
275.53703022	62.90426636	-3.75070500
277.53703022	62.90426636	-3.75070500
279.53703022	62.90426636	-3.75070500
281.53703022	62.90426636	-3.75070500
-8.46296978	64.90426636	-3.86738110
-6.46296978	64.90426636	-3.86738110
-4.46296978	64.90426636	-3.86738110
-2.46296978	64.90426636	-3.86738110
-0.46296978	64.90426636	-3.86738110
1.53703022	64.90426636	-3.86738110
3.53703022	64.90426636	-3.86738110
5.53703022	64.90426636	-3.86738110
7.53703022	64.90426636	-3.86738110
9.53703022	64.90426636	-3.86738110
11.53703022	64.90426636	-3.86738110
13.53703022	64.90426636	-3.88839173
15.53703022	64.90426636	-3.68453979
17.53703022	64.90426636	-3.73596525
19.53703022	64.90426636	-3.86121160
21.53703022	64.90426636	-3.89775684
23.53703022	64.90426636	-3.88333154
25.53703022	64.90426636	-3.91446662
27.53703022	64.90426636	-3.88378692
29.53703022	64.90426636	-3.89731812
31.53703022	64.90426636	-3.87825257
33.53703022	64.90426636	-3.88525267
35.53703022	64.90426636	-3.89056884
37.53703022	64.90426636	-3.89086938
39.53703022	64.90426636	-3.88573885
41.53703022	64.90426636	-3.86067367
43.53703022	64.90426636	-3.71363902
45.53703022	64.90426636	-3.67849729
47.53703022	64.90426636	-3.68353401
49.53703022	64.90426636	-3.70376579
51.53703022	64.90426636	-3.71066869
53.53703022	64.90426636	-3.72170345
55.53703022	64.90426636	-3.79286981
57.53703022	64.90426636	-3.83199929
59.53703022	64.90426636	-4.06613922
61.53703022	64.90426636	-3.99238687
63.53703022	64.90426636	-4.07326406
65.53703022	64.90426636	-4.15216067
67.53703022	64.90426636	-4.20673674
69.53703022	64.90426636	-4.19351990
71.53703022	64.90426636	-6.57369184
73.53703022	64.90426636	-4.44712805
75.53703022	64.90426636	-4.31292595
77.53703022	64.90426636	-3.88889623
79.53703022	64.90426636	-3.97227479
81.53703022	64.90426636	-3.92196622
83.53703022	64.90426636	-3.94787016
85.53703022	64.90426636	-3.91785605
87.53703022	64.90426636	-3.93798123
89.53703022	64.90426636	-3.92870826
91.53703022	64.90426636	-3.93526553
93.53703022	64.90426636	-3.89237868
95.53703022	64.90426636	-3.87856343
97.53703022	64.90426636	-3.85581697
99.53703022	64.90426636	-3.84764757
101.53703022	64.90426636	-3.83777606
103.53703022	64.90426636	-3.83505036
105.53703022	64.90426636	-3.83189349
107.53703022	64.90426636	-3.84490948
109.53703022	64.90426636	-3.85025551
111.53703022	64.90426636	-3.87133052
113.53703022	64.90426636	-3.89608234
115.53703022	64.90426636	-3.88705507
117.53703022	64.90426636	-3.91796972
119.53703022	64.90426636	-3.93025389
121.53703022	64.90426636	-3.93687668
123.53703022	64.90426636	-3.93788935
125.53703022	64.90426636	-3.95367336
127.53703022	64.90426636	-3.93482375
129.53703022	64.90426636	-3.95403957
131.53703022	64.90426636	-3.93546987
133.53703022	64.90426636	-3.91184044
135.53703022	64.90426636	-3.89632671
137.53703022	64.90426636	-3.75861454
139.53703022	64.90426636	-3.87775800
141.53703022	64.90426636	-3.86432246
143.53703022	64.90426636	-3.87127867
145.53703022	64.90426636	-3.85720081
147.53703022	64.90426636	-3.87577783
149.53703022	64.90426636	-3.74861595
151.53703022	64.90426636	-3.91894197
153.53703022	64.90426636	-3.87033486
155.53703022	64.90426636	-3.85162323
157.53703022	64.90426636	-3.77742532
159.53703022	64.90426636	-3.83151870
161.53703022	64.90426636	-3.79991080
163.53703022	64.90426636	-3.81910113
165.53703022	64.90426636	-3.79840788
167.53703022	64.90426636	-3.79904569
169.53703022	64.90426636	-3.78781485
171.53703022	64.90426636	-3.78665484
173.53703022	64.90426636	-3.77869973
175.53703022	64.90426636	-3.77568890
177.53703022	64.90426636	-3.76806853
179.53703022	64.90426636	-3.76234617
181.53703022	64.90426636	-3.75495028
183.53703022	64.90426636	-3.74938299
185.53703022	64.90426636	-3.74396727
187.53703022	64.90426636	-3.74054024
189.53703022	64.90426636	-3.73723942
191.53703022	64.90426636	-3.73601142
193.53703022	64.90426636	-3.73412110
195.53703022	64.90426636	-3.73294456
197.53703022	64.90426636	-3.72895643
199.53703022	64.90426636	-3.72754010
201.53703022	64.90426636	-3.72243015
203.53703022	64.90426636	-3.71658109
205.53703022	64.90426636	-3.70944605
207.53703022	64.90426636	-3.70449711
209.53703022	64.90426636	-3.69845276
211.53703022	64.90426636	-3.69730501
213.53703022	64.90426636	-3.70796180
215.53703022	64.90426636	-3.71883255
217.53703022	64.90426636	-3.62837029
219.53703022	64.90426636	-3.73147300
221.53703022	64.90426636	-3.78856625
223.53703022	64.90426636	-3.67922760
225.53703022	64.90426636	-3.54520440
227.53703022	64.90426636	-3.70233725
229.53703022	64.90426636	-3.77405332
231.53703022	64.90426636	-3.70281026
233.53703022	64.90426636	-3.74556696
235.53703022	64.90426636	-3.71624779
237.53703022	64.90426636	-3.73834281
239.53703022	64.90426636	-3.72929557
241.53703022	64.90426636	-3.73755778
243.53703022	64.90426636	-3.69013326
245.53703022	64.90426636	-3.60165572
247.53703022	64.90426636	-3.74619808
249.53703022	64.90426636	-3.78748178
251.53703022	64.90426636	-3.76497388
253.53703022	64.90426636	-3.79922318
255.53703022	64.90426636	-3.77741957
257.53703022	64.90426636	-3.77741957
259.53703022	64.90426636	-3.77741957
261.53703022	64.90426636	-3.77741957
263.53703022	64.90426636	-3.77741957
265.53703022	64.90426636	-3.77741957
267.53703022	64.90426636	-3.77741957
269.53703022	64.90426636	-3.77741957
271.53703022	64.90426636	-3.77741957
273.53703022	64.90426636	-3.77741957
275.53703022	64.90426636	-3.77741957
277.53703022	64.90426636	-3.77741957
279.53703022	64.90426636	-3.77741957
281.53703022	64.90426636	-3.77741957
-8.46296978	66.90426636	-3.87866831
-6.46296978	66.90426636	-3.87866831
-4.46296978	66.90426636	-3.87866831
-2.46296978	66.90426636	-3.87866831
-0.46296978	66.90426636	-3.87866831
1.53703022	66.90426636	-3.87866831
3.53703022	66.90426636	-3.87866831
5.53703022	66.90426636	-3.87866831
7.53703022	66.90426636	-3.87866831
9.53703022	66.90426636	-3.87866831
11.53703022	66.90426636	-3.87866831
13.53703022	66.90426636	-3.86730027
15.53703022	66.90426636	-3.87492990
17.53703022	66.90426636	-3.85018826
19.53703022	66.90426636	-3.87716770
21.53703022	66.90426636	-3.87941647
23.53703022	66.90426636	-3.88747978
25.53703022	66.90426636	-3.89769626
27.53703022	66.90426636	-3.87980890
29.53703022	66.90426636	-3.76920938
31.53703022	66.90426636	-3.85275774
33.53703022	66.90426636	-3.84068025
35.53703022	66.90426636	-3.87142228
37.53703022	66.90426636	-3.85774199
39.53703022	66.90426636	-3.91420317
41.53703022	66.90426636	-3.86174107
43.53703022	66.90426636	-3.84251472
45.53703022	66.90426636	-3.85436521
47.53703022	66.90426636	-3.85748653
49.53703022	66.90426636	-3.83802976
51.53703022	66.90426636	-3.85371313
53.53703022	66.90426636	-3.87250989
55.53703022	66.90426636	-3.89556028
57.53703022	66.90426636	-3.89920750
59.53703022	66.90426636	-3.93245855
61.53703022	66.90426636	-3.95443164
63.53703022	66.90426636	-3.98224802
65.53703022	66.90426636	-4.05494780
67.53703022	66.90426636	-4.03505236
69.53703022	66.90426636	-4.06488535
71.53703022	66.90426636	-3.93242788
73.53703022	66.90426636	-4.03881787
75.53703022	66.90426636	-3.90678668
77.53703022	66.90426636	-3.99262126
79.53703022	66.90426636	-3.92418926
81.53703022	66.90426636	-3.95255614
83.53703022	66.90426636	-3.91038301
85.53703022	66.90426636	-3.92213058
87.53703022	66.90426636	-3.89855577
89.53703022	66.90426636	-3.89841077
91.53703022	66.90426636	-3.88487155
93.53703022	66.90426636	-3.88358652
95.53703022	66.90426636	-3.87478370
97.53703022	66.90426636	-3.87462484
99.53703022	66.90426636	-3.87032109
101.53703022	66.90426636	-3.86856843
103.53703022	66.90426636	-3.86975591
105.53703022	66.90426636	-3.84110913
107.53703022	66.90426636	-3.86948357
109.53703022	66.90426636	-3.89126482
111.53703022	66.90426636	-3.91273562
113.53703022	66.90426636	-3.90574579
115.53703022	66.90426636	-3.93676474
117.53703022	66.90426636	-3.94079060
119.53703022	66.90426636	-3.94394467
121.53703022	66.90426636	-3.92759538
123.53703022	66.90426636	-3.97868919
125.53703022	66.90426636	-3.92803669
127.53703022	66.90426636	-3.94455576
129.53703022	66.90426636	-3.95949078
131.53703022	66.90426636	-3.92312312
133.53703022	66.90426636	-3.89787316
135.53703022	66.90426636	-3.88466239
137.53703022	66.90426636	-3.89405756
139.53703022	66.90426636	-3.87199493
141.53703022	66.90426636	-3.87148150
143.53703022	66.90426636	-3.82781935
145.53703022	66.90426636	-3.83719635
147.53703022	66.90426636	-3.87990904
149.53703022	66.90426636	-3.83990765
151.53703022	66.90426636	-3.89342976
153.53703022	66.90426636	-3.74816197
155.53703022	66.90426636	-3.74572659
157.53703022	66.90426636	-3.92462182
159.53703022	66.90426636	-3.82410946
161.53703022	66.90426636	-3.81912752
163.53703022	66.90426636	-3.80471880
165.53703022	66.90426636	-3.79687795
167.53703022	66.90426636	-3.78749652
169.53703022	66.90426636	-3.78095817
171.53703022	66.90426636	-3.77488158
173.53703022	66.90426636	-3.77032969
175.53703022	66.90426636	-3.76464465
177.53703022	66.90426636	-3.76077237
179.53703022	66.90426636	-3.75454387
181.53703022	66.90426636	-3.75071126
183.53703022	66.90426636	-3.74596854
185.53703022	66.90426636	-3.74276907
187.53703022	66.90426636	-3.73933892
189.53703022	66.90426636	-3.73688703
191.53703022	66.90426636	-3.73568291
193.53703022	66.90426636	-3.73537069
195.53703022	66.90426636	-3.73565118
197.53703022	66.90426636	-3.73762656
199.53703022	66.90426636	-3.73770288
201.53703022	66.90426636	-3.73612786
203.53703022	66.90426636	-3.73457700
205.53703022	66.90426636	-3.73386628
207.53703022	66.90426636	-3.72683039
209.53703022	66.90426636	-3.72314811
211.53703022	66.90426636	-3.71335621
213.53703022	66.90426636	-3.70757660
215.53703022	66.90426636	-3.69952706
217.53703022	66.90426636	-3.70306039
219.53703022	66.90426636	-3.64445507
221.53703022	66.90426636	-3.70753644
223.53703022	66.90426636	-3.83346550
225.53703022	66.90426636	-3.89644241
227.53703022	66.90426636	-3.64327955
229.53703022	66.90426636	-3.70392282
231.53703022	66.90426636	-3.72984179
233.53703022	66.90426636	-3.72976178
235.53703022	66.90426636	-3.73496394
237.53703022	66.90426636	-3.73373365
239.53703022	66.90426636	-3.73758898
241.53703022	66.90426636	-3.74267001
243.53703022	66.90426636	-3.74274717
245.53703022	66.90426636	-3.70403685
247.53703022	66.90426636	-3.77461857
249.53703022	66.90426636	-3.80507970
251.53703022	66.90426636	-3.80922055
253.53703022	66.90426636	-3.80004358
255.53703022	66.90426636	-3.79798317
257.53703022	66.90426636	-3.79659176
259.53703022	66.90426636	-3.79659176
261.53703022	66.90426636	-3.79659176
263.53703022	66.90426636	-3.79659176
265.53703022	66.90426636	-3.79659176
267.53703022	66.90426636	-3.79659176
269.53703022	66.90426636	-3.79659176
271.53703022	66.90426636	-3.79659176
273.53703022	66.90426636	-3.79659176
275.53703022	66.90426636	-3.79659176
277.53703022	66.90426636	-3.79659176
279.53703022	66.90426636	-3.79659176
281.53703022	66.90426636	-3.79659176
-8.46296978	68.90426636	-3.88772702
-6.46296978	68.90426636	-3.88772702
-4.46296978	68.90426636	-3.88772702
-2.46296978	68.90426636	-3.88772702
-0.46296978	68.90426636	-3.88772702
1.53703022	68.90426636	-3.88772702
3.53703022	68.90426636	-3.88772702
5.53703022	68.90426636	-3.88772702
7.53703022	68.90426636	-3.88772702
9.53703022	68.90426636	-3.88772702
11.53703022	68.90426636	-3.88772702
13.53703022	68.90426636	-3.86706996
15.53703022	68.90426636	-3.84671736
17.53703022	68.90426636	-3.83835554
19.53703022	68.90426636	-3.85485315
21.53703022	68.90426636	-3.90570617
23.53703022	68.90426636	-3.87075520
25.53703022	68.90426636	-3.82441466
27.53703022	68.90426636	-3.83741107
29.53703022	68.90426636	-3.83474390
31.53703022	68.90426636	-3.84703699
33.53703022	68.90426636	-3.84571390
35.53703022	68.90426636	-3.85620279
37.53703022	68.90426636	-3.87187297
39.53703022	68.90426636	-3.86499763
41.53703022	68.90426636	-3.90933418
43.53703022	68.90426636	-3.76155257
45.53703022	68.90426636	-3.88435713
47.53703022	68.90426636	-3.88417172
49.53703022	68.90426636	-3.90256251
51.53703022	68.90426636	-3.86335377
53.53703022	68.90426636	-3.92229864
55.53703022	68.90426636	-3.91017621
57.53703022	68.90426636	-3.95464441
59.53703022	68.90426636	-3.94616749
61.53703022	68.90426636	-3.97345702
63.53703022	68.90426636	-3.98184729
65.53703022	68.90426636	-3.98608309
67.53703022	68.90426636	-3.96615601
69.53703022	68.90426636	-3.96935225
71.53703022	68.90426636	-4.00675687
73.53703022	68.90426636	-3.97601069
75.53703022	68.90426636	-3.98153328
77.53703022	68.90426636	-3.95408966
79.53703022	68.90426636	-3.95147127
81.53703022	68.90426636	-3.93085837
83.53703022	68.90426636	-3.92424838
85.53703022	68.90426636	-3.91062795
87.53703022	68.90426636	-3.90490684
89.53703022	68.90426636	-3.89584195
91.53703022	68.90426636	-3.89188300
93.53703022	68.90426636	-3.88544758
95.53703022	68.90426636	-3.88212833
97.53703022	68.90426636	-3.87930473
99.53703022	68.90426636	-3.87916810
101.53703022	68.90426636	-3.88007431
103.53703022	68.90426636	-3.88025120
105.53703022	68.90426636	-3.89304995
107.53703022	68.90426636	-3.81665701
109.53703022	68.90426636	-3.91479372
111.53703022	68.90426636	-3.89013967
113.53703022	68.90426636	-3.95722737
115.53703022	68.90426636	-3.92327752
117.53703022	68.90426636	-3.96184173
119.53703022	68.90426636	-3.92587032
121.53703022	68.90426636	-3.96365666
123.53703022	68.90426636	-3.99254775
125.53703022	68.90426636	-3.96305251
127.53703022	68.90426636	-3.89174700
129.53703022	68.90426636	-3.89904642
131.53703022	68.90426636	-3.90824461
133.53703022	68.90426636	-3.90140581
135.53703022	68.90426636	-3.89988184
137.53703022	68.90426636	-3.94051051
139.53703022	68.90426636	-3.89320087
141.53703022	68.90426636	-3.87541294
143.53703022	68.90426636	-3.87292409
145.53703022	68.90426636	-3.84561467
147.53703022	68.90426636	-3.87075639
149.53703022	68.90426636	-3.86131215
151.53703022	68.90426636	-3.88388681
153.53703022	68.90426636	-3.64598823
155.53703022	68.90426636	-3.79152462
157.53703022	68.90426636	-3.76885969
159.53703022	68.90426636	-3.78635785
161.53703022	68.90426636	-3.77276833
163.53703022	68.90426636	-3.77763753
165.53703022	68.90426636	-3.76871253
167.53703022	68.90426636	-3.76855163
169.53703022	68.90426636	-3.76248681
171.53703022	68.90426636	-3.76133681
173.53703022	68.90426636	-3.75717280
175.53703022	68.90426636	-3.75593312
177.53703022	68.90426636	-3.75274925
179.53703022	68.90426636	-3.75130222
181.53703022	68.90426636	-3.75225169
183.53703022	68.90426636	-3.74630245
185.53703022	68.90426636	-3.74460847
187.53703022	68.90426636	-3.74181172
189.53703022	68.90426636	-3.74054954
191.53703022	68.90426636	-3.73759499
193.53703022	68.90426636	-3.73786587
195.53703022	68.90426636	-3.73845186
197.53703022	68.90426636	-3.73676604
199.53703022	68.90426636	-3.73616363
201.53703022	68.90426636	-3.73268065
203.53703022	68.90426636	-3.72766295
205.53703022	68.90426636	-3.72109035
207.53703022	68.90426636	-3.72854493
209.53703022	68.90426636	-3.70925985
211.53703022	68.90426636	-3.71258871
213.53703022	68.90426636	-3.70706663
215.53703022	68.90426636	-3.70772113
217.53703022	68.90426636	-3.63633488
219.53703022	68.90426636	-3.70470616
221.53703022	68.90426636	-3.56993175
223.53703022	68.90426636	-3.76636243
225.53703022	68.90426636	-3.94754148
227.53703022	68.90426636	-3.65843534
229.53703022	68.90426636	-3.75191766
231.53703022	68.90426636	-3.72098078
233.53703022	68.90426636	-3.74128377
235.53703022	68.90426636	-3.72997466
237.53703022	68.90426636	-3.74043469
239.53703022	68.90426636	-3.73934972
241.53703022	68.90426636	-3.73645914
243.53703022	68.90426636	-3.69465805
245.53703022	68.90426636	-3.75515390
247.53703022	68.90426636	-3.64572501
249.53703022	68.90426636	-3.80044341
251.53703022	68.90426636	-3.79025292
253.53703022	68.90426636	-3.79099560
255.53703022	68.90426636	-3.80294394
257.53703022	68.90426636	-3.80583119
259.53703022	68.90426636	-3.80583119
261.53703022	68.90426636	-3.80583119
263.53703022	68.90426636	-3.80583119
265.53703022	68.90426636	-3.80583119
267.53703022	68.90426636	-3.80583119
269.53703022	68.90426636	-3.80583119
271.53703022	68.90426636	-3.80583119
273.53703022	68.90426636	-3.80583119
275.53703022	68.90426636	-3.80583119
277.53703022	68.90426636	-3.80583119
279.53703022	68.90426636	-3.80583119
281.53703022	68.90426636	-3.80583119
-8.46296978	70.90426636	-3.87294054
-6.46296978	70.90426636	-3.87294054
-4.46296978	70.90426636	-3.87294054
-2.46296978	70.90426636	-3.87294054
-0.46296978	70.90426636	-3.87294054
1.53703022	70.90426636	-3.87294054
3.53703022	70.90426636	-3.87294054
5.53703022	70.90426636	-3.87294054
7.53703022	70.90426636	-3.87294054
9.53703022	70.90426636	-3.87294054
11.53703022	70.90426636	-3.87294054
13.53703022	70.90426636	-3.87294054
15.53703022	70.90426636	-3.87994027
17.53703022	70.90426636	-3.85388970
19.53703022	70.90426636	-3.86090875
21.53703022	70.90426636	-3.78271794
23.53703022	70.90426636	-3.82780677
25.53703022	70.90426636	-3.83248553
27.53703022	70.90426636	-3.82929053
29.53703022	70.90426636	-3.82894931
31.53703022	70.90426636	-3.83311311
33.53703022	70.90426636	-3.83974777
35.53703022	70.90426636	-3.85203613
37.53703022	70.90426636	-3.86306333
39.53703022	70.90426636	-3.88227458
41.53703022	70.90426636	-3.89159393
43.53703022	70.90426636	-3.85334897
45.53703022	70.90426636	-3.89954522
47.53703022	70.90426636	-3.88803712
49.53703022	70.90426636	-3.88378267
51.53703022	70.90426636	-3.89396409
53.53703022	70.90426636	-3.86913068
55.53703022	70.90426636	-3.90609409
57.53703022	70.90426636	-3.93100249
59.53703022	70.90426636	-3.96524143
61.53703022	70.90426636	-3.92505407
63.53703022	70.90426636	-3.95307398
65.53703022	70.90426636	-3.98471381
67.53703022	70.90426636	-3.99441648
69.53703022	70.90426636	-4.01535969
71.53703022	70.90426636	-4.00293834
73.53703022	70.90426636	-3.99642314
75.53703022	70.90426636	-3.97324588
77.53703022	70.90426636	-3.96245804
79.53703022	70.90426636	-3.94493526
81.53703022	70.90426636	-3.93486519
83.53703022	70.90426636	-3.92167663
85.53703022	70.90426636	-3.91311620
87.53703022	70.90426636	-3.90377079
89.53703022	70.90426636	-3.89678352
91.53703022	70.90426636	-3.89049066
93.53703022	70.90426636	-3.88597950
95.53703022	70.90426636	-3.88129835
97.53703022	70.90426636	-3.87947826
99.53703022	70.90426636	-3.87697890
101.53703022	70.90426636	-3.87690930
103.53703022	70.90426636	-3.87667361
105.53703022	70.90426636	-3.87580339
107.53703022	70.90426636	-3.88171654
109.53703022	70.90426636	-3.81640058
111.53703022	70.90426636	-3.88662292
113.53703022	70.90426636	-3.92673033
115.53703022	70.90426636	-3.97956351
117.53703022	70.90426636	-3.94165969
119.53703022	70.90426636	-3.97372007
121.53703022	70.90426636	-3.97486138
123.53703022	70.90426636	-3.94122081
125.53703022	70.90426636	-3.89533439
127.53703022	70.90426636	-3.88911507
129.53703022	70.90426636	-3.88550031
131.53703022	70.90426636	-3.91358209
133.53703022	70.90426636	-3.90269589
135.53703022	70.90426636	-3.89750028
137.53703022	70.90426636	-3.90661860
139.53703022	70.90426636	-3.89886880
141.53703022	70.90426636	-3.88377619
143.53703022	70.90426636	-3.84963584
145.53703022	70.90426636	-3.85655904
147.53703022	70.90426636	-3.72453928
149.53703022	70.90426636	-3.73397506
151.53703022	70.90426636	-3.75222239
153.53703022	70.90426636	-3.77075397
155.53703022	70.90426636	-3.77424331
157.53703022	70.90426636	-3.80199225
159.53703022	70.90426636	-3.79737800
161.53703022	70.90426636	-3.79807227
163.53703022	70.90426636	-3.78945458
165.53703022	70.90426636	-3.78429390
167.53703022	70.90426636	-3.77675725
169.53703022	70.90426636	-3.77169694
171.53703022	70.90426636	-3.76600210
173.53703022	70.90426636	-3.76166039
175.53703022	70.90426636	-3.75704504
177.53703022	70.90426636	-3.75320961
179.53703022	70.90426636	-3.74957230
181.53703022	70.90426636	-3.74681139
183.53703022	70.90426636	-3.74453806
185.53703022	70.90426636	-3.74418508
187.53703022	70.90426636	-3.74127489
189.53703022	70.90426636	-3.73725730
191.53703022	70.90426636	-3.73711400
193.53703022	70.90426636	-3.73800712
195.53703022	70.90426636	-3.73926215
197.53703022	70.90426636	-3.74162522
199.53703022	70.90426636	-3.74159586
201.53703022	70.90426636	-3.74089890
203.53703022	70.90426636	-3.73729996
205.53703022	70.90426636	-3.73484863
207.53703022	70.90426636	-3.73378017
209.53703022	70.90426636	-3.71914129
211.53703022	70.90426636	-3.71406877
213.53703022	70.90426636	-3.70344709
215.53703022	70.90426636	-3.69849886
217.53703022	70.90426636	-3.70463090
219.53703022	70.90426636	-3.63461099
221.53703022	70.90426636	-3.71254608
223.53703022	70.90426636	-3.83229470
225.53703022	70.90426636	-3.79544926
227.53703022	70.90426636	-3.71625343
229.53703022	70.90426636	-3.71547878
231.53703022	70.90426636	-3.73389995
233.53703022	70.90426636	-3.73486093
235.53703022	70.90426636	-3.73582613
237.53703022	70.90426636	-3.73766527
239.53703022	70.90426636	-3.74029974
241.53703022	70.90426636	-3.74262915
243.53703022	70.90426636	-3.74742650
245.53703022	70.90426636	-3.69598080
247.53703022	70.90426636	-3.77330882
249.53703022	70.90426636	-3.80592608
251.53703022	70.90426636	-3.79619288
253.53703022	70.90426636	-3.80097103
255.53703022	70.90426636	-3.82201505
257.53703022	70.90426636	-3.80745125
259.53703022	70.90426636	-3.79593420
261.53703022	70.90426636	-3.79593420
263.53703022	70.90426636	-3.79593420
265.53703022	70.90426636	-3.79593420
267.53703022	70.90426636	-3.79593420
269.53703022	70.90426636	-3.79593420
271.53703022	70.90426636	-3.79593420
273.53703022	70.90426636	-3.79593420
275.53703022	70.90426636	-3.79593420
277.53703022	70.90426636	-3.79593420
279.53703022	70.90426636	-3.79593420
281.53703022	70.90426636	-3.79593420
-8.46296978	72.90426636	-3.86617970
-6.46296978	72.90426636	-3.86617970
-4.46296978	72.90426636	-3.86617970
-2.46296978	72.90426636	-3.86617970
-0.46296978	72.90426636	-3.86617970
1.53703022	72.90426636	-3.86617970
3.53703022	72.90426636	-3.86617970
5.53703022	72.90426636	-3.86617970
7.53703022	72.90426636	-3.86617970
9.53703022	72.90426636	-3.86617970
11.53703022	72.90426636	-3.86617970
13.53703022	72.90426636	-3.86617970
15.53703022	72.90426636	-3.84489894
17.53703022	72.90426636	-3.85779190
19.53703022	72.90426636	-3.83554566
21.53703022	72.90426636	-3.82391854
23.53703022	72.90426636	-3.83262496
25.53703022	72.90426636	-3.82091495
27.53703022	72.90426636	-3.82744640
29.53703022	72.90426636	-3.82869759
31.53703022	72.90426636	-3.83822725
33.53703022	72.90426636	-3.84188107
35.53703022	72.90426636	-3.85432838
37.53703022	72.90426636	-3.88544660
39.53703022	72.90426636	-3.89728229
41.53703022	72.90426636	-3.89595294
43.53703022	72.90426636	-3.91861963
45.53703022	72.90426636	-3.90276202
47.53703022	72.90426636	-3.89763196
49.53703022	72.90426636	-3.91766406
51.53703022	72.90426636	-3.87194462
53.53703022	72.90426636	-3.91637295
55.53703022	72.90426636	-3.84091949
57.53703022	72.90426636	-3.93547344
59.53703022	72.90426636	-3.95103836
61.53703022	72.90426636	-3.98388672
63.53703022	72.90426636	-3.97259927
65.53703022	72.90426636	-3.98508968
67.53703022	72.90426636	-3.99147624
69.53703022	72.90426636	-3.98497316
71.53703022	72.90426636	-3.99151480
73.53703022	72.90426636	-3.96946867
75.53703022	72.90426636	-3.95920837
77.53703022	72.90426636	-3.94159231
79.53703022	72.90426636	-3.93366282
81.53703022	72.90426636	-3.92078898
83.53703022	72.90426636	-3.91328002
85.53703022	72.90426636	-3.90423392
87.53703022	72.90426636	-3.89848901
89.53703022	72.90426636	-3.89191719
91.53703022	72.90426636	-3.88803694
93.53703022	72.90426636	-3.88349530
95.53703022	72.90426636	-3.88539768
97.53703022	72.90426636	-3.88266372
99.53703022	72.90426636	-3.88711518
101.53703022	72.90426636	-3.88460245
103.53703022	72.90426636	-3.88690184
105.53703022	72.90426636	-3.89270169
107.53703022	72.90426636	-3.81389373
109.53703022	72.90426636	-3.88807066
111.53703022	72.90426636	-3.75222397
113.53703022	72.90426636	-3.94655681
115.53703022	72.90426636	-3.96243119
117.53703022	72.90426636	-4.00193119
119.53703022	72.90426636	-3.91072179
121.53703022	72.90426636	-3.93428511
123.53703022	72.90426636	-3.93217516
125.53703022	72.90426636	-3.90809494
127.53703022	72.90426636	-3.85934210
129.53703022	72.90426636	-3.89861063
131.53703022	72.90426636	-3.89006448
133.53703022	72.90426636	-3.89105201
135.53703022	72.90426636	-3.89708924
137.53703022	72.90426636	-3.90539479
139.53703022	72.90426636	-3.88552213
141.53703022	72.90426636	-3.90313649
143.53703022	72.90426636	-3.73252020
145.53703022	72.90426636	-3.76599913
147.53703022	72.90426636	-3.63001966
149.53703022	72.90426636	-3.79189446
151.53703022	72.90426636	-3.79739321
153.53703022	72.90426636	-3.75156406
155.53703022	72.90426636	-3.78504191
157.53703022	72.90426636	-3.77966676
159.53703022	72.90426636	-3.78302067
161.53703022	72.90426636	-3.77499872
163.53703022	72.90426636	-3.77258419
165.53703022	72.90426636	-3.76568404
167.53703022	72.90426636	-3.76238440
169.53703022	72.90426636	-3.75748275
171.53703022	72.90426636	-3.75499574
173.53703022	72.90426636	-3.75165156
175.53703022	72.90426636	-3.74993915
177.53703022	72.90426636	-3.74789507
179.53703022	72.90426636	-3.74704709
181.53703022	72.90426636	-3.74810095
183.53703022	72.90426636	-3.74456977
185.53703022	72.90426636	-3.74681264
187.53703022	72.90426636	-3.74080456
189.53703022	72.90426636	-3.73831134
191.53703022	72.90426636	-3.73519375
193.53703022	72.90426636	-3.73527926
195.53703022	72.90426636	-3.73604339
197.53703022	72.90426636	-3.73525420
199.53703022	72.90426636	-3.73471154
201.53703022	72.90426636	-3.73204196
203.53703022	72.90426636	-3.72940337
205.53703022	72.90426636	-3.72385082
207.53703022	72.90426636	-3.72191227
209.53703022	72.90426636	-3.71171034
211.53703022	72.90426636	-3.80343175
213.53703022	72.90426636	-3.70660669
215.53703022	72.90426636	-3.71060953
217.53703022	72.90426636	-3.61753901
219.53703022	72.90426636	-3.73395292
221.53703022	72.90426636	-3.80012385
223.53703022	72.90426636	-3.72470665
225.53703022	72.90426636	-3.80881364
227.53703022	72.90426636	-3.69767666
229.53703022	72.90426636	-3.78502984
231.53703022	72.90426636	-3.71039818
233.53703022	72.90426636	-3.74816353
235.53703022	72.90426636	-3.72636227
237.53703022	72.90426636	-3.74179808
239.53703022	72.90426636	-3.73802994
241.53703022	72.90426636	-3.73123699
243.53703022	72.90426636	-3.68519287
245.53703022	72.90426636	-3.77804649
247.53703022	72.90426636	-3.74653014
249.53703022	72.90426636	-3.79335412
251.53703022	72.90426636	-3.78176522
253.53703022	72.90426636	-3.79343677
255.53703022	72.90426636	-3.79356718
257.53703022	72.90426636	-3.79845643
259.53703022	72.90426636	-3.81775308
261.53703022	72.90426636	-3.81775308
263.53703022	72.90426636	-3.81775308
265.53703022	72.90426636	-3.81775308
267.53703022	72.90426636	-3.81775308
269.53703022	72.90426636	-3.81775308
271.53703022	72.90426636	-3.81775308
273.53703022	72.90426636	-3.81775308
275.53703022	72.90426636	-3.81775308
277.53703022	72.90426636	-3.81775308
279.53703022	72.90426636	-3.81775308
281.53703022	72.90426636	-3.81775308
-8.46296978	74.90426636	-3.85265708
-6.46296978	74.90426636	-3.85265708
-4.46296978	74.90426636	-3.85265708
-2.46296978	74.90426636	-3.85265708
-0.46296978	74.90426636	-3.85265708
1.53703022	74.90426636	-3.85265708
3.53703022	74.90426636	-3.85265708
5.53703022	74.90426636	-3.85265708
7.53703022	74.90426636	-3.85265708
9.53703022	74.90426636	-3.85265708
11.53703022	74.90426636	-3.85265708
13.53703022	74.90426636	-3.85265708
15.53703022	74.90426636	-3.85265708
17.53703022	74.90426636	-3.83813047
19.53703022	74.90426636	-3.84023420
21.53703022	74.90426636	-3.81273476
23.53703022	74.90426636	-3.83112883
25.53703022	74.90426636	-3.82615609
27.53703022	74.90426636	-3.82781738
29.53703022	74.90426636	-3.82503541
31.53703022	74.90426636	-3.83289136
33.53703022	74.90426636	-3.83793314
35.53703022	74.90426636	-3.85339642
37.53703022	74.90426636	-3.86795733
39.53703022	74.90426636	-3.88460891
41.53703022	74.90426636	-3.90392425
43.53703022	74.90426636	-3.93914175
45.53703022	74.90426636	-3.90107541
47.53703022	74.90426636	-3.88799953
49.53703022	74.90426636	-3.89233960
51.53703022	74.90426636	-3.89455181
53.53703022	74.90426636	-3.86404108
55.53703022	74.90426636	-3.96209979
57.53703022	74.90426636	-3.97215629
59.53703022	74.90426636	-3.95760489
61.53703022	74.90426636	-3.96862982
63.53703022	74.90426636	-3.97272297
65.53703022	74.90426636	-3.98563631
67.53703022	74.90426636	-3.99731305
69.53703022	74.90426636	-4.01038866
71.53703022	74.90426636	-3.99443143
73.53703022	74.90426636	-3.98781375
75.53703022	74.90426636	-3.96190509
77.53703022	74.90426636	-3.95410135
79.53703022	74.90426636	-3.93638707
81.53703022	74.90426636	-3.92900028
83.53703022	74.90426636	-3.91630459
85.53703022	74.90426636	-3.90975468
87.53703022	74.90426636	-3.90045266
89.53703022	74.90426636	-3.89454579
91.53703022	74.90426636	-3.88879175
93.53703022	74.90426636	-3.88479523
95.53703022	74.90426636	-3.88340096
97.53703022	74.90426636	-3.88156519
99.53703022	74.90426636	-3.88137753
101.53703022	74.90426636	-3.87941930
103.53703022	74.90426636	-3.88087186
105.53703022	74.90426636	-3.88666272
107.53703022	74.90426636	-3.89216042
109.53703022	74.90426636	-3.80427526
111.53703022	74.90426636	-3.97772980
113.53703022	74.90426636	-3.83253884
115.53703022	74.90426636	-3.97911529
117.53703022	74.90426636	-3.98058930
119.53703022	74.90426636	-3.95112724
121.53703022	74.90426636	-3.93525100
123.53703022	74.90426636	-3.93703941
125.53703022	74.90426636	-3.88705542
127.53703022	74.90426636	-3.88146077
129.53703022	74.90426636	-3.88934326
131.53703022	74.90426636	-3.89829803
133.53703022	74.90426636	-3.88556719
135.53703022	74.90426636	-3.90488195
137.53703022	74.90426636	-3.89073753
139.53703022	74.90426636	-3.89835978
141.53703022	74.90426636	-3.89296444
143.53703022	74.90426636	-3.86171631
145.53703022	74.90426636	-3.71927095
147.53703022	74.90426636	-3.70220991
149.53703022	74.90426636	-3.74855688
151.53703022	74.90426636	-3.76913273
153.53703022	74.90426636	-3.78169795
155.53703022	74.90426636	-3.78492601
157.53703022	74.90426636	-3.79219225
159.53703022	74.90426636	-3.78852099
161.53703022	74.90426636	-3.78357315
163.53703022	74.90426636	-3.77690669
165.53703022	74.90426636	-3.77062079
167.53703022	74.90426636	-3.76488665
169.53703022	74.90426636	-3.76018418
171.53703022	74.90426636	-3.75611320
173.53703022	74.90426636	-3.75312009
175.53703022	74.90426636	-3.75012843
177.53703022	74.90426636	-3.74863175
179.53703022	74.90426636	-3.74695993
181.53703022	74.90426636	-3.74671674
183.53703022	74.90426636	-3.74586177
185.53703022	74.90426636	-3.74701393
187.53703022	74.90426636	-3.76182907
189.53703022	74.90426636	-3.78854008
191.53703022	74.90426636	-3.78544340
193.53703022	74.90426636	-3.81488646
195.53703022	74.90426636	-3.81187397
197.53703022	74.90426636	-3.81700095
199.53703022	74.90426636	-3.81825074
201.53703022	74.90426636	-3.78937051
203.53703022	74.90426636	-3.77841646
205.53703022	74.90426636	-3.82107306
207.53703022	74.90426636	-3.78282571
209.53703022	74.90426636	-3.75075245
211.53703022	74.90426636	-3.68727988
213.53703022	74.90426636	-3.65464631
215.53703022	74.90426636	-3.66295012
217.53703022	74.90426636	-3.68608644
219.53703022	74.90426636	-3.68678771
221.53703022	74.90426636	-3.69051147
223.53703022	74.90426636	-3.71005866
225.53703022	74.90426636	-3.77270436
227.53703022	74.90426636	-3.86150637
229.53703022	74.90426636	-3.79472382
231.53703022	74.90426636	-3.85957480
233.53703022	74.90426636	-3.79845625
235.53703022	74.90426636	-3.86366055
237.53703022	74.90426636	-3.81303353
239.53703022	74.90426636	-3.82826495
241.53703022	74.90426636	-3.80874897
243.53703022	74.90426636	-3.80477714
245.53703022	74.90426636	-3.79339230
247.53703022	74.90426636	-3.79643235
249.53703022	74.90426636	-3.80226742
251.53703022	74.90426636	-3.64274073
253.53703022	74.90426636	-3.77596617
255.53703022	74.90426636	-3.80110455
257.53703022	74.90426636	-3.79873300
259.53703022	74.90426636	-3.80195212
261.53703022	74.90426636	-3.81521153
263.53703022	74.90426636	-3.81521153
265.53703022	74.90426636	-3.81521153
267.53703022	74.90426636	-3.81521153
269.53703022	74.90426636	-3.81521153
271.53703022	74.90426636	-3.81521153
273.53703022	74.90426636	-3.81521153
275.53703022	74.90426636	-3.81521153
277.53703022	74.90426636	-3.81521153
279.53703022	74.90426636	-3.81521153
281.53703022	74.90426636	-3.81521153
-8.46296978	76.90426636	-3.85162354
-6.46296978	76.90426636	-3.85162354
-4.46296978	76.90426636	-3.85162354
-2.46296978	76.90426636	-3.85162354
-0.46296978	76.90426636	-3.85162354
1.53703022	76.90426636	-3.85162354
3.53703022	76.90426636	-3.85162354
5.53703022	76.90426636	-3.85162354
7.53703022	76.90426636	-3.85162354
9.53703022	76.90426636	-3.85162354
11.53703022	76.90426636	-3.85162354
13.53703022	76.90426636	-3.85162354
15.53703022	76.90426636	-3.85162354
17.53703022	76.90426636	-3.85228300
19.53703022	76.90426636	-3.83896803
21.53703022	76.90426636	-3.67910528
23.53703022	76.90426636	-3.82971896
25.53703022	76.90426636	-3.81039545
27.53703022	76.90426636	-3.82571492
29.53703022	76.90426636	-3.82303514
31.53703022	76.90426636	-3.83203363
33.53703022	76.90426636	-3.83536805
35.53703022	76.90426636	-3.84684150
37.53703022	76.90426636	-3.87527459
39.53703022	76.90426636	-3.88619995
41.53703022	76.90426636	-3.89421082
43.53703022	76.90426636	-3.85095549
45.53703022	76.90426636	-3.91910648
47.53703022	76.90426636	-3.92936301
49.53703022	76.90426636	-3.96144366
51.53703022	76.90426636	-3.93432808
53.53703022	76.90426636	-3.97874713
55.53703022	76.90426636	-3.92013836
57.53703022	76.90426636	-3.96487737
59.53703022	76.90426636	-3.94871001
61.53703022	76.90426636	-3.97044657
63.53703022	76.90426636	-3.96885927
65.53703022	76.90426636	-3.98178338
67.53703022	76.90426636	-3.99341888
69.53703022	76.90426636	-3.98630451
71.53703022	76.90426636	-3.99672806
73.53703022	76.90426636	-3.97188133
75.53703022	76.90426636	-3.96724547
77.53703022	76.90426636	-3.94487271
79.53703022	76.90426636	-3.93311688
81.53703022	76.90426636	-3.91911971
83.53703022	76.90426636	-3.91281980
85.53703022	76.90426636	-3.90369099
87.53703022	76.90426636	-3.89839420
89.53703022	76.90426636	-3.89203216
91.53703022	76.90426636	-3.88811367
93.53703022	76.90426636	-3.88336211
95.53703022	76.90426636	-3.88190712
97.53703022	76.90426636	-3.87947677
99.53703022	76.90426636	-3.88719442
101.53703022	76.90426636	-3.88556740
103.53703022	76.90426636	-3.92398047
105.53703022	76.90426636	-3.89077393
107.53703022	76.90426636	-3.90390205
109.53703022	76.90426636	-3.90875554
111.53703022	76.90426636	-3.89060473
113.53703022	76.90426636	-3.96439847
115.53703022	76.90426636	-3.76512718
117.53703022	76.90426636	-3.96867537
119.53703022	76.90426636	-3.93586366
121.53703022	76.90426636	-3.94835604
123.53703022	76.90426636	-3.71198344
125.53703022	76.90426636	-3.90256047
127.53703022	76.90426636	-3.86658978
129.53703022	76.90426636	-3.94382262
131.53703022	76.90426636	-3.89326171
133.53703022	76.90426636	-3.92631197
135.53703022	76.90426636	-3.92515302
137.53703022	76.90426636	-3.90674305
139.53703022	76.90426636	-3.89602256
141.53703022	76.90426636	-3.91103792
143.53703022	76.90426636	-3.73082204
145.53703022	76.90426636	-3.82405323
147.53703022	76.90426636	-3.72624934
149.53703022	76.90426636	-3.79681146
151.53703022	76.90426636	-3.78133393
153.53703022	76.90426636	-3.76467834
155.53703022	76.90426636	-3.79378529
157.53703022	76.90426636	-3.77931388
159.53703022	76.90426636	-3.78721012
161.53703022	76.90426636	-3.77546765
163.53703022	76.90426636	-3.77527458
165.53703022	76.90426636	-3.76639094
167.53703022	76.90426636	-3.76345317
169.53703022	76.90426636	-3.75702374
171.53703022	76.90426636	-3.75413078
173.53703022	76.90426636	-3.74975984
175.53703022	76.90426636	-3.74764630
177.53703022	76.90426636	-3.74488214
179.53703022	76.90426636	-3.74372198
181.53703022	76.90426636	-3.74391383
183.53703022	76.90426636	-3.74030582
185.53703022	76.90426636	-3.74142892
187.53703022	76.90426636	-3.74665243
189.53703022	76.90426636	-3.74909191
191.53703022	76.90426636	-3.76550642
193.53703022	76.90426636	-3.78846148
195.53703022	76.90426636	-3.82013666
197.53703022	76.90426636	-3.83019017
199.53703022	76.90426636	-3.69175458
201.53703022	76.90426636	-3.79740834
203.53703022	76.90426636	-3.82760739
205.53703022	76.90426636	-3.79166985
207.53703022	76.90426636	-3.77345441
209.53703022	76.90426636	-3.70545131
211.53703022	76.90426636	-3.67010554
213.53703022	76.90426636	-3.66747579
215.53703022	76.90426636	-3.64478660
217.53703022	76.90426636	-3.67791843
219.53703022	76.90426636	-3.68427658
221.53703022	76.90426636	-3.64576936
223.53703022	76.90426636	-3.66247177
225.53703022	76.90426636	-3.71272941
227.53703022	76.90426636	-3.77915406
229.53703022	76.90426636	-3.86607582
231.53703022	76.90426636	-3.88403833
233.53703022	76.90426636	-3.88604047
235.53703022	76.90426636	-3.83206338
237.53703022	76.90426636	-3.81957752
239.53703022	76.90426636	-3.79922799
241.53703022	76.90426636	-3.80022859
243.53703022	76.90426636	-3.80233326
245.53703022	76.90426636	-3.80112189
247.53703022	76.90426636	-3.78668580
249.53703022	76.90426636	-3.79143471
251.53703022	76.90426636	-3.79285264
253.53703022	76.90426636	-3.78595209
255.53703022	76.90426636	-3.79593682
257.53703022	76.90426636	-3.79862690
259.53703022	76.90426636	-3.80515599
261.53703022	76.90426636	-3.79381514
263.53703022	76.90426636	-3.79381514
265.53703022	76.90426636	-3.79381514
267.53703022	76.90426636	-3.79381514
269.53703022	76.90426636	-3.79381514
271.53703022	76.90426636	-3.79381514
273.53703022	76.90426636	-3.79381514
275.53703022	76.90426636	-3.79381514
277.53703022	76.90426636	-3.79381514
279.53703022	76.90426636	-3.79381514
281.53703022	76.90426636	-3.79381514
-8.46296978	78.90426636	-3.86762309
-6.46296978	78.90426636	-3.86762309
-4.46296978	78.90426636	-3.86762309
-2.46296978	78.90426636	-3.86762309
-0.46296978	78.90426636	-3.86762309
1.53703022	78.90426636	-3.86762309
3.53703022	78.90426636	-3.86762309
5.53703022	78.90426636	-3.86762309
7.53703022	78.90426636	-3.86762309
9.53703022	78.90426636	-3.86762309
11.53703022	78.90426636	-3.86762309
13.53703022	78.90426636	-3.86762309
15.53703022	78.90426636	-3.86762309
17.53703022	78.90426636	-3.86762309
19.53703022	78.90426636	-3.85662198
21.53703022	78.90426636	-3.77046967
23.53703022	78.90426636	-3.81230526
25.53703022	78.90426636	-3.79306912
27.53703022	78.90426636	-3.80193946
29.53703022	78.90426636	-3.79581810
31.53703022	78.90426636	-3.80021241
33.53703022	78.90426636	-3.80707709
35.53703022	78.90426636	-3.81959622
37.53703022	78.90426636	-3.83387626
39.53703022	78.90426636	-3.90029299
41.53703022	78.90426636	-3.87498520
43.53703022	78.90426636	-3.87202930
45.53703022	78.90426636	-3.87341642
47.53703022	78.90426636	-3.89407778
49.53703022	78.90426636	-3.93144655
51.53703022	78.90426636	-3.91756701
53.53703022	78.90426636	-3.94941482
55.53703022	78.90426636	-3.94982612
57.53703022	78.90426636	-3.95135166
59.53703022	78.90426636	-3.94867340
61.53703022	78.90426636	-3.94170783
63.53703022	78.90426636	-3.93800585
65.53703022	78.90426636	-3.94753026
67.53703022	78.90426636	-3.93929813
69.53703022	78.90426636	-3.94880785
71.53703022	78.90426636	-3.93521584
73.53703022	78.90426636	-3.93798374
75.53703022	78.90426636	-3.91161150
77.53703022	78.90426636	-3.91168489
79.53703022	78.90426636	-3.90261376
81.53703022	78.90426636	-3.89769359
83.53703022	78.90426636	-3.90407349
85.53703022	78.90426636	-3.90599629
87.53703022	78.90426636	-3.90801269
89.53703022	78.90426636	-3.91564540
91.53703022	78.90426636	-3.91361631
93.53703022	78.90426636	-3.90610587
95.53703022	78.90426636	-3.90661731
97.53703022	78.90426636	-3.91454628
99.53703022	78.90426636	-3.91148488
101.53703022	78.90426636	-3.94062209
103.53703022	78.90426636	-3.90492201
105.53703022	78.90426636	-3.89093195
107.53703022	78.90426636	-3.89081865
109.53703022	78.90426636	-3.88364371
111.53703022	78.90426636	-3.82727528
113.53703022	78.90426636	-3.93745899
115.53703022	78.90426636	-3.90841594
117.53703022	78.90426636	-3.93286895
119.53703022	78.90426636	-3.93292380
121.53703022	78.90426636	-3.92135739
123.53703022	78.90426636	-3.91740179
125.53703022	78.90426636	-3.91716909
127.53703022	78.90426636	-3.94024301
129.53703022	78.90426636	-3.93122005
131.53703022	78.90426636	-3.92119288
133.53703022	78.90426636	-3.91943073
135.53703022	78.90426636	-3.92077971
137.53703022	78.90426636	-3.92587090
139.53703022	78.90426636	-3.91770840
141.53703022	78.90426636	-3.93740463
143.53703022	78.90426636	-3.90229568
145.53703022	78.90426636	-3.86445654
147.53703022	78.90426636	-3.86336155
149.53703022	78.90426636	-3.83345461
151.53703022	78.90426636	-3.80214782
153.53703022	78.90426636	-3.81153800
155.53703022	78.90426636	-3.79600928
157.53703022	78.90426636	-3.76449278
159.53703022	78.90426636	-3.75914080
161.53703022	78.90426636	-3.75373536
163.53703022	78.90426636	-3.74755157
165.53703022	78.90426636	-3.73984660
167.53703022	78.90426636	-3.73734066
169.53703022	78.90426636	-3.73632380
171.53703022	78.90426636	-3.73830134
173.53703022	78.90426636	-3.73408514
175.53703022	78.90426636	-3.73493905
177.53703022	78.90426636	-3.73970921
179.53703022	78.90426636	-3.75116027
181.53703022	78.90426636	-3.75104447
183.53703022	78.90426636	-3.75166462
185.53703022	78.90426636	-3.77978679
187.53703022	78.90426636	-3.77522741
189.53703022	78.90426636	-3.79562533
191.53703022	78.90426636	-3.79819232
193.53703022	78.90426636	-3.83154689
195.53703022	78.90426636	-3.80685353
197.53703022	78.90426636	-3.85339570
199.53703022	78.90426636	-3.84027886
201.53703022	78.90426636	-3.82261539
203.53703022	78.90426636	-3.82501984
205.53703022	78.90426636	-3.72551275
207.53703022	78.90426636	-3.70405607
209.53703022	78.90426636	-3.71178228
211.53703022	78.90426636	-3.66027737
213.53703022	78.90426636	-3.64003468
215.53703022	78.90426636	-3.67383409
217.53703022	78.90426636	-3.65299134
219.53703022	78.90426636	-3.65146518
221.53703022	78.90426636	-3.70576954
223.53703022	78.90426636	-3.68630338
225.53703022	78.90426636	-3.69832420
227.53703022	78.90426636	-3.71827292
229.53703022	78.90426636	-3.80931360
231.53703022	78.90426636	-4.00188160
233.53703022	78.90426636	-3.80613322
235.53703022	78.90426636	-3.85216333
237.53703022	78.90426636	-3.82279330
239.53703022	78.90426636	-3.82634480
241.53703022	78.90426636	-3.82737145
243.53703022	78.90426636	-3.81450706
245.53703022	78.90426636	-3.79794225
247.53703022	78.90426636	-3.80275011
249.53703022	78.90426636	-3.77783465
251.53703022	78.90426636	-3.79566455
253.53703022	78.90426636	-3.81674719
255.53703022	78.90426636	-3.80459547
257.53703022	78.90426636	-3.78806734
259.53703022	78.90426636	-3.80404472
261.53703022	78.90426636	-3.78675866
263.53703022	78.90426636	-3.78675866
265.53703022	78.90426636	-3.78675866
267.53703022	78.90426636	-3.78675866
269.53703022	78.90426636	-3.78675866
271.53703022	78.90426636	-3.78675866
273.53703022	78.90426636	-3.78675866
275.53703022	78.90426636	-3.78675866
277.53703022	78.90426636	-3.78675866
279.53703022	78.90426636	-3.78675866
281.53703022	78.90426636	-3.78675866
-8.46296978	80.90426636	-3.84760571
-6.46296978	80.90426636	-3.84760571
-4.46296978	80.90426636	-3.84760571
-2.46296978	80.90426636	-3.84760571
-0.46296978	80.90426636	-3.84760571
1.53703022	80.90426636	-3.84760571
3.53703022	80.90426636	-3.84760571
5.53703022	80.90426636	-3.84760571
7.53703022	80.90426636	-3.84760571
9.53703022	80.90426636	-3.84760571
11.53703022	80.90426636	-3.84760571
13.53703022	80.90426636	-3.84760571
15.53703022	80.90426636	-3.84760571
17.53703022	80.90426636	-3.84760571
19.53703022	80.90426636	-3.84858251
21.53703022	80.90426636	-3.81659871
23.53703022	80.90426636	-3.81678661
25.53703022	80.90426636	-3.80375353
27.53703022	80.90426636	-3.79453597
29.53703022	80.90426636	-3.79085704
31.53703022	80.90426636	-3.78653118
33.53703022	80.90426636	-3.78956449
35.53703022	80.90426636	-3.78943180
37.53703022	80.90426636	-3.79768968
39.53703022	80.90426636	-3.80033175
41.53703022	80.90426636	-3.66631126
43.53703022	80.90426636	-3.88553095
45.53703022	80.90426636	-3.88866448
47.53703022	80.90426636	-3.85867771
49.53703022	80.90426636	-3.86291813
51.53703022	80.90426636	-3.87020272
53.53703022	80.90426636	-3.87523796
55.53703022	80.90426636	-3.87345410
57.53703022	80.90426636	-3.87814282
59.53703022	80.90426636	-3.88090822
61.53703022	80.90426636	-3.88415642
63.53703022	80.90426636	-3.88320842
65.53703022	80.90426636	-3.88662726
67.53703022	80.90426636	-3.88513272
69.53703022	80.90426636	-3.88668327
71.53703022	80.90426636	-3.88288362
73.53703022	80.90426636	-3.88099341
75.53703022	80.90426636	-3.87384366
77.53703022	80.90426636	-3.88074214
79.53703022	80.90426636	-3.88708780
81.53703022	80.90426636	-3.88517883
83.53703022	80.90426636	-3.88913655
85.53703022	80.90426636	-3.88954036
87.53703022	80.90426636	-3.89220042
89.53703022	80.90426636	-3.91266472
91.53703022	80.90426636	-3.92214921
93.53703022	80.90426636	-3.91831170
95.53703022	80.90426636	-3.91639355
97.53703022	80.90426636	-3.92245269
99.53703022	80.90426636	-3.90257955
101.53703022	80.90426636	-3.90452211
103.53703022	80.90426636	-3.89597903
105.53703022	80.90426636	-3.89405890
107.53703022	80.90426636	-3.87431359
109.53703022	80.90426636	-3.87284402
111.53703022	80.90426636	-3.88719654
113.53703022	80.90426636	-3.90648618
115.53703022	80.90426636	-3.92254698
117.53703022	80.90426636	-3.95079803
119.53703022	80.90426636	-3.92221117
121.53703022	80.90426636	-3.94525194
123.53703022	80.90426636	-3.90800595
125.53703022	80.90426636	-3.95128059
127.53703022	80.90426636	-3.92525721
129.53703022	80.90426636	-3.92978501
131.53703022	80.90426636	-3.90835452
133.53703022	80.90426636	-3.94669755
135.53703022	80.90426636	-3.94027400
137.53703022	80.90426636	-3.94004750
139.53703022	80.90426636	-3.92567825
141.53703022	80.90426636	-3.95015240
143.53703022	80.90426636	-3.86043999
145.53703022	80.90426636	-3.85150702
147.53703022	80.90426636	-3.84898035
149.53703022	80.90426636	-3.85037996
151.53703022	80.90426636	-3.83404086
153.53703022	80.90426636	-3.81796392
155.53703022	80.90426636	-3.79657934
157.53703022	80.90426636	-3.78036177
159.53703022	80.90426636	-3.76705977
161.53703022	80.90426636	-3.75824510
163.53703022	80.90426636	-3.74691074
165.53703022	80.90426636	-3.74114618
167.53703022	80.90426636	-3.73401191
169.53703022	80.90426636	-3.72839582
171.53703022	80.90426636	-3.72625764
173.53703022	80.90426636	-3.72608274
175.53703022	80.90426636	-3.72887211
177.53703022	80.90426636	-3.72963457
179.53703022	80.90426636	-3.73679573
181.53703022	80.90426636	-3.74484765
183.53703022	80.90426636	-3.76342658
185.53703022	80.90426636	-3.75801538
187.53703022	80.90426636	-3.76230920
189.53703022	80.90426636	-3.76914342
191.53703022	80.90426636	-3.78189437
193.53703022	80.90426636	-3.83764553
195.53703022	80.90426636	-3.85412550
197.53703022	80.90426636	-3.83377123
199.53703022	80.90426636	-3.84819460
201.53703022	80.90426636	-3.68594170
203.53703022	80.90426636	-3.81081629
205.53703022	80.90426636	-3.77546128
207.53703022	80.90426636	-3.71887219
209.53703022	80.90426636	-3.70412527
211.53703022	80.90426636	-3.63937283
213.53703022	80.90426636	-3.64508653
215.53703022	80.90426636	-3.60338020
217.53703022	80.90426636	-3.65937853
219.53703022	80.90426636	-3.58063149
221.53703022	80.90426636	-3.64699030
223.53703022	80.90426636	-3.64141393
225.53703022	80.90426636	-3.62136745
227.53703022	80.90426636	-3.66092801
229.53703022	80.90426636	-3.83583522
231.53703022	80.90426636	-3.81170608
233.53703022	80.90426636	-3.94499397
235.53703022	80.90426636	-3.85891725
237.53703022	80.90426636	-3.82656194
239.53703022	80.90426636	-3.82409866
241.53703022	80.90426636	-3.82479563
243.53703022	80.90426636	-3.82598357
245.53703022	80.90426636	-3.83803010
247.53703022	80.90426636	-3.83638215
249.53703022	80.90426636	-3.82487726
251.53703022	80.90426636	-3.80709887
253.53703022	80.90426636	-3.78989291
255.53703022	80.90426636	-3.78848100
257.53703022	80.90426636	-3.78446841
259.53703022	80.90426636	-3.78321671
261.53703022	80.90426636	-3.78157377
263.53703022	80.90426636	-3.76917529
265.53703022	80.90426636	-3.76917529
267.53703022	80.90426636	-3.76917529
269.53703022	80.90426636	-3.76917529
271.53703022	80.90426636	-3.76917529
273.53703022	80.90426636	-3.76917529
275.53703022	80.90426636	-3.76917529
277.53703022	80.90426636	-3.76917529
279.53703022	80.90426636	-3.76917529
281.53703022	80.90426636	-3.76917529
-8.46296978	82.90426636	-3.86474967
-6.46296978	82.90426636	-3.86474967
-4.46296978	82.90426636	-3.86474967
-2.46296978	82.90426636	-3.86474967
-0.46296978	82.90426636	-3.86474967
1.53703022	82.90426636	-3.86474967
3.53703022	82.90426636	-3.86474967
5.53703022	82.90426636	-3.86474967
7.53703022	82.90426636	-3.86474967
9.53703022	82.90426636	-3.86474967
11.53703022	82.90426636	-3.86474967
13.53703022	82.90426636	-3.86474967
15.53703022	82.90426636	-3.86474967
17.53703022	82.90426636	-3.86474967
19.53703022	82.90426636	-3.86474967
21.53703022	82.90426636	-3.83243012
23.53703022	82.90426636	-3.74057579
25.53703022	82.90426636	-3.80359534
27.53703022	82.90426636	-3.79567716
29.53703022	82.90426636	-3.78946914
31.53703022	82.90426636	-3.78513952
33.53703022	82.90426636	-3.78421960
35.53703022	82.90426636	-3.78369360
37.53703022	82.90426636	-3.79287807
39.53703022	82.90426636	-3.80033276
41.53703022	82.90426636	-3.81999417
43.53703022	82.90426636	-3.82249839
45.53703022	82.90426636	-3.79123926
47.53703022	82.90426636	-3.84554315
49.53703022	82.90426636	-3.86437917
51.53703022	82.90426636	-3.87368510
53.53703022	82.90426636	-3.88095357
55.53703022	82.90426636	-3.88597070
57.53703022	82.90426636	-3.88865499
59.53703022	82.90426636	-3.88982886
61.53703022	82.90426636	-3.88951085
63.53703022	82.90426636	-3.88868091
65.53703022	82.90426636	-3.88777569
67.53703022	82.90426636	-3.88812955
69.53703022	82.90426636	-3.88464588
71.53703022	82.90426636	-3.88590323
73.53703022	82.90426636	-3.88447118
75.53703022	82.90426636	-3.88579578
77.53703022	82.90426636	-3.88931468
79.53703022	82.90426636	-3.88793292
81.53703022	82.90426636	-3.88887242
83.53703022	82.90426636	-3.88512169
85.53703022	82.90426636	-3.89254727
87.53703022	82.90426636	-3.91531644
89.53703022	82.90426636	-3.92416775
91.53703022	82.90426636	-3.92392397
93.53703022	82.90426636	-3.93204403
95.53703022	82.90426636	-3.91711855
97.53703022	82.90426636	-3.91451469
99.53703022	82.90426636	-3.90888956
101.53703022	82.90426636	-3.89763407
103.53703022	82.90426636	-3.89541657
105.53703022	82.90426636	-3.88683462
107.53703022	82.90426636	-3.88918333
109.53703022	82.90426636	-3.88455819
111.53703022	82.90426636	-3.90807974
113.53703022	82.90426636	-3.88233304
115.53703022	82.90426636	-3.92072344
117.53703022	82.90426636	-3.93988442
119.53703022	82.90426636	-3.91658187
121.53703022	82.90426636	-3.94456053
123.53703022	82.90426636	-3.94642973
125.53703022	82.90426636	-3.92955661
127.53703022	82.90426636	-3.92670703
129.53703022	82.90426636	-3.92666013
131.53703022	82.90426636	-3.94979203
133.53703022	82.90426636	-3.95366183
135.53703022	82.90426636	-3.97377849
137.53703022	82.90426636	-3.94323444
139.53703022	82.90426636	-3.93768692
141.53703022	82.90426636	-3.92293882
143.53703022	82.90426636	-3.95418906
145.53703022	82.90426636	-3.78916883
147.53703022	82.90426636	-3.86132021
149.53703022	82.90426636	-3.83378772
151.53703022	82.90426636	-3.81468318
153.53703022	82.90426636	-3.80395149
155.53703022	82.90426636	-3.78724347
157.53703022	82.90426636	-3.76859351
159.53703022	82.90426636	-3.76040628
161.53703022	82.90426636	-3.75473994
163.53703022	82.90426636	-3.74398614
165.53703022	82.90426636	-3.73714391
167.53703022	82.90426636	-3.73628810
169.53703022	82.90426636	-3.73704530
171.53703022	82.90426636	-3.73439338
173.53703022	82.90426636	-3.73396783
175.53703022	82.90426636	-3.73787372
177.53703022	82.90426636	-3.74312022
179.53703022	82.90426636	-3.75130547
181.53703022	82.90426636	-3.75780572
183.53703022	82.90426636	-3.76176460
185.53703022	82.90426636	-3.77265048
187.53703022	82.90426636	-3.79128214
189.53703022	82.90426636	-3.81911874
191.53703022	82.90426636	-3.80963898
193.53703022	82.90426636	-3.84107637
195.53703022	82.90426636	-3.81320071
197.53703022	82.90426636	-3.82595286
199.53703022	82.90426636	-3.82059741
201.53703022	82.90426636	-3.76588923
203.53703022	82.90426636	-3.78558345
205.53703022	82.90426636	-3.72346860
207.53703022	82.90426636	-3.68499891
209.53703022	82.90426636	-3.68568010
211.53703022	82.90426636	-3.67164063
213.53703022	82.90426636	-3.68515539
215.53703022	82.90426636	-3.66337895
217.53703022	82.90426636	-3.62389684
219.53703022	82.90426636	-3.75783181
221.53703022	82.90426636	-3.65327668
223.53703022	82.90426636	-3.61664462
225.53703022	82.90426636	-3.70797491
227.53703022	82.90426636	-3.90720914
229.53703022	82.90426636	-3.78074884
231.53703022	82.90426636	-3.88526358
233.53703022	82.90426636	-3.84970825
235.53703022	82.90426636	-3.85836608
237.53703022	82.90426636	-3.82652605
239.53703022	82.90426636	-3.82945027
241.53703022	82.90426636	-3.83341789
243.53703022	82.90426636	-3.86376357
245.53703022	82.90426636	-3.90120673
247.53703022	82.90426636	-3.85334182
249.53703022	82.90426636	-3.82425833
251.53703022	82.90426636	-3.78574133
253.53703022	82.90426636	-3.82003593
255.53703022	82.90426636	-3.68441391
257.53703022	82.90426636	-3.80356836
259.53703022	82.90426636	-3.77339530
261.53703022	82.90426636	-3.78858876
263.53703022	82.90426636	-3.78490281
265.53703022	82.90426636	-3.78490281
267.53703022	82.90426636	-3.78490281
269.53703022	82.90426636	-3.78490281
271.53703022	82.90426636	-3.78490281
273.53703022	82.90426636	-3.78490281
275.53703022	82.90426636	-3.78490281
277.53703022	82.90426636	-3.78490281
279.53703022	82.90426636	-3.78490281
281.53703022	82.90426636	-3.78490281
-8.46296978	84.90426636	-3.87608552
-6.46296978	84.90426636	-3.87608552
-4.46296978	84.90426636	-3.87608552
-2.46296978	84.90426636	-3.87608552
-0.46296978	84.90426636	-3.87608552
1.53703022	84.90426636	-3.87608552
3.53703022	84.90426636	-3.87608552
5.53703022	84.90426636	-3.87608552
7.53703022	84.90426636	-3.87608552
9.53703022	84.90426636	-3.87608552
11.53703022	84.90426636	-3.87608552
13.53703022	84.90426636	-3.87608552
15.53703022	84.90426636	-3.87608552
17.53703022	84.90426636	-3.87608552
19.53703022	84.90426636	-3.87608552
21.53703022	84.90426636	-3.82810402
23.53703022	84.90426636	-3.79961755
25.53703022	84.90426636	-3.79940978
27.53703022	84.90426636	-3.78918877
29.53703022	84.90426636	-3.78637699
31.53703022	84.90426636	-3.78223576
33.53703022	84.90426636	-3.78551453
35.53703022	84.90426636	-3.78637907
37.53703022	84.90426636	-3.79082023
39.53703022	84.90426636	-3.80117326
41.53703022	84.90426636	-3.78144583
43.53703022	84.90426636	-3.83837818
45.53703022	84.90426636	-3.84187434
47.53703022	84.90426636	-3.85056424
49.53703022	84.90426636	-3.85874344
51.53703022	84.90426636	-3.86619520
53.53703022	84.90426636	-3.87199748
55.53703022	84.90426636	-3.87366811
57.53703022	84.90426636	-3.87778783
59.53703022	84.90426636	-3.88032460
61.53703022	84.90426636	-3.88324904
63.53703022	84.90426636	-3.88257677
65.53703022	84.90426636	-3.88272224
67.53703022	84.90426636	-3.88262681
69.53703022	84.90426636	-3.88400672
71.53703022	84.90426636	-3.88161438
73.53703022	84.90426636	-3.88110727
75.53703022	84.90426636	-3.87939004
77.53703022	84.90426636	-3.88268392
79.53703022	84.90426636	-3.88915499
81.53703022	84.90426636	-3.86238076
83.53703022	84.90426636	-3.85355117
85.53703022	84.90426636	-3.86112289
87.53703022	84.90426636	-3.90935206
89.53703022	84.90426636	-3.92318273
91.53703022	84.90426636	-3.93305945
93.53703022	84.90426636	-3.85480276
95.53703022	84.90426636	-3.87621970
97.53703022	84.90426636	-3.91084844
99.53703022	84.90426636	-3.87519979
101.53703022	84.90426636	-3.91645600
103.53703022	84.90426636	-3.91103265
105.53703022	84.90426636	-3.89279365
107.53703022	84.90426636	-3.88134027
109.53703022	84.90426636	-3.89732981
111.53703022	84.90426636	-3.90319729
113.53703022	84.90426636	-3.91135693
115.53703022	84.90426636	-3.92888141
117.53703022	84.90426636	-3.92238307
119.53703022	84.90426636	-3.93840432
121.53703022	84.90426636	-3.95297766
123.53703022	84.90426636	-3.94629908
125.53703022	84.90426636	-3.93211746
127.53703022	84.90426636	-3.76872659
129.53703022	84.90426636	-3.91830093
131.53703022	84.90426636	-3.91725640
133.53703022	84.90426636	-3.87550664
135.53703022	84.90426636	-3.94964039
137.53703022	84.90426636	-3.96103048
139.53703022	84.90426636	-3.93393898
141.53703022	84.90426636	-3.95011663
143.53703022	84.90426636	-3.96501541
145.53703022	84.90426636	-4.00980425
147.53703022	84.90426636	-3.87090325
149.53703022	84.90426636	-3.85344323
151.53703022	84.90426636	-3.83497270
153.53703022	84.90426636	-3.81378806
155.53703022	84.90426636	-3.79494393
157.53703022	84.90426636	-3.77772202
159.53703022	84.90426636	-3.76182672
161.53703022	84.90426636	-3.75337793
163.53703022	84.90426636	-3.74278017
165.53703022	84.90426636	-3.73673600
167.53703022	84.90426636	-3.73268492
169.53703022	84.90426636	-3.73027157
171.53703022	84.90426636	-3.72919703
173.53703022	84.90426636	-3.73522534
175.53703022	84.90426636	-3.73703293
177.53703022	84.90426636	-3.74120880
179.53703022	84.90426636	-3.74567718
181.53703022	84.90426636	-3.75513806
183.53703022	84.90426636	-3.76910897
185.53703022	84.90426636	-3.76941591
187.53703022	84.90426636	-3.80115291
189.53703022	84.90426636	-3.80164491
191.53703022	84.90426636	-3.82124475
193.53703022	84.90426636	-3.81190997
195.53703022	84.90426636	-3.81170453
197.53703022	84.90426636	-3.79191274
199.53703022	84.90426636	-3.76729469
201.53703022	84.90426636	-3.73012609
203.53703022	84.90426636	-3.72310368
205.53703022	84.90426636	-3.71824801
207.53703022	84.90426636	-3.70227932
209.53703022	84.90426636	-3.68747515
211.53703022	84.90426636	-3.68046355
213.53703022	84.90426636	-3.68740726
215.53703022	84.90426636	-3.65773821
217.53703022	84.90426636	-3.63073134
219.53703022	84.90426636	-3.68268251
221.53703022	84.90426636	-3.71079612
223.53703022	84.90426636	-3.65127444
225.53703022	84.90426636	-3.65762734
227.53703022	84.90426636	-3.69016886
229.53703022	84.90426636	-3.78123782
231.53703022	84.90426636	-3.89059234
233.53703022	84.90426636	-3.80969334
235.53703022	84.90426636	-3.84885955
237.53703022	84.90426636	-3.86110194
239.53703022	84.90426636	-3.84282590
241.53703022	84.90426636	-3.87140274
243.53703022	84.90426636	-3.86839366
245.53703022	84.90426636	-3.87505460
247.53703022	84.90426636	-3.83674255
249.53703022	84.90426636	-3.80230436
251.53703022	84.90426636	-3.60492253
253.53703022	84.90426636	-3.73028707
255.53703022	84.90426636	-3.77059049
257.53703022	84.90426636	-3.76691660
259.53703022	84.90426636	-3.81721878
261.53703022	84.90426636	-3.79554820
263.53703022	84.90426636	-3.78945160
265.53703022	84.90426636	-3.78652859
267.53703022	84.90426636	-3.78652859
269.53703022	84.90426636	-3.78652859
271.53703022	84.90426636	-3.78652859
273.53703022	84.90426636	-3.78652859
275.53703022	84.90426636	-3.78652859
277.53703022	84.90426636	-3.78652859
279.53703022	84.90426636	-3.78652859
281.53703022	84.90426636	-3.78652859
-8.46296978	86.90426636	-3.84760118
-6.46296978	86.90426636	-3.84760118
-4.46296978	86.90426636	-3.84760118
-2.46296978	86.90426636	-3.84760118
-0.46296978	86.90426636	-3.84760118
1.53703022	86.90426636	-3.84760118
3.53703022	86.90426636	-3.84760118
5.53703022	86.90426636	-3.84760118
7.53703022	86.90426636	-3.84760118
9.53703022	86.90426636	-3.84760118
11.53703022	86.90426636	-3.84760118
13.53703022	86.90426636	-3.84760118
15.53703022	86.90426636	-3.84760118
17.53703022	86.90426636	-3.84760118
19.53703022	86.90426636	-3.84760118
21.53703022	86.90426636	-3.85815167
23.53703022	86.90426636	-3.87180972
25.53703022	86.90426636	-3.80615401
27.53703022	86.90426636	-3.79408041
29.53703022	86.90426636	-3.78645319
31.53703022	86.90426636	-3.78474354
33.53703022	86.90426636	-3.77825387
35.53703022	86.90426636	-3.78388957
37.53703022	86.90426636	-3.78728442
39.53703022	86.90426636	-3.79634290
41.53703022	86.90426636	-3.80975825
43.53703022	86.90426636	-3.81369892
45.53703022	86.90426636	-3.81901994
47.53703022	86.90426636	-3.84076903
49.53703022	86.90426636	-3.85290915
51.53703022	86.90426636	-3.86220619
53.53703022	86.90426636	-3.86878204
55.53703022	86.90426636	-3.87437055
57.53703022	86.90426636	-3.87756844
59.53703022	86.90426636	-3.88043078
61.53703022	86.90426636	-3.87746111
63.53703022	86.90426636	-3.88072731
65.53703022	86.90426636	-3.88115102
67.53703022	86.90426636	-3.88354603
69.53703022	86.90426636	-3.88006118
71.53703022	86.90426636	-3.88489731
73.53703022	86.90426636	-3.88270667
75.53703022	86.90426636	-3.88604356
77.53703022	86.90426636	-3.88271052
79.53703022	86.90426636	-3.88144078
81.53703022	86.90426636	-3.86759014
83.53703022	86.90426636	-3.87585735
85.53703022	86.90426636	-3.90909314
87.53703022	86.90426636	-3.93704534
89.53703022	86.90426636	-3.84637201
91.53703022	86.90426636	-3.87165549
93.53703022	86.90426636	-3.86977141
95.53703022	86.90426636	-3.88658206
97.53703022	86.90426636	-3.91796017
99.53703022	86.90426636	-3.91746321
101.53703022	86.90426636	-3.91295639
103.53703022	86.90426636	-3.91727313
105.53703022	86.90426636	-3.91455269
107.53703022	86.90426636	-3.90118265
109.53703022	86.90426636	-3.89470863
111.53703022	86.90426636	-3.89752603
113.53703022	86.90426636	-3.89768362
115.53703022	86.90426636	-3.91807914
117.53703022	86.90426636	-3.87095305
119.53703022	86.90426636	-3.98023772
121.53703022	86.90426636	-3.90487576
123.53703022	86.90426636	-3.89875340
125.53703022	86.90426636	-3.92338061
127.53703022	86.90426636	-3.90671396
129.53703022	86.90426636	-3.91185275
131.53703022	86.90426636	-3.92113543
133.53703022	86.90426636	-3.93042109
135.53703022	86.90426636	-3.90874090
137.53703022	86.90426636	-3.98035717
139.53703022	86.90426636	-3.96892214
141.53703022	86.90426636	-3.94217205
143.53703022	86.90426636	-3.96170688
145.53703022	86.90426636	-3.98227978
147.53703022	86.90426636	-3.91343400
149.53703022	86.90426636	-3.86001708
151.53703022	86.90426636	-3.86561935
153.53703022	86.90426636	-3.82555172
155.53703022	86.90426636	-3.81341280
157.53703022	86.90426636	-3.78496963
159.53703022	86.90426636	-3.77452163
161.53703022	86.90426636	-3.75780324
163.53703022	86.90426636	-3.75230926
165.53703022	86.90426636	-3.74507812
167.53703022	86.90426636	-3.74668855
169.53703022	86.90426636	-3.74723499
171.53703022	86.90426636	-3.74926820
173.53703022	86.90426636	-3.77500461
175.53703022	86.90426636	-3.74335239
177.53703022	86.90426636	-3.76255770
179.53703022	86.90426636	-3.74509257
181.53703022	86.90426636	-3.77278524
183.53703022	86.90426636	-3.76515026
185.53703022	86.90426636	-3.79664388
187.53703022	86.90426636	-3.79136347
189.53703022	86.90426636	-3.81766820
191.53703022	86.90426636	-3.79982247
193.53703022	86.90426636	-3.81320539
195.53703022	86.90426636	-3.79595528
197.53703022	86.90426636	-3.78950394
199.53703022	86.90426636	-3.77571134
201.53703022	86.90426636	-3.75119144
203.53703022	86.90426636	-3.75625475
205.53703022	86.90426636	-3.72200600
207.53703022	86.90426636	-3.69899412
209.53703022	86.90426636	-3.68864071
211.53703022	86.90426636	-3.67124448
213.53703022	86.90426636	-3.66338706
215.53703022	86.90426636	-3.67362595
217.53703022	86.90426636	-3.55525398
219.53703022	86.90426636	-3.67791462
221.53703022	86.90426636	-3.71094346
223.53703022	86.90426636	-3.68418288
225.53703022	86.90426636	-3.68042827
227.53703022	86.90426636	-3.74846596
229.53703022	86.90426636	-3.67686701
231.53703022	86.90426636	-3.85603476
233.53703022	86.90426636	-3.84221959
235.53703022	86.90426636	-3.87654853
237.53703022	86.90426636	-3.86663127
239.53703022	86.90426636	-3.89527082
241.53703022	86.90426636	-3.91422439
243.53703022	86.90426636	-3.85747983
245.53703022	86.90426636	-3.84347589
247.53703022	86.90426636	-3.81244700
249.53703022	86.90426636	-3.82303813
251.53703022	86.90426636	-3.73748583
253.53703022	86.90426636	-3.80344525
255.53703022	86.90426636	-3.74164905
257.53703022	86.90426636	-3.79133622
259.53703022	86.90426636	-3.76943445
261.53703022	86.90426636	-3.84496522
263.53703022	86.90426636	-3.82694936
265.53703022	86.90426636	-3.78076696
267.53703022	86.90426636	-3.77553916
269.53703022	86.90426636	-3.77553916
271.53703022	86.90426636	-3.77553916
273.53703022	86.90426636	-3.77553916
275.53703022	86.90426636	-3.77553916
277.53703022	86.90426636	-3.77553916
279.53703022	86.90426636	-3.77553916
281.53703022	86.90426636	-3.77553916
-8.46296978	88.90426636	-3.85002422
-6.46296978	88.90426636	-3.85002422
-4.46296978	88.90426636	-3.85002422
-2.46296978	88.90426636	-3.85002422
-0.46296978	88.90426636	-3.85002422
1.53703022	88.90426636	-3.85002422
3.53703022	88.90426636	-3.85002422
5.53703022	88.90426636	-3.85002422
7.53703022	88.90426636	-3.85002422
9.53703022	88.90426636	-3.85002422
11.53703022	88.90426636	-3.85002422
13.53703022	88.90426636	-3.85002422
15.53703022	88.90426636	-3.85002422
17.53703022	88.90426636	-3.85002422
19.53703022	88.90426636	-3.85002422
21.53703022	88.90426636	-3.85002422
23.53703022	88.90426636	-3.83419895
25.53703022	88.90426636	-3.80660644
27.53703022	88.90426636	-3.79390106
29.53703022	88.90426636	-3.78876596
31.53703022	88.90426636	-3.78297466
33.53703022	88.90426636	-3.78475841
35.53703022	88.90426636	-3.78446257
37.53703022	88.90426636	-3.77984637
39.53703022	88.90426636	-3.80058843
41.53703022	88.90426636	-3.78340892
43.53703022	88.90426636	-3.83109981
45.53703022	88.90426636	-3.83469696
47.53703022	88.90426636	-3.84493266
49.53703022	88.90426636	-3.85198190
51.53703022	88.90426636	-3.85950574
53.53703022	88.90426636	-3.86569297
55.53703022	88.90426636	-3.86904239
57.53703022	88.90426636	-3.87369601
59.53703022	88.90426636	-3.87706221
61.53703022	88.90426636	-3.88001165
63.53703022	88.90426636	-3.88012641
65.53703022	88.90426636	-3.88321330
67.53703022	88.90426636	-3.88098178
69.53703022	88.90426636	-3.88125655
71.53703022	88.90426636	-3.88026814
73.53703022	88.90426636	-3.88224618
75.53703022	88.90426636	-3.87996936
77.53703022	88.90426636	-3.88203188
79.53703022	88.90426636	-3.89045596
81.53703022	88.90426636	-3.88213921
83.53703022	88.90426636	-3.89509964
85.53703022	88.90426636	-3.83368664
87.53703022	88.90426636	-3.83670499
89.53703022	88.90426636	-3.75163889
91.53703022	88.90426636	-3.81737971
93.53703022	88.90426636	-3.86779581
95.53703022	88.90426636	-3.77618074
97.53703022	88.90426636	-3.90626430
99.53703022	88.90426636	-3.92987919
101.53703022	88.90426636	-3.94358182
103.53703022	88.90426636	-3.92334008
105.53703022	88.90426636	-3.91448784
107.53703022	88.90426636	-3.90431762
109.53703022	88.90426636	-3.90809798
111.53703022	88.90426636	-3.89928889
113.53703022	88.90426636	-3.90605688
115.53703022	88.90426636	-3.87319108
117.53703022	88.90426636	-3.86635801
119.53703022	88.90426636	-3.85148896
121.53703022	88.90426636	-3.84456795
123.53703022	88.90426636	-3.78186893
125.53703022	88.90426636	-3.91198373
127.53703022	88.90426636	-3.89679432
129.53703022	88.90426636	-3.91591644
131.53703022	88.90426636	-3.89382143
133.53703022	88.90426636	-3.90457010
135.53703022	88.90426636	-3.92309356
137.53703022	88.90426636	-3.94576330
139.53703022	88.90426636	-3.98973179
141.53703022	88.90426636	-3.97548556
143.53703022	88.90426636	-3.96892810
145.53703022	88.90426636	-3.97181630
147.53703022	88.90426636	-3.97409599
149.53703022	88.90426636	-3.94267406
151.53703022	88.90426636	-3.86408223
153.53703022	88.90426636	-3.83278666
155.53703022	88.90426636	-3.80364973
157.53703022	88.90426636	-3.77449629
159.53703022	88.90426636	-3.76082677
161.53703022	88.90426636	-3.75252047
163.53703022	88.90426636	-3.74424615
165.53703022	88.90426636	-3.73998173
167.53703022	88.90426636	-3.73740200
169.53703022	88.90426636	-3.73895800
171.53703022	88.90426636	-3.74453052
173.53703022	88.90426636	-3.75374127
175.53703022	88.90426636	-3.75958117
177.53703022	88.90426636	-3.81891254
179.53703022	88.90426636	-3.81833062
181.53703022	88.90426636	-3.81956570
183.53703022	88.90426636	-3.78818157
185.53703022	88.90426636	-3.77371035
187.53703022	88.90426636	-3.75303539
189.53703022	88.90426636	-3.75247292
191.53703022	88.90426636	-3.75191933
193.53703022	88.90426636	-3.74604025
195.53703022	88.90426636	-3.73862658
197.53703022	88.90426636	-3.73000042
199.53703022	88.90426636	-3.72015373
201.53703022	88.90426636	-3.70142799
203.53703022	88.90426636	-3.69302432
205.53703022	88.90426636	-3.68490060
207.53703022	88.90426636	-3.67181866
209.53703022	88.90426636	-3.67024354
211.53703022	88.90426636	-3.66136965
213.53703022	88.90426636	-3.66262429
215.53703022	88.90426636	-3.66343141
217.53703022	88.90426636	-3.66549332
219.53703022	88.90426636	-3.67454457
221.53703022	88.90426636	-3.66402841
223.53703022	88.90426636	-3.70797539
225.53703022	88.90426636	-3.64482379
227.53703022	88.90426636	-3.70912623
229.53703022	88.90426636	-3.66688061
231.53703022	88.90426636	-3.72227788
233.53703022	88.90426636	-3.86202478
235.53703022	88.90426636	-3.86351943
237.53703022	88.90426636	-3.88838267
239.53703022	88.90426636	-3.85503711
241.53703022	88.90426636	-3.84190907
243.53703022	88.90426636	-3.81522791
245.53703022	88.90426636	-3.79354470
247.53703022	88.90426636	-3.76185759
249.53703022	88.90426636	-3.75023345
251.53703022	88.90426636	-3.70928554
253.53703022	88.90426636	-3.66993816
255.53703022	88.90426636	-3.73837891
257.53703022	88.90426636	-3.61264968
259.53703022	88.90426636	-3.79663754
261.53703022	88.90426636	-3.80574489
263.53703022	88.90426636	-3.77928472
265.53703022	88.90426636	-3.82091260
267.53703022	88.90426636	-3.76133442
269.53703022	88.90426636	-3.76133442
271.53703022	88.90426636	-3.76133442
273.53703022	88.90426636	-3.76133442
275.53703022	88.90426636	-3.76133442
277.53703022	88.90426636	-3.76133442
279.53703022	88.90426636	-3.76133442
281.53703022	88.90426636	-3.76133442
-8.46296978	90.90426636	-3.85998464
-6.46296978	90.90426636	-3.85998464
-4.46296978	90.90426636	-3.85998464
-2.46296978	90.90426636	-3.85998464
-0.46296978	90.90426636	-3.85998464
1.53703022	90.90426636	-3.85998464
3.53703022	90.90426636	-3.85998464
5.53703022	90.90426636	-3.85998464
7.53703022	90.90426636	-3.85998464
9.53703022	90.90426636	-3.85998464
11.53703022	90.90426636	-3.85998464
13.53703022	90.90426636	-3.85998464
15.53703022	90.90426636	-3.85998464
17.53703022	90.90426636	-3.85998464
19.53703022	90.90426636	-3.85998464
21.53703022	90.90426636	-3.85998464
23.53703022	90.90426636	-3.83656859
25.53703022	90.90426636	-3.76776959
27.53703022	90.90426636	-3.78878625
29.53703022	90.90426636	-3.75780379
31.53703022	90.90426636	-3.77810348
33.53703022	90.90426636	-3.76186697
35.53703022	90.90426636	-3.77867407
37.53703022	90.90426636	-3.77629542
39.53703022	90.90426636	-3.78891711
41.53703022	90.90426636	-3.79264400
43.53703022	90.90426636	-3.80392869
45.53703022	90.90426636	-3.81058447
47.53703022	90.90426636	-3.82116580
49.53703022	90.90426636	-3.83000730
51.53703022	90.90426636	-3.83776683
53.53703022	90.90426636	-3.84880871
55.53703022	90.90426636	-3.85435405
57.53703022	90.90426636	-3.86272234
59.53703022	90.90426636	-3.87128573
61.53703022	90.90426636	-3.86103867
63.53703022	90.90426636	-3.88089326
65.53703022	90.90426636	-3.88026028
67.53703022	90.90426636	-3.88787884
69.53703022	90.90426636	-3.87017158
71.53703022	90.90426636	-3.88357123
73.53703022	90.90426636	-3.87546965
75.53703022	90.90426636	-3.88877034
77.53703022	90.90426636	-3.87090206
79.53703022	90.90426636	-3.88287187
81.53703022	90.90426636	-3.82158345
83.53703022	90.90426636	-3.82005259
85.53703022	90.90426636	-3.77994752
87.53703022	90.90426636	-3.86060541
89.53703022	90.90426636	-3.84764124
91.53703022	90.90426636	-3.88293117
93.53703022	90.90426636	-3.89494988
95.53703022	90.90426636	-3.89692235
97.53703022	90.90426636	-3.91487020
99.53703022	90.90426636	-3.90582395
101.53703022	90.90426636	-3.92775583
103.53703022	90.90426636	-3.92533946
105.53703022	90.90426636	-3.91025305
107.53703022	90.90426636	-3.91790605
109.53703022	90.90426636	-3.87433694
111.53703022	90.90426636	-3.85601484
113.53703022	90.90426636	-3.85227514
115.53703022	90.90426636	-3.85061216
117.53703022	90.90426636	-3.84895449
119.53703022	90.90426636	-3.83729037
121.53703022	90.90426636	-3.86160886
123.53703022	90.90426636	-3.83554578
125.53703022	90.90426636	-3.89447308
127.53703022	90.90426636	-3.92422819
129.53703022	90.90426636	-3.91082501
131.53703022	90.90426636	-3.87811375
133.53703022	90.90426636	-3.91766705
135.53703022	90.90426636	-3.92404474
137.53703022	90.90426636	-3.95747027
139.53703022	90.90426636	-3.95570914
141.53703022	90.90426636	-3.97141576
143.53703022	90.90426636	-3.94781423
145.53703022	90.90426636	-3.96580029
147.53703022	90.90426636	-4.02047300
149.53703022	90.90426636	-3.86351667
151.53703022	90.90426636	-3.83984390
153.53703022	90.90426636	-3.80498660
155.53703022	90.90426636	-3.79045239
157.53703022	90.90426636	-3.76673353
159.53703022	90.90426636	-3.75820944
161.53703022	90.90426636	-3.74715131
163.53703022	90.90426636	-3.74393151
165.53703022	90.90426636	-3.74080361
167.53703022	90.90426636	-3.74480635
169.53703022	90.90426636	-3.75158363
171.53703022	90.90426636	-3.75790719
173.53703022	90.90426636	-3.78042561
175.53703022	90.90426636	-3.83183574
177.53703022	90.90426636	-3.81560460
179.53703022	90.90426636	-3.86838889
181.53703022	90.90426636	-3.77826059
183.53703022	90.90426636	-3.76940176
185.53703022	90.90426636	-3.76336607
187.53703022	90.90426636	-3.75284334
189.53703022	90.90426636	-3.74798397
191.53703022	90.90426636	-3.74029233
193.53703022	90.90426636	-3.73267877
195.53703022	90.90426636	-3.72121475
197.53703022	90.90426636	-3.70187973
199.53703022	90.90426636	-3.72739486
201.53703022	90.90426636	-3.72007556
203.53703022	90.90426636	-3.70047865
205.53703022	90.90426636	-3.69088676
207.53703022	90.90426636	-3.68221941
209.53703022	90.90426636	-3.67434643
211.53703022	90.90426636	-3.66854471
213.53703022	90.90426636	-3.64899315
215.53703022	90.90426636	-3.64900625
217.53703022	90.90426636	-3.66490185
219.53703022	90.90426636	-3.65650964
221.53703022	90.90426636	-3.66841149
223.53703022	90.90426636	-3.62927485
225.53703022	90.90426636	-3.67767906
227.53703022	90.90426636	-3.67398477
229.53703022	90.90426636	-3.69147110
231.53703022	90.90426636	-3.73256326
233.53703022	90.90426636	-3.87638664
235.53703022	90.90426636	-3.86146379
237.53703022	90.90426636	-3.88123088
239.53703022	90.90426636	-3.88025388
241.53703022	90.90426636	-3.86745093
243.53703022	90.90426636	-3.83482357
245.53703022	90.90426636	-3.80308374
247.53703022	90.90426636	-3.77283163
249.53703022	90.90426636	-3.74805655
251.53703022	90.90426636	-3.73964251
253.53703022	90.90426636	-3.74538229
255.53703022	90.90426636	-3.66813670
257.53703022	90.90426636	-3.74429761
259.53703022	90.90426636	-3.77848398
261.53703022	90.90426636	-3.78973516
263.53703022	90.90426636	-3.79088950
265.53703022	90.90426636	-3.80267096
267.53703022	90.90426636	-3.77173805
269.53703022	90.90426636	-3.77173805
271.53703022	90.90426636	-3.77173805
273.53703022	90.90426636	-3.77173805
275.53703022	90.90426636	-3.77173805
277.53703022	90.90426636	-3.77173805
279.53703022	90.90426636	-3.77173805
281.53703022	90.90426636	-3.77173805
-8.46296978	92.90426636	-3.83522415
-6.46296978	92.90426636	-3.83522415
-4.46296978	92.90426636	-3.83522415
-2.46296978	92.90426636	-3.83522415
-0.46296978	92.90426636	-3.83522415
1.53703022	92.90426636	-3.83522415
3.53703022	92.90426636	-3.83522415
5.53703022	92.90426636	-3.83522415
7.53703022	92.90426636	-3.83522415
9.53703022	92.90426636	-3.83522415
11.53703022	92.90426636	-3.83522415
13.53703022	92.90426636	-3.83522415
15.53703022	92.90426636	-3.83522415
17.53703022	92.90426636	-3.83522415
19.53703022	92.90426636	-3.83522415
21.53703022	92.90426636	-3.83522415
23.53703022	92.90426636	-3.83522415
25.53703022	92.90426636	-3.78918409
27.53703022	92.90426636	-3.78965185
29.53703022	92.90426636	-3.78927013
31.53703022	92.90426636	-3.80811871
33.53703022	92.90426636	-3.79210680
35.53703022	92.90426636	-3.79220575
37.53703022	92.90426636	-3.80254432
39.53703022	92.90426636	-3.80542026
41.53703022	92.90426636	-3.81859978
43.53703022	92.90426636	-3.82986337
45.53703022	92.90426636	-3.84239799
47.53703022	92.90426636	-3.85081326
49.53703022	92.90426636	-3.85700097
51.53703022	92.90426636	-3.86340930
53.53703022	92.90426636	-3.86724848
55.53703022	92.90426636	-3.88268373
57.53703022	92.90426636	-3.85823238
59.53703022	92.90426636	-3.90804469
61.53703022	92.90426636	-3.88129349
63.53703022	92.90426636	-3.94436381
65.53703022	92.90426636	-3.87739895
67.53703022	92.90426636	-3.76011038
69.53703022	92.90426636	-3.90135407
71.53703022	92.90426636	-3.87145271
73.53703022	92.90426636	-3.88581252
75.53703022	92.90426636	-3.82100844
77.53703022	92.90426636	-3.86195347
79.53703022	92.90426636	-3.86541343
81.53703022	92.90426636	-3.77682567
83.53703022	92.90426636	-3.85196519
85.53703022	92.90426636	-3.86508210
87.53703022	92.90426636	-3.88858034
89.53703022	92.90426636	-3.88851562
91.53703022	92.90426636	-3.88597611
93.53703022	92.90426636	-3.90223861
95.53703022	92.90426636	-3.92083144
97.53703022	92.90426636	-3.91847348
99.53703022	92.90426636	-3.93166995
101.53703022	92.90426636	-3.93166876
103.53703022	92.90426636	-3.93586469
105.53703022	92.90426636	-3.85100938
107.53703022	92.90426636	-3.78058195
109.53703022	92.90426636	-3.82950581
111.53703022	92.90426636	-3.80904618
113.53703022	92.90426636	-3.81391510
115.53703022	92.90426636	-3.80595398
117.53703022	92.90426636	-3.80671527
119.53703022	92.90426636	-3.80027750
121.53703022	92.90426636	-3.80298655
123.53703022	92.90426636	-3.80924886
125.53703022	92.90426636	-3.87473464
127.53703022	92.90426636	-3.87275076
129.53703022	92.90426636	-3.83644143
131.53703022	92.90426636	-3.84628193
133.53703022	92.90426636	-3.85525238
135.53703022	92.90426636	-3.87712172
137.53703022	92.90426636	-3.89445193
139.53703022	92.90426636	-3.91423702
141.53703022	92.90426636	-3.95488334
143.53703022	92.90426636	-3.96714354
145.53703022	92.90426636	-3.95650482
147.53703022	92.90426636	-3.96436048
149.53703022	92.90426636	-3.85461688
151.53703022	92.90426636	-3.83526902
153.53703022	92.90426636	-3.82701833
155.53703022	92.90426636	-3.73254323
157.53703022	92.90426636	-3.78544532
159.53703022	92.90426636	-3.75521662
161.53703022	92.90426636	-3.76378613
163.53703022	92.90426636	-3.75313888
165.53703022	92.90426636	-3.75889979
167.53703022	92.90426636	-3.75621288
169.53703022	92.90426636	-3.74821266
171.53703022	92.90426636	-3.76237273
173.53703022	92.90426636	-3.79791627
175.53703022	92.90426636	-3.77591415
177.53703022	92.90426636	-3.81869437
179.53703022	92.90426636	-3.84613895
181.53703022	92.90426636	-3.80555144
183.53703022	92.90426636	-3.77880164
185.53703022	92.90426636	-3.67733169
187.53703022	92.90426636	-3.76208752
189.53703022	92.90426636	-3.74272530
191.53703022	92.90426636	-3.74590748
193.53703022	92.90426636	-3.73222404
195.53703022	92.90426636	-3.72758355
197.53703022	92.90426636	-3.71710858
199.53703022	92.90426636	-3.71424259
201.53703022	92.90426636	-3.70335057
203.53703022	92.90426636	-3.68881786
205.53703022	92.90426636	-3.66653273
207.53703022	92.90426636	-3.66292304
209.53703022	92.90426636	-3.66819185
211.53703022	92.90426636	-3.68335330
213.53703022	92.90426636	-3.65030810
215.53703022	92.90426636	-3.64471221
217.53703022	92.90426636	-3.61808147
219.53703022	92.90426636	-3.64330673
221.53703022	92.90426636	-3.65399528
223.53703022	92.90426636	-3.68827057
225.53703022	92.90426636	-3.70362711
227.53703022	92.90426636	-3.60027742
229.53703022	92.90426636	-3.63875413
231.53703022	92.90426636	-3.71913791
233.53703022	92.90426636	-3.73571348
235.53703022	92.90426636	-3.88111091
237.53703022	92.90426636	-3.81442458
239.53703022	92.90426636	-3.85514903
241.53703022	92.90426636	-3.77668014
243.53703022	92.90426636	-3.80601179
245.53703022	92.90426636	-3.75647813
247.53703022	92.90426636	-3.73506500
249.53703022	92.90426636	-3.73609806
251.53703022	92.90426636	-3.71145732
253.53703022	92.90426636	-3.70077331
255.53703022	92.90426636	-3.71968141
257.53703022	92.90426636	-3.65196273
259.53703022	92.90426636	-3.77524804
261.53703022	92.90426636	-3.81588626
263.53703022	92.90426636	-3.81630278
265.53703022	92.90426636	-3.81364441
267.53703022	92.90426636	-3.71933651
269.53703022	92.90426636	-3.72162843
271.53703022	92.90426636	-3.72162843
273.53703022	92.90426636	-3.72162843
275.53703022	92.90426636	-3.72162843
277.53703022	92.90426636	-3.72162843
279.53703022	92.90426636	-3.72162843
281.53703022	92.90426636	-3.72162843
-8.46296978	94.90426636	-3.77042317
-6.46296978	94.90426636	-3.77042317
-4.46296978	94.90426636	-3.77042317
-2.46296978	94.90426636	-3.77042317
-0.46296978	94.90426636	-3.77042317
1.53703022	94.90426636	-3.77042317
3.53703022	94.90426636	-3.77042317
5.53703022	94.90426636	-3.77042317
7.53703022	94.90426636	-3.77042317
9.53703022	94.90426636	-3.77042317
11.53703022	94.90426636	-3.77042317
13.53703022	94.90426636	-3.77042317
15.53703022	94.90426636	-3.77042317
17.53703022	94.90426636	-3.77042317
19.53703022	94.90426636	-3.77042317
21.53703022	94.90426636	-3.77042317
23.53703022	94.90426636	-3.77042317
25.53703022	94.90426636	-3.76375604
27.53703022	94.90426636	-3.84716702
29.53703022	94.90426636	-3.62727952
31.53703022	94.90426636	-3.77815223
33.53703022	94.90426636	-3.78458711
35.53703022	94.90426636	-3.79567805
37.53703022	94.90426636	-3.79959748
39.53703022	94.90426636	-3.81008629
41.53703022	94.90426636	-3.81543221
43.53703022	94.90426636	-3.82736477
45.53703022	94.90426636	-3.84191899
47.53703022	94.90426636	-3.84739476
49.53703022	94.90426636	-3.85844703
51.53703022	94.90426636	-3.86561341
53.53703022	94.90426636	-3.87761381
55.53703022	94.90426636	-3.87597800
57.53703022	94.90426636	-3.88921213
59.53703022	94.90426636	-3.86670315
61.53703022	94.90426636	-3.89640202
63.53703022	94.90426636	-3.89690658
65.53703022	94.90426636	-3.94191684
67.53703022	94.90426636	-3.93641257
69.53703022	94.90426636	-3.90247297
71.53703022	94.90426636	-3.90312409
73.53703022	94.90426636	-3.85166481
75.53703022	94.90426636	-3.86351570
77.53703022	94.90426636	-3.87774663
79.53703022	94.90426636	-3.87873680
81.53703022	94.90426636	-3.86892361
83.53703022	94.90426636	-3.86493397
85.53703022	94.90426636	-3.87137272
87.53703022	94.90426636	-3.80287552
89.53703022	94.90426636	-3.86525607
91.53703022	94.90426636	-3.89874983
93.53703022	94.90426636	-3.91042304
95.53703022	94.90426636	-3.92479563
97.53703022	94.90426636	-3.91635776
99.53703022	94.90426636	-3.95313668
101.53703022	94.90426636	-3.87350116
103.53703022	94.90426636	-3.85233276
105.53703022	94.90426636	-3.82906048
107.53703022	94.90426636	-3.82242492
109.53703022	94.90426636	-3.80793613
111.53703022	94.90426636	-3.80204527
113.53703022	94.90426636	-3.79425397
115.53703022	94.90426636	-3.79061829
117.53703022	94.90426636	-3.78680684
119.53703022	94.90426636	-3.78632068
121.53703022	94.90426636	-3.78822853
123.53703022	94.90426636	-3.79056514
125.53703022	94.90426636	-3.78021979
127.53703022	94.90426636	-3.79751376
129.53703022	94.90426636	-3.79787745
131.53703022	94.90426636	-3.73638725
133.53703022	94.90426636	-3.81432563
135.53703022	94.90426636	-3.83384052
137.53703022	94.90426636	-3.85598996
139.53703022	94.90426636	-3.87412764
141.53703022	94.90426636	-3.90613329
143.53703022	94.90426636	-3.97412443
145.53703022	94.90426636	-3.94476676
147.53703022	94.90426636	-3.94482088
149.53703022	94.90426636	-3.93057442
151.53703022	94.90426636	-3.87776458
153.53703022	94.90426636	-3.81085800
155.53703022	94.90426636	-3.77377662
157.53703022	94.90426636	-3.75516716
159.53703022	94.90426636	-3.75973693
161.53703022	94.90426636	-3.75111884
163.53703022	94.90426636	-3.75162685
165.53703022	94.90426636	-3.74858250
167.53703022	94.90426636	-3.75130155
169.53703022	94.90426636	-3.75514736
171.53703022	94.90426636	-3.76219869
173.53703022	94.90426636	-3.76447596
175.53703022	94.90426636	-3.79726498
177.53703022	94.90426636	-3.82267237
179.53703022	94.90426636	-3.84000516
181.53703022	94.90426636	-3.83321476
183.53703022	94.90426636	-3.80509320
185.53703022	94.90426636	-3.79609485
187.53703022	94.90426636	-3.77859662
189.53703022	94.90426636	-3.76517232
191.53703022	94.90426636	-3.75185974
193.53703022	94.90426636	-3.74114355
195.53703022	94.90426636	-3.73054190
197.53703022	94.90426636	-3.72183287
199.53703022	94.90426636	-3.71128405
201.53703022	94.90426636	-3.70566909
203.53703022	94.90426636	-3.69364484
205.53703022	94.90426636	-3.67802409
207.53703022	94.90426636	-3.65648983
209.53703022	94.90426636	-3.64732499
211.53703022	94.90426636	-3.66316426
213.53703022	94.90426636	-3.68412858
215.53703022	94.90426636	-3.66256845
217.53703022	94.90426636	-3.66781259
219.53703022	94.90426636	-3.65287638
221.53703022	94.90426636	-3.67820382
223.53703022	94.90426636	-3.67223096
225.53703022	94.90426636	-3.69901872
227.53703022	94.90426636	-3.61159158
229.53703022	94.90426636	-3.71758914
231.53703022	94.90426636	-3.69849801
233.53703022	94.90426636	-3.67186165
235.53703022	94.90426636	-3.86862254
237.53703022	94.90426636	-3.89999413
239.53703022	94.90426636	-3.86115553
241.53703022	94.90426636	-3.83408045
243.53703022	94.90426636	-3.77460244
245.53703022	94.90426636	-3.74724136
247.53703022	94.90426636	-3.73258049
249.53703022	94.90426636	-3.71957860
251.53703022	94.90426636	-3.71363602
253.53703022	94.90426636	-3.71199199
255.53703022	94.90426636	-3.70788803
257.53703022	94.90426636	-3.70050858
259.53703022	94.90426636	-3.64173431
261.53703022	94.90426636	-3.70589757
263.53703022	94.90426636	-3.79022050
265.53703022	94.90426636	-3.77749825
267.53703022	94.90426636	-3.75559974
269.53703022	94.90426636	-3.79975343
271.53703022	94.90426636	-3.78243041
273.53703022	94.90426636	-3.78243041
275.53703022	94.90426636	-3.78243041
277.53703022	94.90426636	-3.78243041
279.53703022	94.90426636	-3.78243041
281.53703022	94.90426636	-3.78243041
-8.46296978	96.90426636	-3.78031158
-6.46296978	96.90426636	-3.78031158
-4.46296978	96.90426636	-3.78031158
-2.46296978	96.90426636	-3.78031158
-0.46296978	96.90426636	-3.78031158
1.53703022	96.90426636	-3.78031158
3.53703022	96.90426636	-3.78031158
5.53703022	96.90426636	-3.78031158
7.53703022	96.90426636	-3.78031158
9.53703022	96.90426636	-3.78031158
11.53703022	96.90426636	-3.78031158
13.53703022	96.90426636	-3.78031158
15.53703022	96.90426636	-3.78031158
17.53703022	96.90426636	-3.78031158
19.53703022	96.90426636	-3.78031158
21.53703022	96.90426636	-3.78031158
23.53703022	96.90426636	-3.78031158
25.53703022	96.90426636	-3.78031158
27.53703022	96.90426636	-3.82465148
29.53703022	96.90426636	-3.77104151
31.53703022	96.90426636	-3.78932592
33.53703022	96.90426636	-3.79870733
35.53703022	96.90426636	-3.80109218
37.53703022	96.90426636	-3.81194036
39.53703022	96.90426636	-3.81742022
41.53703022	96.90426636	-3.82927283
43.53703022	96.90426636	-3.84623327
45.53703022	96.90426636	-3.85450530
47.53703022	96.90426636	-3.87014312
49.53703022	96.90426636	-3.86745377
51.53703022	96.90426636	-3.87503945
53.53703022	96.90426636	-3.87165704
55.53703022	96.90426636	-3.89608409
57.53703022	96.90426636	-3.86437879
59.53703022	96.90426636	-3.90927893
61.53703022	96.90426636	-3.85206962
63.53703022	96.90426636	-3.93458724
65.53703022	96.90426636	-3.90476057
67.53703022	96.90426636	-3.97966409
69.53703022	96.90426636	-3.82229144
71.53703022	96.90426636	-3.84858562
73.53703022	96.90426636	-3.76520443
75.53703022	96.90426636	-3.87525105
77.53703022	96.90426636	-3.87716675
79.53703022	96.90426636	-3.87747860
81.53703022	96.90426636	-3.87234074
83.53703022	96.90426636	-3.85337067
85.53703022	96.90426636	-3.87891388
87.53703022	96.90426636	-3.87593913
89.53703022	96.90426636	-3.88544989
91.53703022	96.90426636	-3.92176127
93.53703022	96.90426636	-3.90917158
95.53703022	96.90426636	-3.88980262
97.53703022	96.90426636	-3.91520905
99.53703022	96.90426636	-3.87703102
101.53703022	96.90426636	-3.86070080
103.53703022	96.90426636	-3.84516881
105.53703022	96.90426636	-3.82506565
107.53703022	96.90426636	-3.79581635
109.53703022	96.90426636	-3.80591908
111.53703022	96.90426636	-3.79483872
113.53703022	96.90426636	-3.79393841
115.53703022	96.90426636	-3.78956028
117.53703022	96.90426636	-3.78953561
119.53703022	96.90426636	-3.78780086
121.53703022	96.90426636	-3.79145463
123.53703022	96.90426636	-3.79549754
125.53703022	96.90426636	-3.80827835
127.53703022	96.90426636	-3.81717447
129.53703022	96.90426636	-3.81614339
131.53703022	96.90426636	-3.82126890
133.53703022	96.90426636	-3.84200718
135.53703022	96.90426636	-3.86305067
137.53703022	96.90426636	-3.88184889
139.53703022	96.90426636	-3.90671101
141.53703022	96.90426636	-3.92829936
143.53703022	96.90426636	-3.92944466
145.53703022	96.90426636	-3.94018650
147.53703022	96.90426636	-3.92960739
149.53703022	96.90426636	-3.93150401
151.53703022	96.90426636	-3.81306394
153.53703022	96.90426636	-3.79890496
155.53703022	96.90426636	-3.75457290
157.53703022	96.90426636	-3.76651400
159.53703022	96.90426636	-3.75364091
161.53703022	96.90426636	-3.75497542
163.53703022	96.90426636	-3.75098448
165.53703022	96.90426636	-3.75434343
167.53703022	96.90426636	-3.75611251
169.53703022	96.90426636	-3.75493260
171.53703022	96.90426636	-3.76748270
173.53703022	96.90426636	-3.80249286
175.53703022	96.90426636	-3.79878945
177.53703022	96.90426636	-3.83942771
179.53703022	96.90426636	-3.78837466
181.53703022	96.90426636	-3.81860805
183.53703022	96.90426636	-3.78630651
185.53703022	96.90426636	-3.75208579
187.53703022	96.90426636	-3.76181996
189.53703022	96.90426636	-3.74649784
191.53703022	96.90426636	-3.74093712
193.53703022	96.90426636	-3.72907569
195.53703022	96.90426636	-3.72186281
197.53703022	96.90426636	-3.71092469
199.53703022	96.90426636	-3.70892972
201.53703022	96.90426636	-3.69200903
203.53703022	96.90426636	-3.67786725
205.53703022	96.90426636	-3.69326544
207.53703022	96.90426636	-3.67037368
209.53703022	96.90426636	-3.63936782
211.53703022	96.90426636	-3.68709312
213.53703022	96.90426636	-3.67538404
215.53703022	96.90426636	-3.70075321
217.53703022	96.90426636	-3.63837147
219.53703022	96.90426636	-3.67611456
221.53703022	96.90426636	-3.58401012
223.53703022	96.90426636	-3.60289145
225.53703022	96.90426636	-3.72551823
227.53703022	96.90426636	-3.77478194
229.53703022	96.90426636	-3.73486590
231.53703022	96.90426636	-3.70709991
233.53703022	96.90426636	-3.75947046
235.53703022	96.90426636	-3.71697664
237.53703022	96.90426636	-3.85905361
239.53703022	96.90426636	-3.92301154
241.53703022	96.90426636	-3.77393835
243.53703022	96.90426636	-3.75126913
245.53703022	96.90426636	-3.73918030
247.53703022	96.90426636	-3.72194676
249.53703022	96.90426636	-3.72017327
251.53703022	96.90426636	-3.71065320
253.53703022	96.90426636	-3.70481923
255.53703022	96.90426636	-3.70699454
257.53703022	96.90426636	-3.63980453
259.53703022	96.90426636	-3.72211362
261.53703022	96.90426636	-3.58841801
263.53703022	96.90426636	-3.81249547
265.53703022	96.90426636	-3.79779410
267.53703022	96.90426636	-3.82214451
269.53703022	96.90426636	-3.77554321
271.53703022	96.90426636	-3.78698468
273.53703022	96.90426636	-3.78698468
275.53703022	96.90426636	-3.78698468
277.53703022	96.90426636	-3.78698468
279.53703022	96.90426636	-3.78698468
281.53703022	96.90426636	-3.78698468
-8.46296978	98.90426636	-3.82590747
-6.46296978	98.90426636	-3.82590747
-4.46296978	98.90426636	-3.82590747
-2.46296978	98.90426636	-3.82590747
-0.46296978	98.90426636	-3.82590747
1.53703022	98.90426636	-3.82590747
3.53703022	98.90426636	-3.82590747
5.53703022	98.90426636	-3.82590747
7.53703022	98.90426636	-3.82590747
9.53703022	98.90426636	-3.82590747
11.53703022	98.90426636	-3.82590747
13.53703022	98.90426636	-3.82590747
15.53703022	98.90426636	-3.82590747
17.53703022	98.90426636	-3.82590747
19.53703022	98.90426636	-3.82590747
21.53703022	98.90426636	-3.82590747
23.53703022	98.90426636	-3.82590747
25.53703022	98.90426636	-3.82590747
27.53703022	98.90426636	-3.82363705
29.53703022	98.90426636	-3.77057587
31.53703022	98.90426636	-3.77768682
33.53703022	98.90426636	-3.78492600
35.53703022	98.90426636	-3.79521555
37.53703022	98.90426636	-3.80433341
39.53703022	98.90426636	-3.81367544
41.53703022	98.90426636	-3.82206097
43.53703022	98.90426636	-3.83581951
45.53703022	98.90426636	-3.84589216
47.53703022	98.90426636	-3.85667009
49.53703022	98.90426636	-3.86836237
51.53703022	98.90426636	-3.87728628
53.53703022	98.90426636	-3.88099362
55.53703022	98.90426636	-3.88873984
57.53703022	98.90426636	-3.88433916
59.53703022	98.90426636	-3.86348577
61.53703022	98.90426636	-3.91862726
63.53703022	98.90426636	-3.87877703
65.53703022	98.90426636	-3.95259919
67.53703022	98.90426636	-3.94753723
69.53703022	98.90426636	-3.91087806
71.53703022	98.90426636	-3.86256742
73.53703022	98.90426636	-3.88979268
75.53703022	98.90426636	-3.86711144
77.53703022	98.90426636	-3.87918520
79.53703022	98.90426636	-3.89328980
81.53703022	98.90426636	-3.88634753
83.53703022	98.90426636	-3.88195825
85.53703022	98.90426636	-3.91503215
87.53703022	98.90426636	-3.86498254
89.53703022	98.90426636	-3.89031328
91.53703022	98.90426636	-3.65413880
93.53703022	98.90426636	-3.90192308
95.53703022	98.90426636	-3.90442547
97.53703022	98.90426636	-3.90216062
99.53703022	98.90426636	-3.88554040
101.53703022	98.90426636	-3.85599191
103.53703022	98.90426636	-3.83613709
105.53703022	98.90426636	-3.81990686
107.53703022	98.90426636	-3.81042807
109.53703022	98.90426636	-3.79994782
111.53703022	98.90426636	-3.79321223
113.53703022	98.90426636	-3.78750338
115.53703022	98.90426636	-3.78405748
117.53703022	98.90426636	-3.78193563
119.53703022	98.90426636	-3.78241837
121.53703022	98.90426636	-3.78464802
123.53703022	98.90426636	-3.78658841
125.53703022	98.90426636	-3.78809099
127.53703022	98.90426636	-3.79563214
129.53703022	98.90426636	-3.79572353
131.53703022	98.90426636	-3.79557544
133.53703022	98.90426636	-3.82241473
135.53703022	98.90426636	-3.84093647
137.53703022	98.90426636	-3.86080623
139.53703022	98.90426636	-3.88270265
141.53703022	98.90426636	-3.91401211
143.53703022	98.90426636	-3.93563459
145.53703022	98.90426636	-3.95024633
147.53703022	98.90426636	-3.93323517
149.53703022	98.90426636	-3.93863869
151.53703022	98.90426636	-3.84018706
153.53703022	98.90426636	-3.66423321
155.53703022	98.90426636	-3.76058020
157.53703022	98.90426636	-3.75570704
159.53703022	98.90426636	-3.75585498
161.53703022	98.90426636	-3.75058891
163.53703022	98.90426636	-3.74959479
165.53703022	98.90426636	-3.74905545
167.53703022	98.90426636	-3.75237346
169.53703022	98.90426636	-3.75831514
171.53703022	98.90426636	-3.76613424
173.53703022	98.90426636	-3.76566036
175.53703022	98.90426636	-3.80584724
177.53703022	98.90426636	-3.79849963
179.53703022	98.90426636	-3.67378926
181.53703022	98.90426636	-3.80366802
183.53703022	98.90426636	-3.84824443
185.53703022	98.90426636	-3.78968627
187.53703022	98.90426636	-3.77228484
189.53703022	98.90426636	-3.75790993
191.53703022	98.90426636	-3.74614684
193.53703022	98.90426636	-3.73483752
195.53703022	98.90426636	-3.72541628
197.53703022	98.90426636	-3.71627917
199.53703022	98.90426636	-3.70851284
201.53703022	98.90426636	-3.69783605
203.53703022	98.90426636	-3.69161898
205.53703022	98.90426636	-3.70169282
207.53703022	98.90426636	-3.65530767
209.53703022	98.90426636	-3.64225912
211.53703022	98.90426636	-3.64580750
213.53703022	98.90426636	-3.62574601
215.53703022	98.90426636	-3.66379269
217.53703022	98.90426636	-3.68978119
219.53703022	98.90426636	-3.68323112
221.53703022	98.90426636	-3.69107342
223.53703022	98.90426636	-3.69734025
225.53703022	98.90426636	-3.72221255
227.53703022	98.90426636	-3.68313956
229.53703022	98.90426636	-3.68710661
231.53703022	98.90426636	-3.72977376
233.53703022	98.90426636	-3.71972132
235.53703022	98.90426636	-3.65585446
237.53703022	98.90426636	-3.69766736
239.53703022	98.90426636	-3.87610004
241.53703022	98.90426636	-3.80911272
243.53703022	98.90426636	-3.75232680
245.53703022	98.90426636	-3.73824158
247.53703022	98.90426636	-3.72449886
249.53703022	98.90426636	-3.71693182
251.53703022	98.90426636	-3.71195919
253.53703022	98.90426636	-3.70997521
255.53703022	98.90426636	-3.70563917
257.53703022	98.90426636	-3.69642004
259.53703022	98.90426636	-3.62856429
261.53703022	98.90426636	-3.73280985
263.53703022	98.90426636	-3.66881633
265.53703022	98.90426636	-3.79777408
267.53703022	98.90426636	-3.77402091
269.53703022	98.90426636	-3.77798152
271.53703022	98.90426636	-3.76111579
273.53703022	98.90426636	-3.76111579
275.53703022	98.90426636	-3.76111579
277.53703022	98.90426636	-3.76111579
279.53703022	98.90426636	-3.76111579
281.53703022	98.90426636	-3.76111579
-8.46296978	100.90426636	-3.85663819
-6.46296978	100.90426636	-3.85663819
-4.46296978	100.90426636	-3.85663819
-2.46296978	100.90426636	-3.85663819
-0.46296978	100.90426636	-3.85663819
1.53703022	100.90426636	-3.85663819
3.53703022	100.90426636	-3.85663819
5.53703022	100.90426636	-3.85663819
7.53703022	100.90426636	-3.85663819
9.53703022	100.90426636	-3.85663819
11.53703022	100.90426636	-3.85663819
13.53703022	100.90426636	-3.85663819
15.53703022	100.90426636	-3.85663819
17.53703022	100.90426636	-3.85663819
19.53703022	100.90426636	-3.85663819
21.53703022	100.90426636	-3.85663819
23.53703022	100.90426636	-3.85663819
25.53703022	100.90426636	-3.85663819
27.53703022	100.90426636	-3.87767816
29.53703022	100.90426636	-3.78317503
31.53703022	100.90426636	-3.70844936
33.53703022	100.90426636	-3.79852202
35.53703022	100.90426636	-3.79329076
37.53703022	100.90426636	-3.81185332
39.53703022	100.90426636	-3.81386049
41.53703022	100.90426636	-3.82820116
43.53703022	100.90426636	-3.83972588
45.53703022	100.90426636	-3.84877794
47.53703022	100.90426636	-3.86784603
49.53703022	100.90426636	-3.86688910
51.53703022	100.90426636	-3.92989540
53.53703022	100.90426636	-3.87235058
55.53703022	100.90426636	-3.88839595
57.53703022	100.90426636	-3.85700792
59.53703022	100.90426636	-3.95984602
61.53703022	100.90426636	-3.86515034
63.53703022	100.90426636	-3.95111311
65.53703022	100.90426636	-3.88164436
67.53703022	100.90426636	-3.67323160
69.53703022	100.90426636	-3.80394163
71.53703022	100.90426636	-3.86727858
73.53703022	100.90426636	-3.87940073
75.53703022	100.90426636	-3.89585853
77.53703022	100.90426636	-3.87817502
79.53703022	100.90426636	-3.88354897
81.53703022	100.90426636	-3.89919782
83.53703022	100.90426636	-3.88237834
85.53703022	100.90426636	-3.88279748
87.53703022	100.90426636	-3.89533359
89.53703022	100.90426636	-3.87890586
91.53703022	100.90426636	-3.88197578
93.53703022	100.90426636	-3.89543570
95.53703022	100.90426636	-3.88472728
97.53703022	100.90426636	-3.89766857
99.53703022	100.90426636	-3.87045153
101.53703022	100.90426636	-3.86760445
103.53703022	100.90426636	-3.83901289
105.53703022	100.90426636	-3.83226581
107.53703022	100.90426636	-3.80145955
109.53703022	100.90426636	-3.80992891
111.53703022	100.90426636	-3.79577153
113.53703022	100.90426636	-3.79535127
115.53703022	100.90426636	-3.78852531
117.53703022	100.90426636	-3.78878940
119.53703022	100.90426636	-3.78735925
121.53703022	100.90426636	-3.79131780
123.53703022	100.90426636	-3.79409258
125.53703022	100.90426636	-3.80490492
127.53703022	100.90426636	-3.81069537
129.53703022	100.90426636	-3.81221615
131.53703022	100.90426636	-3.82265154
133.53703022	100.90426636	-3.83652551
135.53703022	100.90426636	-3.85592426
137.53703022	100.90426636	-3.87256731
139.53703022	100.90426636	-3.89540758
141.53703022	100.90426636	-3.92117306
143.53703022	100.90426636	-3.92713547
145.53703022	100.90426636	-3.93140060
147.53703022	100.90426636	-3.90761113
149.53703022	100.90426636	-3.89746666
151.53703022	100.90426636	-3.81306797
153.53703022	100.90426636	-3.80896112
155.53703022	100.90426636	-3.75702734
157.53703022	100.90426636	-3.77159867
159.53703022	100.90426636	-3.75336098
161.53703022	100.90426636	-3.75638036
163.53703022	100.90426636	-3.74915832
165.53703022	100.90426636	-3.75220636
167.53703022	100.90426636	-3.75230993
169.53703022	100.90426636	-3.75405436
171.53703022	100.90426636	-3.76417976
173.53703022	100.90426636	-3.81328797
175.53703022	100.90426636	-3.78629368
177.53703022	100.90426636	-3.80798047
179.53703022	100.90426636	-3.79245754
181.53703022	100.90426636	-3.81674865
183.53703022	100.90426636	-3.80718207
185.53703022	100.90426636	-3.76833743
187.53703022	100.90426636	-3.76869949
189.53703022	100.90426636	-3.75192961
191.53703022	100.90426636	-3.74575264
193.53703022	100.90426636	-3.73257342
195.53703022	100.90426636	-3.72588346
197.53703022	100.90426636	-3.71383869
199.53703022	100.90426636	-3.70992985
201.53703022	100.90426636	-3.69608661
203.53703022	100.90426636	-3.70629430
205.53703022	100.90426636	-3.66395164
207.53703022	100.90426636	-3.66785518
209.53703022	100.90426636	-3.66529333
211.53703022	100.90426636	-3.65504956
213.53703022	100.90426636	-3.64860395
215.53703022	100.90426636	-3.68121591
217.53703022	100.90426636	-3.72811818
219.53703022	100.90426636	-3.68349814
221.53703022	100.90426636	-3.69776082
223.53703022	100.90426636	-3.71085119
225.53703022	100.90426636	-3.72270703
227.53703022	100.90426636	-3.66810036
229.53703022	100.90426636	-3.69181085
231.53703022	100.90426636	-3.70810771
233.53703022	100.90426636	-3.71066046
235.53703022	100.90426636	-3.68238711
237.53703022	100.90426636	-3.67443013
239.53703022	100.90426636	-3.86650896
241.53703022	100.90426636	-3.77803159
243.53703022	100.90426636	-3.62545753
245.53703022	100.90426636	-3.73974163
247.53703022	100.90426636	-3.71458882
249.53703022	100.90426636	-3.71890920
251.53703022	100.90426636	-3.71278688
253.53703022	100.90426636	-3.70798212
255.53703022	100.90426636	-3.71165608
257.53703022	100.90426636	-3.63947316
259.53703022	100.90426636	-3.77410732
261.53703022	100.90426636	-3.71901708
263.53703022	100.90426636	-3.59123063
265.53703022	100.90426636	-3.83281994
267.53703022	100.90426636	-3.79159832
269.53703022	100.90426636	-3.77406979
271.53703022	100.90426636	-3.79951572
273.53703022	100.90426636	-3.85089445
275.53703022	100.90426636	-3.85089445
277.53703022	100.90426636	-3.85089445
279.53703022	100.90426636	-3.85089445
281.53703022	100.90426636	-3.85089445
-8.46296978	102.90426636	-3.82126951
-6.46296978	102.90426636	-3.82126951
-4.46296978	102.90426636	-3.82126951
-2.46296978	102.90426636	-3.82126951
-0.46296978	102.90426636	-3.82126951
1.53703022	102.90426636	-3.82126951
3.53703022	102.90426636	-3.82126951
5.53703022	102.90426636	-3.82126951
7.53703022	102.90426636	-3.82126951
9.53703022	102.90426636	-3.82126951
11.53703022	102.90426636	-3.82126951
13.53703022	102.90426636	-3.82126951
15.53703022	102.90426636	-3.82126951
17.53703022	102.90426636	-3.82126951
19.53703022	102.90426636	-3.82126951
21.53703022	102.90426636	-3.82126951
23.53703022	102.90426636	-3.82126951
25.53703022	102.90426636	-3.82126951
27.53703022	102.90426636	-3.82126951
29.53703022	102.90426636	-3.87100410
31.53703022	102.90426636	-3.74822190
33.53703022	102.90426636	-3.77381824
35.53703022	102.90426636	-3.80018857
37.53703022	102.90426636	-3.81259045
39.53703022	102.90426636	-3.82251636
41.53703022	102.90426636	-3.82978702
43.53703022	102.90426636	-3.84002660
45.53703022	102.90426636	-3.84789129
47.53703022	102.90426636	-3.85936448
49.53703022	102.90426636	-3.90222080
51.53703022	102.90426636	-3.89008951
53.53703022	102.90426636	-3.90441680
55.53703022	102.90426636	-3.88251519
57.53703022	102.90426636	-3.90935068
59.53703022	102.90426636	-3.89302375
61.53703022	102.90426636	-3.88977796
63.53703022	102.90426636	-3.85639739
65.53703022	102.90426636	-3.88256526
67.53703022	102.90426636	-3.86545947
69.53703022	102.90426636	-3.88402423
71.53703022	102.90426636	-3.86695544
73.53703022	102.90426636	-3.86661530
75.53703022	102.90426636	-3.87320900
77.53703022	102.90426636	-3.86609554
79.53703022	102.90426636	-3.88980508
81.53703022	102.90426636	-3.89753675
83.53703022	102.90426636	-3.87601270
85.53703022	102.90426636	-3.88762156
87.53703022	102.90426636	-3.73271988
89.53703022	102.90426636	-3.83623910
91.53703022	102.90426636	-3.73445399
93.53703022	102.90426636	-3.85132532
95.53703022	102.90426636	-3.80877639
97.53703022	102.90426636	-3.85396460
99.53703022	102.90426636	-3.84201208
101.53703022	102.90426636	-3.82956551
103.53703022	102.90426636	-3.81947158
105.53703022	102.90426636	-3.80751273
107.53703022	102.90426636	-3.79832553
109.53703022	102.90426636	-3.78831547
111.53703022	102.90426636	-3.78147130
113.53703022	102.90426636	-3.77563783
115.53703022	102.90426636	-3.77270000
117.53703022	102.90426636	-3.77296857
119.53703022	102.90426636	-3.77381843
121.53703022	102.90426636	-3.77065011
123.53703022	102.90426636	-3.77912943
125.53703022	102.90426636	-3.77542771
127.53703022	102.90426636	-3.77654364
129.53703022	102.90426636	-3.79404195
131.53703022	102.90426636	-3.78606085
133.53703022	102.90426636	-3.82244387
135.53703022	102.90426636	-3.82998695
137.53703022	102.90426636	-3.85707552
139.53703022	102.90426636	-3.87117450
141.53703022	102.90426636	-3.92081783
143.53703022	102.90426636	-3.91694566
145.53703022	102.90426636	-3.93198318
147.53703022	102.90426636	-3.86470723
149.53703022	102.90426636	-3.87745571
151.53703022	102.90426636	-3.82289206
153.53703022	102.90426636	-3.73950599
155.53703022	102.90426636	-3.78472053
157.53703022	102.90426636	-3.73232513
159.53703022	102.90426636	-3.76208049
161.53703022	102.90426636	-3.74175737
163.53703022	102.90426636	-3.74934504
165.53703022	102.90426636	-3.74445492
167.53703022	102.90426636	-3.75070780
169.53703022	102.90426636	-3.75863532
171.53703022	102.90426636	-3.77339127
173.53703022	102.90426636	-3.77719437
175.53703022	102.90426636	-3.72032308
177.53703022	102.90426636	-3.80164929
179.53703022	102.90426636	-3.78125046
181.53703022	102.90426636	-3.80887542
183.53703022	102.90426636	-3.80084199
185.53703022	102.90426636	-3.77257991
187.53703022	102.90426636	-3.78150305
189.53703022	102.90426636	-3.75502849
191.53703022	102.90426636	-3.75018947
193.53703022	102.90426636	-3.73162835
195.53703022	102.90426636	-3.72197512
197.53703022	102.90426636	-3.71260381
199.53703022	102.90426636	-3.70248055
201.53703022	102.90426636	-3.71214414
203.53703022	102.90426636	-3.69539785
205.53703022	102.90426636	-3.66997719
207.53703022	102.90426636	-3.68224764
209.53703022	102.90426636	-3.68991709
211.53703022	102.90426636	-3.68706226
213.53703022	102.90426636	-3.66395523
215.53703022	102.90426636	-3.67139502
217.53703022	102.90426636	-3.68083906
219.53703022	102.90426636	-3.69131923
221.53703022	102.90426636	-3.73164225
223.53703022	102.90426636	-3.72098160
225.53703022	102.90426636	-3.69592357
227.53703022	102.90426636	-3.69103432
229.53703022	102.90426636	-3.68279290
231.53703022	102.90426636	-3.61045766
233.53703022	102.90426636	-3.67103767
235.53703022	102.90426636	-3.71339679
237.53703022	102.90426636	-3.68487144
239.53703022	102.90426636	-3.76591969
241.53703022	102.90426636	-3.71828479
243.53703022	102.90426636	-3.73163467
245.53703022	102.90426636	-3.71415900
247.53703022	102.90426636	-3.72187342
249.53703022	102.90426636	-3.72025884
251.53703022	102.90426636	-3.71267382
253.53703022	102.90426636	-3.71068598
255.53703022	102.90426636	-3.71387160
257.53703022	102.90426636	-3.69399653
259.53703022	102.90426636	-3.69763886
261.53703022	102.90426636	-3.76827531
263.53703022	102.90426636	-3.73523671
265.53703022	102.90426636	-3.77566976
267.53703022	102.90426636	-3.77571678
269.53703022	102.90426636	-3.77563858
271.53703022	102.90426636	-3.77920341
273.53703022	102.90426636	-3.79465461
275.53703022	102.90426636	-3.79465461
277.53703022	102.90426636	-3.79465461
279.53703022	102.90426636	-3.79465461
281.53703022	102.90426636	-3.79465461
-8.46296978	104.90426636	-3.84293437
-6.46296978	104.90426636	-3.84293437
-4.46296978	104.90426636	-3.84293437
-2.46296978	104.90426636	-3.84293437
-0.46296978	104.90426636	-3.84293437
1.53703022	104.90426636	-3.84293437
3.53703022	104.90426636	-3.84293437
5.53703022	104.90426636	-3.84293437
7.53703022	104.90426636	-3.84293437
9.53703022	104.90426636	-3.84293437
11.53703022	104.90426636	-3.84293437
13.53703022	104.90426636	-3.84293437
15.53703022	104.90426636	-3.84293437
17.53703022	104.90426636	-3.84293437
19.53703022	104.90426636	-3.84293437
21.53703022	104.90426636	-3.84293437
23.53703022	104.90426636	-3.84293437
25.53703022	104.90426636	-3.84293437
27.53703022	104.90426636	-3.84293437
29.53703022	104.90426636	-3.84293437
31.53703022	104.90426636	-3.85751867
33.53703022	104.90426636	-3.86357307
35.53703022	104.90426636	-3.83559934
37.53703022	104.90426636	-3.85647320
39.53703022	104.90426636	-3.83643512
41.53703022	104.90426636	-3.85206490
43.53703022	104.90426636	-3.85232520
45.53703022	104.90426636	-3.86046670
47.53703022	104.90426636	-3.89089894
49.53703022	104.90426636	-3.91013598
51.53703022	104.90426636	-3.91352463
53.53703022	104.90426636	-3.84626535
55.53703022	104.90426636	-3.90266415
57.53703022	104.90426636	-3.86365454
59.53703022	104.90426636	-3.78393316
61.53703022	104.90426636	-3.86773562
63.53703022	104.90426636	-3.87288356
65.53703022	104.90426636	-3.89378858
67.53703022	104.90426636	-3.86965592
69.53703022	104.90426636	-3.88262391
71.53703022	104.90426636	-3.87247705
73.53703022	104.90426636	-3.85906887
75.53703022	104.90426636	-3.87690592
77.53703022	104.90426636	-3.84573978
79.53703022	104.90426636	-3.92246675
81.53703022	104.90426636	-3.83525758
83.53703022	104.90426636	-3.83255102
85.53703022	104.90426636	-3.81743707
87.53703022	104.90426636	-3.80936555
89.53703022	104.90426636	-3.79747134
91.53703022	104.90426636	-3.79159896
93.53703022	104.90426636	-3.78485069
95.53703022	104.90426636	-3.78143726
97.53703022	104.90426636	-3.77655089
99.53703022	104.90426636	-3.76762004
101.53703022	104.90426636	-3.76065191
103.53703022	104.90426636	-3.75081320
105.53703022	104.90426636	-3.74263321
107.53703022	104.90426636	-3.72452880
109.53703022	104.90426636	-3.72271799
111.53703022	104.90426636	-3.71299820
113.53703022	104.90426636	-3.71425009
115.53703022	104.90426636	-3.70791994
117.53703022	104.90426636	-3.71158733
119.53703022	104.90426636	-3.71295592
121.53703022	104.90426636	-3.71950009
123.53703022	104.90426636	-3.72535160
125.53703022	104.90426636	-3.73309899
127.53703022	104.90426636	-3.74106201
129.53703022	104.90426636	-3.75049950
131.53703022	104.90426636	-3.76079301
133.53703022	104.90426636	-3.77346905
135.53703022	104.90426636	-3.78741177
137.53703022	104.90426636	-3.80106486
139.53703022	104.90426636	-3.80986830
141.53703022	104.90426636	-3.82843018
143.53703022	104.90426636	-3.84278677
145.53703022	104.90426636	-3.86544862
147.53703022	104.90426636	-3.86068339
149.53703022	104.90426636	-3.84287906
151.53703022	104.90426636	-3.89033747
153.53703022	104.90426636	-3.75148869
155.53703022	104.90426636	-3.76158963
157.53703022	104.90426636	-3.77582072
159.53703022	104.90426636	-3.77751875
161.53703022	104.90426636	-3.76637416
163.53703022	104.90426636	-3.76834219
165.53703022	104.90426636	-3.76547704
167.53703022	104.90426636	-3.77427100
169.53703022	104.90426636	-3.77763120
171.53703022	104.90426636	-3.78893807
173.53703022	104.90426636	-3.79885899
175.53703022	104.90426636	-3.80884218
177.53703022	104.90426636	-3.81685451
179.53703022	104.90426636	-3.83436958
181.53703022	104.90426636	-3.80430412
183.53703022	104.90426636	-3.84011698
185.53703022	104.90426636	-3.87119913
187.53703022	104.90426636	-3.83082409
189.53703022	104.90426636	-3.82977286
191.53703022	104.90426636	-3.79706704
193.53703022	104.90426636	-3.79925280
195.53703022	104.90426636	-3.74844303
197.53703022	104.90426636	-3.65709424
199.53703022	104.90426636	-3.75016880
201.53703022	104.90426636	-3.66346099
203.53703022	104.90426636	-3.69237530
205.53703022	104.90426636	-3.69740224
207.53703022	104.90426636	-3.69121500
209.53703022	104.90426636	-3.64726877
211.53703022	104.90426636	-3.66608002
213.53703022	104.90426636	-3.60888776
215.53703022	104.90426636	-3.57766854
217.53703022	104.90426636	-3.58853537
219.53703022	104.90426636	-3.57592154
221.53703022	104.90426636	-3.72907090
223.53703022	104.90426636	-3.72056508
225.53703022	104.90426636	-3.72421718
227.53703022	104.90426636	-3.70673895
229.53703022	104.90426636	-3.68167873
231.53703022	104.90426636	-3.74741149
233.53703022	104.90426636	-3.70813346
235.53703022	104.90426636	-3.70437551
237.53703022	104.90426636	-3.76085067
239.53703022	104.90426636	-3.71882415
241.53703022	104.90426636	-3.77042413
243.53703022	104.90426636	-3.77258609
245.53703022	104.90426636	-3.77193985
247.53703022	104.90426636	-3.75110760
249.53703022	104.90426636	-3.73291660
251.53703022	104.90426636	-3.72297083
253.53703022	104.90426636	-3.71435816
255.53703022	104.90426636	-3.71133175
257.53703022	104.90426636	-3.71059956
259.53703022	104.90426636	-3.70874731
261.53703022	104.90426636	-3.72436870
263.53703022	104.90426636	-3.73195735
265.53703022	104.90426636	-3.74824373
267.53703022	104.90426636	-3.75875263
269.53703022	104.90426636	-3.77522945
271.53703022	104.90426636	-3.77909803
273.53703022	104.90426636	-3.80044770
275.53703022	104.90426636	-3.79156899
277.53703022	104.90426636	-3.79156899
279.53703022	104.90426636	-3.79156899
281.53703022	104.90426636	-3.79156899
-8.46296978	106.90426636	-3.85333300
-6.46296978	106.90426636	-3.85333300
-4.46296978	106.90426636	-3.85333300
-2.46296978	106.90426636	-3.85333300
-0.46296978	106.90426636	-3.85333300
1.53703022	106.90426636	-3.85333300
3.53703022	106.90426636	-3.85333300
5.53703022	106.90426636	-3.85333300
7.53703022	106.90426636	-3.85333300
9.53703022	106.90426636	-3.85333300
11.53703022	106.90426636	-3.85333300
13.53703022	106.90426636	-3.85333300
15.53703022	106.90426636	-3.85333300
17.53703022	106.90426636	-3.85333300
19.53703022	106.90426636	-3.85333300
21.53703022	106.90426636	-3.85333300
23.53703022	106.90426636	-3.85333300
25.53703022	106.90426636	-3.85333300
27.53703022	106.90426636	-3.85333300
29.53703022	106.90426636	-3.85333300
31.53703022	106.90426636	-3.86636519
33.53703022	106.90426636	-3.86214805
35.53703022	106.90426636	-3.72682118
37.53703022	106.90426636	-3.78703928
39.53703022	106.90426636	-3.90861058
41.53703022	106.90426636	-3.89301348
43.53703022	106.90426636	-3.88557839
45.53703022	106.90426636	-3.75166225
47.53703022	106.90426636	-3.84869551
49.53703022	106.90426636	-3.87412524
51.53703022	106.90426636	-3.87967153
53.53703022	106.90426636	-3.89152012
55.53703022	106.90426636	-3.82105621
57.53703022	106.90426636	-3.85759157
59.53703022	106.90426636	-3.87167460
61.53703022	106.90426636	-3.87778211
63.53703022	106.90426636	-3.90153790
65.53703022	106.90426636	-3.89129138
67.53703022	106.90426636	-3.86977291
69.53703022	106.90426636	-3.88510609
71.53703022	106.90426636	-3.88855624
73.53703022	106.90426636	-3.86038518
75.53703022	106.90426636	-3.85328431
77.53703022	106.90426636	-3.84684498
79.53703022	106.90426636	-3.83798937
81.53703022	106.90426636	-3.83056995
83.53703022	106.90426636	-3.81958677
85.53703022	106.90426636	-3.80993757
87.53703022	106.90426636	-3.79879058
89.53703022	106.90426636	-3.79121605
91.53703022	106.90426636	-3.78311488
93.53703022	106.90426636	-3.77916227
95.53703022	106.90426636	-3.77345058
97.53703022	106.90426636	-3.76799377
99.53703022	106.90426636	-3.76236673
101.53703022	106.90426636	-3.75534098
103.53703022	106.90426636	-3.74845475
105.53703022	106.90426636	-3.73991227
107.53703022	106.90426636	-3.73259518
109.53703022	106.90426636	-3.72393790
111.53703022	106.90426636	-3.71605619
113.53703022	106.90426636	-3.70751861
115.53703022	106.90426636	-3.70071788
117.53703022	106.90426636	-3.69759766
119.53703022	106.90426636	-3.69583313
121.53703022	106.90426636	-3.69168081
123.53703022	106.90426636	-3.70345129
125.53703022	106.90426636	-3.70948962
127.53703022	106.90426636	-3.72292384
129.53703022	106.90426636	-3.73318711
131.53703022	106.90426636	-3.74628543
133.53703022	106.90426636	-3.75827762
135.53703022	106.90426636	-3.77160932
137.53703022	106.90426636	-3.78451781
139.53703022	106.90426636	-3.79953004
141.53703022	106.90426636	-3.81444172
143.53703022	106.90426636	-3.82693378
145.53703022	106.90426636	-3.84110813
147.53703022	106.90426636	-3.88284469
149.53703022	106.90426636	-3.87876010
151.53703022	106.90426636	-3.84082294
153.53703022	106.90426636	-3.81072068
155.53703022	106.90426636	-3.79816954
157.53703022	106.90426636	-3.77955570
159.53703022	106.90426636	-3.74195503
161.53703022	106.90426636	-3.72053032
163.53703022	106.90426636	-3.72794038
165.53703022	106.90426636	-3.75164707
167.53703022	106.90426636	-3.75974341
169.53703022	106.90426636	-3.76991032
171.53703022	106.90426636	-3.78347160
173.53703022	106.90426636	-3.79434771
175.53703022	106.90426636	-3.80612403
177.53703022	106.90426636	-3.82038798
179.53703022	106.90426636	-3.82959559
181.53703022	106.90426636	-3.85148208
183.53703022	106.90426636	-3.69924474
185.53703022	106.90426636	-3.84646773
187.53703022	106.90426636	-3.84341288
189.53703022	106.90426636	-3.87115086
191.53703022	106.90426636	-3.84778139
193.53703022	106.90426636	-3.71343136
195.53703022	106.90426636	-3.76456445
197.53703022	106.90426636	-3.75584815
199.53703022	106.90426636	-3.67560230
201.53703022	106.90426636	-3.66238450
203.53703022	106.90426636	-3.64979911
205.53703022	106.90426636	-3.67187730
207.53703022	106.90426636	-3.66296051
209.53703022	106.90426636	-3.66339385
211.53703022	106.90426636	-3.65883831
213.53703022	106.90426636	-3.64671803
215.53703022	106.90426636	-3.51010203
217.53703022	106.90426636	-3.66217787
219.53703022	106.90426636	-3.67622363
221.53703022	106.90426636	-3.69296837
223.53703022	106.90426636	-3.71094203
225.53703022	106.90426636	-3.71338439
227.53703022	106.90426636	-3.71133566
229.53703022	106.90426636	-3.76551080
231.53703022	106.90426636	-3.62512708
233.53703022	106.90426636	-3.70165753
235.53703022	106.90426636	-3.71058846
237.53703022	106.90426636	-3.72464275
239.53703022	106.90426636	-3.76015484
241.53703022	106.90426636	-3.80146459
243.53703022	106.90426636	-3.80226731
245.53703022	106.90426636	-3.77310658
247.53703022	106.90426636	-3.72055548
249.53703022	106.90426636	-3.77449330
251.53703022	106.90426636	-3.70266487
253.53703022	106.90426636	-3.71398921
255.53703022	106.90426636	-3.71337494
257.53703022	106.90426636	-3.71612229
259.53703022	106.90426636	-3.72544362
261.53703022	106.90426636	-3.73644451
263.53703022	106.90426636	-3.74175879
265.53703022	106.90426636	-3.76484162
267.53703022	106.90426636	-3.77783361
269.53703022	106.90426636	-3.77771031
271.53703022	106.90426636	-3.78776121
273.53703022	106.90426636	-3.77419925
275.53703022	106.90426636	-3.76576209
277.53703022	106.90426636	-3.74983001
279.53703022	106.90426636	-3.74983001
281.53703022	106.90426636	-3.74983001
-8.46296978	108.90426636	-3.86759067
-6.46296978	108.90426636	-3.86759067
-4.46296978	108.90426636	-3.86759067
-2.46296978	108.90426636	-3.86759067
-0.46296978	108.90426636	-3.86759067
1.53703022	108.90426636	-3.86759067
3.53703022	108.90426636	-3.86759067
5.53703022	108.90426636	-3.86759067
7.53703022	108.90426636	-3.86759067
9.53703022	108.90426636	-3.86759067
11.53703022	108.90426636	-3.86759067
13.53703022	108.90426636	-3.86759067
15.53703022	108.90426636	-3.86759067
17.53703022	108.90426636	-3.86759067
19.53703022	108.90426636	-3.86759067
21.53703022	108.90426636	-3.86759067
23.53703022	108.90426636	-3.86759067
25.53703022	108.90426636	-3.86759067
27.53703022	108.90426636	-3.86759067
29.53703022	108.90426636	-3.86759067
31.53703022	108.90426636	-3.88478112
33.53703022	108.90426636	-3.87797618
35.53703022	108.90426636	-3.89011931
37.53703022	108.90426636	-3.89506912
39.53703022	108.90426636	-3.89306450
41.53703022	108.90426636	-3.90755105
43.53703022	108.90426636	-3.85689266
45.53703022	108.90426636	-3.85355120
47.53703022	108.90426636	-3.87665051
49.53703022	108.90426636	-3.86514974
51.53703022	108.90426636	-3.88923693
53.53703022	108.90426636	-3.81739222
55.53703022	108.90426636	-3.85469567
57.53703022	108.90426636	-3.75264788
59.53703022	108.90426636	-3.89218998
61.53703022	108.90426636	-3.88539791
63.53703022	108.90426636	-3.89344788
65.53703022	108.90426636	-3.90065050
67.53703022	108.90426636	-3.89101863
69.53703022	108.90426636	-3.90480423
71.53703022	108.90426636	-3.86154312
73.53703022	108.90426636	-3.85085629
75.53703022	108.90426636	-3.84882471
77.53703022	108.90426636	-3.83853874
79.53703022	108.90426636	-3.84514749
81.53703022	108.90426636	-3.82199592
83.53703022	108.90426636	-3.81450815
85.53703022	108.90426636	-3.80275836
87.53703022	108.90426636	-3.79500497
89.53703022	108.90426636	-3.78638617
91.53703022	108.90426636	-3.78089159
93.53703022	108.90426636	-3.77559489
95.53703022	108.90426636	-3.77078022
97.53703022	108.90426636	-3.76542875
99.53703022	108.90426636	-3.75803919
101.53703022	108.90426636	-3.75143741
103.53703022	108.90426636	-3.74274660
105.53703022	108.90426636	-3.73462335
107.53703022	108.90426636	-3.71964375
109.53703022	108.90426636	-3.71183809
111.53703022	108.90426636	-3.70557287
113.53703022	108.90426636	-3.70216921
115.53703022	108.90426636	-3.70033675
117.53703022	108.90426636	-3.70282964
119.53703022	108.90426636	-3.70512285
121.53703022	108.90426636	-3.71124549
123.53703022	108.90426636	-3.71930220
125.53703022	108.90426636	-3.72856218
127.53703022	108.90426636	-3.73880896
129.53703022	108.90426636	-3.74978138
131.53703022	108.90426636	-3.76138167
133.53703022	108.90426636	-3.77425555
135.53703022	108.90426636	-3.78784556
137.53703022	108.90426636	-3.80168272
139.53703022	108.90426636	-3.81294316
141.53703022	108.90426636	-3.82812983
143.53703022	108.90426636	-3.84200593
145.53703022	108.90426636	-3.86893219
147.53703022	108.90426636	-3.86981889
149.53703022	108.90426636	-3.88697767
151.53703022	108.90426636	-3.86754560
153.53703022	108.90426636	-3.87098169
155.53703022	108.90426636	-3.81593752
157.53703022	108.90426636	-3.74648770
159.53703022	108.90426636	-3.75251195
161.53703022	108.90426636	-3.74614300
163.53703022	108.90426636	-3.75930382
165.53703022	108.90426636	-3.76632330
167.53703022	108.90426636	-3.77798606
169.53703022	108.90426636	-3.78523893
171.53703022	108.90426636	-3.79613169
173.53703022	108.90426636	-3.81312235
175.53703022	108.90426636	-3.82100345
177.53703022	108.90426636	-3.83358703
179.53703022	108.90426636	-3.85575590
181.53703022	108.90426636	-3.85804287
183.53703022	108.90426636	-3.86347437
185.53703022	108.90426636	-3.85598397
187.53703022	108.90426636	-3.85139084
189.53703022	108.90426636	-3.90126681
191.53703022	108.90426636	-3.80088231
193.53703022	108.90426636	-3.77249874
195.53703022	108.90426636	-3.74851475
197.53703022	108.90426636	-3.66424912
199.53703022	108.90426636	-3.68240450
201.53703022	108.90426636	-3.60335779
203.53703022	108.90426636	-3.68073408
205.53703022	108.90426636	-3.66951274
207.53703022	108.90426636	-3.66194903
209.53703022	108.90426636	-3.60325079
211.53703022	108.90426636	-3.65746342
213.53703022	108.90426636	-3.51420331
215.53703022	108.90426636	-3.60955753
217.53703022	108.90426636	-3.63489933
219.53703022	108.90426636	-3.68234413
221.53703022	108.90426636	-3.78495002
223.53703022	108.90426636	-3.73240638
225.53703022	108.90426636	-3.67030621
227.53703022	108.90426636	-3.73846722
229.53703022	108.90426636	-3.72636867
231.53703022	108.90426636	-3.73832130
233.53703022	108.90426636	-3.72728801
235.53703022	108.90426636	-3.75895611
237.53703022	108.90426636	-3.76997980
239.53703022	108.90426636	-3.77523410
241.53703022	108.90426636	-3.77483515
243.53703022	108.90426636	-3.79621111
245.53703022	108.90426636	-3.76502538
247.53703022	108.90426636	-3.74308538
249.53703022	108.90426636	-3.70944993
251.53703022	108.90426636	-3.71784692
253.53703022	108.90426636	-3.71253355
255.53703022	108.90426636	-3.71048425
257.53703022	108.90426636	-3.71082383
259.53703022	108.90426636	-3.71506217
261.53703022	108.90426636	-3.72829178
263.53703022	108.90426636	-3.73901283
265.53703022	108.90426636	-3.75363005
267.53703022	108.90426636	-3.76519146
269.53703022	108.90426636	-3.78317536
271.53703022	108.90426636	-3.78101420
273.53703022	108.90426636	-3.78417826
275.53703022	108.90426636	-3.74571824
277.53703022	108.90426636	-3.74794817
279.53703022	108.90426636	-3.74794817
281.53703022	108.90426636	-3.74794817
-8.46296978	110.90426636	-3.87316203
-6.46296978	110.90426636	-3.87316203
-4.46296978	110.90426636	-3.87316203
-2.46296978	110.90426636	-3.87316203
-0.46296978	110.90426636	-3.87316203
1.53703022	110.90426636	-3.87316203
3.53703022	110.90426636	-3.87316203
5.53703022	110.90426636	-3.87316203
7.53703022	110.90426636	-3.87316203
9.53703022	110.90426636	-3.87316203
11.53703022	110.90426636	-3.87316203
13.53703022	110.90426636	-3.87316203
15.53703022	110.90426636	-3.87316203
17.53703022	110.90426636	-3.87316203
19.53703022	110.90426636	-3.87316203
21.53703022	110.90426636	-3.87316203
23.53703022	110.90426636	-3.87316203
25.53703022	110.90426636	-3.87316203
27.53703022	110.90426636	-3.87316203
29.53703022	110.90426636	-3.87316203
31.53703022	110.90426636	-3.88555288
33.53703022	110.90426636	-3.88907003
35.53703022	110.90426636	-3.89186549
37.53703022	110.90426636	-3.88889718
39.53703022	110.90426636	-3.87917686
41.53703022	110.90426636	-3.89170133
43.53703022	110.90426636	-3.78386450
45.53703022	110.90426636	-3.83597233
47.53703022	110.90426636	-3.86325906
49.53703022	110.90426636	-3.87682009
51.53703022	110.90426636	-3.88508010
53.53703022	110.90426636	-3.89142860
55.53703022	110.90426636	-3.87273908
57.53703022	110.90426636	-3.92231488
59.53703022	110.90426636	-3.91468477
61.53703022	110.90426636	-3.88466358
63.53703022	110.90426636	-3.89155293
65.53703022	110.90426636	-3.89541101
67.53703022	110.90426636	-3.90678191
69.53703022	110.90426636	-3.89275168
71.53703022	110.90426636	-3.87537977
73.53703022	110.90426636	-3.85602252
75.53703022	110.90426636	-3.84708980
77.53703022	110.90426636	-3.84042102
79.53703022	110.90426636	-3.83208834
81.53703022	110.90426636	-3.82305532
83.53703022	110.90426636	-3.81259456
85.53703022	110.90426636	-3.80244674
87.53703022	110.90426636	-3.79290027
89.53703022	110.90426636	-3.78538136
91.53703022	110.90426636	-3.77911534
93.53703022	110.90426636	-3.77440735
95.53703022	110.90426636	-3.76913367
97.53703022	110.90426636	-3.76363523
99.53703022	110.90426636	-3.75821062
101.53703022	110.90426636	-3.75173564
103.53703022	110.90426636	-3.74471123
105.53703022	110.90426636	-3.73612361
107.53703022	110.90426636	-3.72765098
109.53703022	110.90426636	-3.71698983
111.53703022	110.90426636	-3.70990713
113.53703022	110.90426636	-3.69133218
115.53703022	110.90426636	-3.69504484
117.53703022	110.90426636	-3.69006197
119.53703022	110.90426636	-3.69454677
121.53703022	110.90426636	-3.69596544
123.53703022	110.90426636	-3.70705853
125.53703022	110.90426636	-3.71564593
127.53703022	110.90426636	-3.72814825
129.53703022	110.90426636	-3.73934018
131.53703022	110.90426636	-3.75203598
133.53703022	110.90426636	-3.76440292
135.53703022	110.90426636	-3.77740241
137.53703022	110.90426636	-3.79067894
139.53703022	110.90426636	-3.80564530
141.53703022	110.90426636	-3.81948226
143.53703022	110.90426636	-3.83204424
145.53703022	110.90426636	-3.84160155
147.53703022	110.90426636	-3.87550107
149.53703022	110.90426636	-3.86888496
151.53703022	110.90426636	-3.86818981
153.53703022	110.90426636	-3.84606838
155.53703022	110.90426636	-3.80017690
157.53703022	110.90426636	-3.75406008
159.53703022	110.90426636	-3.55547166
161.53703022	110.90426636	-3.71276781
163.53703022	110.90426636	-3.73914272
165.53703022	110.90426636	-3.75620306
167.53703022	110.90426636	-3.76933307
169.53703022	110.90426636	-3.77953167
171.53703022	110.90426636	-3.79288479
173.53703022	110.90426636	-3.80630301
175.53703022	110.90426636	-3.81472021
177.53703022	110.90426636	-3.82926017
179.53703022	110.90426636	-3.84001565
181.53703022	110.90426636	-3.85437536
183.53703022	110.90426636	-3.86334419
185.53703022	110.90426636	-3.85378146
187.53703022	110.90426636	-3.86135340
189.53703022	110.90426636	-3.88247585
191.53703022	110.90426636	-3.83096690
193.53703022	110.90426636	-3.77357203
195.53703022	110.90426636	-3.76346688
197.53703022	110.90426636	-3.74645446
199.53703022	110.90426636	-3.65788244
201.53703022	110.90426636	-3.64426961
203.53703022	110.90426636	-3.66050912
205.53703022	110.90426636	-3.67156220
207.53703022	110.90426636	-3.66459822
209.53703022	110.90426636	-3.66252886
211.53703022	110.90426636	-3.65865179
213.53703022	110.90426636	-3.64942965
215.53703022	110.90426636	-3.62785025
217.53703022	110.90426636	-3.66697295
219.53703022	110.90426636	-3.70525634
221.53703022	110.90426636	-3.71870023
223.53703022	110.90426636	-3.70482469
225.53703022	110.90426636	-3.71398497
227.53703022	110.90426636	-3.73070621
229.53703022	110.90426636	-3.72959352
231.53703022	110.90426636	-3.72105351
233.53703022	110.90426636	-3.76960952
235.53703022	110.90426636	-3.75902583
237.53703022	110.90426636	-3.79856110
239.53703022	110.90426636	-3.76193019
241.53703022	110.90426636	-3.79441127
243.53703022	110.90426636	-3.73292496
245.53703022	110.90426636	-3.81941009
247.53703022	110.90426636	-3.69155693
249.53703022	110.90426636	-3.73355406
251.53703022	110.90426636	-3.70098197
253.53703022	110.90426636	-3.71402002
255.53703022	110.90426636	-3.70949216
257.53703022	110.90426636	-3.70837766
259.53703022	110.90426636	-3.72180954
261.53703022	110.90426636	-3.72859443
263.53703022	110.90426636	-3.74097488
265.53703022	110.90426636	-3.75685362
267.53703022	110.90426636	-3.77547637
269.53703022	110.90426636	-3.77195608
271.53703022	110.90426636	-3.77339874
273.53703022	110.90426636	-3.77742195
275.53703022	110.90426636	-3.74761701
277.53703022	110.90426636	-3.76590943
279.53703022	110.90426636	-3.76590943
281.53703022	110.90426636	-3.76590943
-8.46296978	112.90426636	-3.88589144
-6.46296978	112.90426636	-3.88589144
-4.46296978	112.90426636	-3.88589144
-2.46296978	112.90426636	-3.88589144
-0.46296978	112.90426636	-3.88589144
1.53703022	112.90426636	-3.88589144
3.53703022	112.90426636	-3.88589144
5.53703022	112.90426636	-3.88589144
7.53703022	112.90426636	-3.88589144
9.53703022	112.90426636	-3.88589144
11.53703022	112.90426636	-3.88589144
13.53703022	112.90426636	-3.88589144
15.53703022	112.90426636	-3.88589144
17.53703022	112.90426636	-3.88589144
19.53703022	112.90426636	-3.88589144
21.53703022	112.90426636	-3.88589144
23.53703022	112.90426636	-3.88589144
25.53703022	112.90426636	-3.88589144
27.53703022	112.90426636	-3.88589144
29.53703022	112.90426636	-3.88589144
31.53703022	112.90426636	-3.88589144
33.53703022	112.90426636	-3.88243103
35.53703022	112.90426636	-3.89551091
37.53703022	112.90426636	-3.89775741
39.53703022	112.90426636	-3.87021995
41.53703022	112.90426636	-3.80731606
43.53703022	112.90426636	-3.86629057
45.53703022	112.90426636	-3.86723471
47.53703022	112.90426636	-3.82542706
49.53703022	112.90426636	-3.87413173
51.53703022	112.90426636	-3.86542225
53.53703022	112.90426636	-3.87961292
55.53703022	112.90426636	-3.86603737
57.53703022	112.90426636	-3.90855074
59.53703022	112.90426636	-3.89614749
61.53703022	112.90426636	-3.89581919
63.53703022	112.90426636	-3.89122393
65.53703022	112.90426636	-3.89999160
67.53703022	112.90426636	-3.88619778
69.53703022	112.90426636	-3.89103150
71.53703022	112.90426636	-3.86526768
73.53703022	112.90426636	-3.86128652
75.53703022	112.90426636	-3.85487995
77.53703022	112.90426636	-3.84520241
79.53703022	112.90426636	-3.84732345
81.53703022	112.90426636	-3.82732422
83.53703022	112.90426636	-3.81963398
85.53703022	112.90426636	-3.80630339
87.53703022	112.90426636	-3.79881350
89.53703022	112.90426636	-3.78941782
91.53703022	112.90426636	-3.78462224
93.53703022	112.90426636	-3.77872030
95.53703022	112.90426636	-3.77360957
97.53703022	112.90426636	-3.76820099
99.53703022	112.90426636	-3.76111751
101.53703022	112.90426636	-3.75467642
103.53703022	112.90426636	-3.74649613
105.53703022	112.90426636	-3.73937415
107.53703022	112.90426636	-3.72714601
109.53703022	112.90426636	-3.72034124
111.53703022	112.90426636	-3.70978734
113.53703022	112.90426636	-3.70206076
115.53703022	112.90426636	-3.70102590
117.53703022	112.90426636	-3.70069788
119.53703022	112.90426636	-3.70466365
121.53703022	112.90426636	-3.71008884
123.53703022	112.90426636	-3.71649505
125.53703022	112.90426636	-3.72566365
127.53703022	112.90426636	-3.73490206
129.53703022	112.90426636	-3.74606489
131.53703022	112.90426636	-3.75746307
133.53703022	112.90426636	-3.77046871
135.53703022	112.90426636	-3.78353603
137.53703022	112.90426636	-3.79753745
139.53703022	112.90426636	-3.81049275
141.53703022	112.90426636	-3.82551501
143.53703022	112.90426636	-3.83764933
145.53703022	112.90426636	-3.86580469
147.53703022	112.90426636	-3.86219506
149.53703022	112.90426636	-3.87140680
151.53703022	112.90426636	-3.85368347
153.53703022	112.90426636	-3.82993484
155.53703022	112.90426636	-3.83724546
157.53703022	112.90426636	-3.75018419
159.53703022	112.90426636	-3.74615310
161.53703022	112.90426636	-3.73163130
163.53703022	112.90426636	-3.75295163
165.53703022	112.90426636	-3.75639473
167.53703022	112.90426636	-3.77300546
169.53703022	112.90426636	-3.77914424
171.53703022	112.90426636	-3.79255943
173.53703022	112.90426636	-3.80242172
175.53703022	112.90426636	-3.81429190
177.53703022	112.90426636	-3.86611295
179.53703022	112.90426636	-3.85863519
181.53703022	112.90426636	-3.86162925
183.53703022	112.90426636	-3.86998606
185.53703022	112.90426636	-3.85631323
187.53703022	112.90426636	-3.85879517
189.53703022	112.90426636	-3.86579180
191.53703022	112.90426636	-3.80599640
193.53703022	112.90426636	-3.79409516
195.53703022	112.90426636	-3.76028032
197.53703022	112.90426636	-3.66330975
199.53703022	112.90426636	-3.71524613
201.53703022	112.90426636	-3.64621624
203.53703022	112.90426636	-3.69684884
205.53703022	112.90426636	-3.66232616
207.53703022	112.90426636	-3.68048378
209.53703022	112.90426636	-3.61794829
211.53703022	112.90426636	-3.65726209
213.53703022	112.90426636	-3.60300990
215.53703022	112.90426636	-3.63693777
217.53703022	112.90426636	-3.67030344
219.53703022	112.90426636	-3.70402801
221.53703022	112.90426636	-3.71027839
223.53703022	112.90426636	-3.58939171
225.53703022	112.90426636	-3.72105432
227.53703022	112.90426636	-3.72949150
229.53703022	112.90426636	-3.72825167
231.53703022	112.90426636	-3.73799488
233.53703022	112.90426636	-3.68311238
235.53703022	112.90426636	-3.74187708
237.53703022	112.90426636	-3.77840400
239.53703022	112.90426636	-3.76897637
241.53703022	112.90426636	-3.76880986
243.53703022	112.90426636	-3.79432330
245.53703022	112.90426636	-3.74011562
247.53703022	112.90426636	-3.73329287
249.53703022	112.90426636	-3.70938984
251.53703022	112.90426636	-3.71874103
253.53703022	112.90426636	-3.71626443
255.53703022	112.90426636	-3.71077423
257.53703022	112.90426636	-3.72534696
259.53703022	112.90426636	-3.71800028
261.53703022	112.90426636	-3.74428761
263.53703022	112.90426636	-3.74211106
265.53703022	112.90426636	-3.76588022
267.53703022	112.90426636	-3.77370807
269.53703022	112.90426636	-3.78178628
271.53703022	112.90426636	-3.75932366
273.53703022	112.90426636	-3.79552698
275.53703022	112.90426636	-3.75057650
277.53703022	112.90426636	-3.74185348
279.53703022	112.90426636	-3.75196290
281.53703022	112.90426636	-3.75196290
-8.46296978	114.90426636	-3.87912519
-6.46296978	114.90426636	-3.87946047
-4.46296978	114.90426636	-3.87610302
-2.46296978	114.90426636	-3.87602610
-0.46296978	114.90426636	-3.87600581
1.53703022	114.90426636	-3.87600583
3.53703022	114.90426636	-3.87600583
5.53703022	114.90426636	-3.87600583
7.53703022	114.90426636	-3.87600583
9.53703022	114.90426636	-3.87600583
11.53703022	114.90426636	-3.87600583
13.53703022	114.90426636	-3.87600583
15.53703022	114.90426636	-3.87600583
17.53703022	114.90426636	-3.87600583
19.53703022	114.90426636	-3.87600583
21.53703022	114.90426636	-3.87600583
23.53703022	114.90426636	-3.87600582
25.53703022	114.90426636	-3.87600581
27.53703022	114.90426636	-3.88232516
29.53703022	114.90426636	-3.88411894
31.53703022	114.90426636	-3.88746670
33.53703022	114.90426636	-3.88697499
35.53703022	114.90426636	-3.84340358
37.53703022	114.90426636	-3.86790085
39.53703022	114.90426636	-3.86727977
41.53703022	114.90426636	-3.86827612
43.53703022	114.90426636	-3.86828399
45.53703022	114.90426636	-3.87942314
47.53703022	114.90426636	-3.87657857
49.53703022	114.90426636	-3.88369608
51.53703022	114.90426636	-3.89947414
53.53703022	114.90426636	-3.87870979
55.53703022	114.90426636	-3.88012648
57.53703022	114.90426636	-3.90425396
59.53703022	114.90426636	-3.88968276
61.53703022	114.90426636	-3.88955949
63.53703022	114.90426636	-3.89492468
65.53703022	114.90426636	-3.87771893
67.53703022	114.90426636	-3.87940762
69.53703022	114.90426636	-3.85616827
71.53703022	114.90426636	-3.85651652
73.53703022	114.90426636	-3.83581681
75.53703022	114.90426636	-3.83327854
77.53703022	114.90426636	-3.82253071
79.53703022	114.90426636	-3.81270154
81.53703022	114.90426636	-3.79476945
83.53703022	114.90426636	-3.78915800
85.53703022	114.90426636	-3.78091825
87.53703022	114.90426636	-3.77541426
89.53703022	114.90426636	-3.77364863
91.53703022	114.90426636	-3.77059926
93.53703022	114.90426636	-3.76869387
95.53703022	114.90426636	-3.77186224
97.53703022	114.90426636	-3.76986586
99.53703022	114.90426636	-3.78027921
101.53703022	114.90426636	-3.77869711
103.53703022	114.90426636	-3.78745246
105.53703022	114.90426636	-3.78280688
107.53703022	114.90426636	-3.79445832
109.53703022	114.90426636	-3.78455177
111.53703022	114.90426636	-3.77170950
113.53703022	114.90426636	-3.77371072
115.53703022	114.90426636	-3.78945276
117.53703022	114.90426636	-3.35501194
119.53703022	114.90426636	-3.77268615
121.53703022	114.90426636	-3.72329839
123.53703022	114.90426636	-3.78219661
125.53703022	114.90426636	-3.75427396
127.53703022	114.90426636	-3.78278862
129.53703022	114.90426636	-3.77997564
131.53703022	114.90426636	-3.79731917
133.53703022	114.90426636	-3.80936018
135.53703022	114.90426636	-3.81805995
137.53703022	114.90426636	-3.83046065
139.53703022	114.90426636	-3.84352810
141.53703022	114.90426636	-3.85386221
143.53703022	114.90426636	-3.85468232
145.53703022	114.90426636	-3.86822827
147.53703022	114.90426636	-3.88906958
149.53703022	114.90426636	-3.70395541
151.53703022	114.90426636	-3.86281013
153.53703022	114.90426636	-3.84096551
155.53703022	114.90426636	-3.83002543
157.53703022	114.90426636	-3.74174213
159.53703022	114.90426636	-3.80770040
161.53703022	114.90426636	-3.85096639
163.53703022	114.90426636	-3.84139395
165.53703022	114.90426636	-3.57902765
167.53703022	114.90426636	-3.86014252
169.53703022	114.90426636	-3.85693576
171.53703022	114.90426636	-3.87020972
173.53703022	114.90426636	-3.82912418
175.53703022	114.90426636	-3.89036965
177.53703022	114.90426636	-3.87271166
179.53703022	114.90426636	-3.85048270
181.53703022	114.90426636	-3.83481574
183.53703022	114.90426636	-3.85501814
185.53703022	114.90426636	-3.86897230
187.53703022	114.90426636	-3.82509923
189.53703022	114.90426636	-3.86087108
191.53703022	114.90426636	-3.88287234
193.53703022	114.90426636	-3.83029256
195.53703022	114.90426636	-3.82748381
197.53703022	114.90426636	-3.81031064
199.53703022	114.90426636	-3.81023606
201.53703022	114.90426636	-3.77706941
203.53703022	114.90426636	-3.77226598
205.53703022	114.90426636	-3.75372922
207.53703022	114.90426636	-3.74357424
209.53703022	114.90426636	-3.73971632
211.53703022	114.90426636	-3.72029388
213.53703022	114.90426636	-3.74232262
215.53703022	114.90426636	-3.74880819
217.53703022	114.90426636	-3.79841386
219.53703022	114.90426636	-3.65242338
221.53703022	114.90426636	-3.80217976
223.53703022	114.90426636	-3.78788430
225.53703022	114.90426636	-3.79708866
227.53703022	114.90426636	-3.77793435
229.53703022	114.90426636	-3.84451485
231.53703022	114.90426636	-3.82199287
233.53703022	114.90426636	-3.77586280
235.53703022	114.90426636	-3.76306419
237.53703022	114.90426636	-3.76118780
239.53703022	114.90426636	-3.75476610
241.53703022	114.90426636	-3.75972280
243.53703022	114.90426636	-3.74025116
245.53703022	114.90426636	-3.75595850
247.53703022	114.90426636	-3.73565916
249.53703022	114.90426636	-3.75428739
251.53703022	114.90426636	-3.73752009
253.53703022	114.90426636	-3.74814273
255.53703022	114.90426636	-3.74564702
257.53703022	114.90426636	-3.75340430
259.53703022	114.90426636	-3.75823354
261.53703022	114.90426636	-3.76266404
263.53703022	114.90426636	-3.76338831
265.53703022	114.90426636	-3.77525570
267.53703022	114.90426636	-3.82472974
269.53703022	114.90426636	-3.77336484
271.53703022	114.90426636	-3.69649220
273.53703022	114.90426636	-3.78640747
275.53703022	114.90426636	-3.77848673
277.53703022	114.90426636	-3.74972367
279.53703022	114.90426636	-3.73442101
281.53703022	114.90426636	-3.73442101
-8.46296978	116.90426636	-3.86659765
-6.46296978	116.90426636	-3.86659765
-4.46296978	116.90426636	-3.86659765
-2.46296978	116.90426636	-3.86659765
-0.46296978	116.90426636	-3.86659765
1.53703022	116.90426636	-3.86659765
3.53703022	116.90426636	-3.86659765
5.53703022	116.90426636	-3.86659765
7.53703022	116.90426636	-3.86659765
9.53703022	116.90426636	-3.86659765
11.53703022	116.90426636	-3.86659765
13.53703022	116.90426636	-3.86659765
15.53703022	116.90426636	-3.86659765
17.53703022	116.90426636	-3.86659765
19.53703022	116.90426636	-3.86659765
21.53703022	116.90426636	-3.86659765
23.53703022	116.90426636	-3.86659765
25.53703022	116.90426636	-3.86659765
27.53703022	116.90426636	-3.86659765
29.53703022	116.90426636	-3.86659765
31.53703022	116.90426636	-3.86659765
33.53703022	116.90426636	-3.86659765
35.53703022	116.90426636	-3.86854029
37.53703022	116.90426636	-3.86506629
39.53703022	116.90426636	-3.87180996
41.53703022	116.90426636	-3.87286520
43.53703022	116.90426636	-3.86440873
45.53703022	116.90426636	-3.85706592
47.53703022	116.90426636	-3.87257171
49.53703022	116.90426636	-3.87742686
51.53703022	116.90426636	-3.89934278
53.53703022	116.90426636	-3.85775089
55.53703022	116.90426636	-3.90141845
57.53703022	116.90426636	-3.87102866
59.53703022	116.90426636	-3.82167022
61.53703022	116.90426636	-3.82639962
63.53703022	116.90426636	-3.81386785
65.53703022	116.90426636	-3.81324802
67.53703022	116.90426636	-3.80460035
69.53703022	116.90426636	-3.80147419
71.53703022	116.90426636	-3.79497598
73.53703022	116.90426636	-3.79211981
75.53703022	116.90426636	-3.78680148
77.53703022	116.90426636	-3.78336014
79.53703022	116.90426636	-3.77893150
81.53703022	116.90426636	-3.77569433
83.53703022	116.90426636	-3.77096532
85.53703022	116.90426636	-3.76903428
87.53703022	116.90426636	-3.76689632
89.53703022	116.90426636	-3.76761463
91.53703022	116.90426636	-3.76413381
93.53703022	116.90426636	-3.76873848
95.53703022	116.90426636	-3.76055584
97.53703022	116.90426636	-3.77465432
99.53703022	116.90426636	-3.77187421
101.53703022	116.90426636	-3.78365147
103.53703022	116.90426636	-3.78787783
105.53703022	116.90426636	-3.78409757
107.53703022	116.90426636	-3.78545117
109.53703022	116.90426636	-3.78202255
111.53703022	116.90426636	-3.78042919
113.53703022	116.90426636	-3.77059788
115.53703022	116.90426636	-3.75127646
117.53703022	116.90426636	-3.78635898
119.53703022	116.90426636	-3.76991756
121.53703022	116.90426636	-3.78124397
123.53703022	116.90426636	-3.75643371
125.53703022	116.90426636	-3.75827199
127.53703022	116.90426636	-3.75795638
129.53703022	116.90426636	-3.76318463
131.53703022	116.90426636	-3.77397714
133.53703022	116.90426636	-3.78550964
135.53703022	116.90426636	-3.80206521
137.53703022	116.90426636	-3.81391494
139.53703022	116.90426636	-3.82628998
141.53703022	116.90426636	-3.83570679
143.53703022	116.90426636	-3.84839548
145.53703022	116.90426636	-3.85545874
147.53703022	116.90426636	-3.86402451
149.53703022	116.90426636	-3.89560169
151.53703022	116.90426636	-3.91390610
153.53703022	116.90426636	-3.82808661
155.53703022	116.90426636	-3.86298919
157.53703022	116.90426636	-3.83630109
159.53703022	116.90426636	-3.83864212
161.53703022	116.90426636	-3.83664751
163.53703022	116.90426636	-3.86504565
165.53703022	116.90426636	-3.75388193
167.53703022	116.90426636	-3.85777521
169.53703022	116.90426636	-3.87629811
171.53703022	116.90426636	-3.90296340
173.53703022	116.90426636	-3.87625146
175.53703022	116.90426636	-3.88045931
177.53703022	116.90426636	-3.88306546
179.53703022	116.90426636	-3.83613563
181.53703022	116.90426636	-3.85406590
183.53703022	116.90426636	-3.81876393
185.53703022	116.90426636	-3.82624225
187.53703022	116.90426636	-3.84447429
189.53703022	116.90426636	-3.86994738
191.53703022	116.90426636	-3.87812495
193.53703022	116.90426636	-3.86876259
195.53703022	116.90426636	-3.85222699
197.53703022	116.90426636	-3.82669811
199.53703022	116.90426636	-3.80205989
201.53703022	116.90426636	-3.78833474
203.53703022	116.90426636	-3.77149697
205.53703022	116.90426636	-3.76317012
207.53703022	116.90426636	-3.75569226
209.53703022	116.90426636	-3.75028933
211.53703022	116.90426636	-3.74637553
213.53703022	116.90426636	-3.74245058
215.53703022	116.90426636	-3.74759809
217.53703022	116.90426636	-3.73959869
219.53703022	116.90426636	-3.79910194
221.53703022	116.90426636	-3.81103378
223.53703022	116.90426636	-3.81726967
225.53703022	116.90426636	-3.82861328
227.53703022	116.90426636	-3.82150602
229.53703022	116.90426636	-3.84496069
231.53703022	116.90426636	-3.79104629
233.53703022	116.90426636	-3.76781478
235.53703022	116.90426636	-3.75925632
237.53703022	116.90426636	-3.75220789
239.53703022	116.90426636	-3.74923033
241.53703022	116.90426636	-3.74272109
243.53703022	116.90426636	-3.74374607
245.53703022	116.90426636	-3.73742293
247.53703022	116.90426636	-3.74020232
249.53703022	116.90426636	-3.73643770
251.53703022	116.90426636	-3.74016911
253.53703022	116.90426636	-3.74230799
255.53703022	116.90426636	-3.75010441
257.53703022	116.90426636	-3.75185310
259.53703022	116.90426636	-3.75568834
261.53703022	116.90426636	-3.75888994
263.53703022	116.90426636	-3.76305556
265.53703022	116.90426636	-3.76755177
267.53703022	116.90426636	-3.77388347
269.53703022	116.90426636	-3.83303603
271.53703022	116.90426636	-3.80546524
273.53703022	116.90426636	-3.79049110
275.53703022	116.90426636	-3.76227593
277.53703022	116.90426636	-3.74740696
279.53703022	116.90426636	-3.83302274
281.53703022	116.90426636	-3.86768198
-8.46296978	118.90426636	-3.90114570
-6.46296978	118.90426636	-3.90114570
-4.46296978	118.90426636	-3.90114570
-2.46296978	118.90426636	-3.90114570
-0.46296978	118.90426636	-3.90114570
1.53703022	118.90426636	-3.90114570
3.53703022	118.90426636	-3.90114570
5.53703022	118.90426636	-3.90114570
7.53703022	118.90426636	-3.90114570
9.53703022	118.90426636	-3.90114570
11.53703022	118.90426636	-3.90114570
13.53703022	118.90426636	-3.90114570
15.53703022	118.90426636	-3.90114570
17.53703022	118.90426636	-3.90114570
19.53703022	118.90426636	-3.90114570
21.53703022	118.90426636	-3.90114570
23.53703022	118.90426636	-3.90114570
25.53703022	118.90426636	-3.90114570
27.53703022	118.90426636	-3.90114570
29.53703022	118.90426636	-3.90114570
31.53703022	118.90426636	-3.90114570
33.53703022	118.90426636	-3.90114570
35.53703022	118.90426636	-3.88167429
37.53703022	118.90426636	-3.88365602
39.53703022	118.90426636	-3.88008285
41.53703022	118.90426636	-3.88163948
43.53703022	118.90426636	-3.87226081
45.53703022	118.90426636	-3.87142229
47.53703022	118.90426636	-3.87173104
49.53703022	118.90426636	-3.87806344
51.53703022	118.90426636	-3.88247299
53.53703022	118.90426636	-3.76071259
55.53703022	118.90426636	-3.81204553
57.53703022	118.90426636	-3.82059951
59.53703022	118.90426636	-3.82527511
61.53703022	118.90426636	-3.82085061
63.53703022	118.90426636	-3.81798112
65.53703022	118.90426636	-3.81206921
67.53703022	118.90426636	-3.80791557
69.53703022	118.90426636	-3.80251608
71.53703022	118.90426636	-3.79777024
73.53703022	118.90426636	-3.79286251
75.53703022	118.90426636	-3.78851199
77.53703022	118.90426636	-3.78478484
79.53703022	118.90426636	-3.78229008
81.53703022	118.90426636	-3.77816823
83.53703022	118.90426636	-3.77555021
85.53703022	118.90426636	-3.76834444
87.53703022	118.90426636	-3.76642371
89.53703022	118.90426636	-3.76214568
91.53703022	118.90426636	-3.76489201
93.53703022	118.90426636	-3.76450538
95.53703022	118.90426636	-3.76921052
97.53703022	118.90426636	-3.77069434
99.53703022	118.90426636	-3.77790079
101.53703022	118.90426636	-3.78231284
103.53703022	118.90426636	-3.79008092
105.53703022	118.90426636	-3.79335121
107.53703022	118.90426636	-3.80207643
109.53703022	118.90426636	-3.80164965
111.53703022	118.90426636	-3.79013231
113.53703022	118.90426636	-3.78588586
115.53703022	118.90426636	-3.80107411
117.53703022	118.90426636	-3.70336724
119.53703022	118.90426636	-3.81596708
121.53703022	118.90426636	-3.76054061
123.53703022	118.90426636	-3.77683575
125.53703022	118.90426636	-3.76319713
127.53703022	118.90426636	-3.77773572
129.53703022	118.90426636	-3.78284178
131.53703022	118.90426636	-3.79819184
133.53703022	118.90426636	-3.81508307
135.53703022	118.90426636	-3.83042955
137.53703022	118.90426636	-3.84854740
139.53703022	118.90426636	-3.85674824
141.53703022	118.90426636	-3.86780794
143.53703022	118.90426636	-3.85744400
145.53703022	118.90426636	-3.86849539
147.53703022	118.90426636	-3.89269636
149.53703022	118.90426636	-3.89017364
151.53703022	118.90426636	-3.92228174
153.53703022	118.90426636	-3.88462067
155.53703022	118.90426636	-3.84426665
157.53703022	118.90426636	-3.82714486
159.53703022	118.90426636	-3.83340383
161.53703022	118.90426636	-3.86385965
163.53703022	118.90426636	-3.86847758
165.53703022	118.90426636	-3.87150073
167.53703022	118.90426636	-3.85908079
169.53703022	118.90426636	-3.87782955
171.53703022	118.90426636	-3.87824798
173.53703022	118.90426636	-3.86031795
175.53703022	118.90426636	-3.88199067
177.53703022	118.90426636	-3.77308317
179.53703022	118.90426636	-3.66281319
181.53703022	118.90426636	-3.82202536
183.53703022	118.90426636	-3.82586139
185.53703022	118.90426636	-3.84583402
187.53703022	118.90426636	-3.87524676
189.53703022	118.90426636	-3.87306919
191.53703022	118.90426636	-3.88663626
193.53703022	118.90426636	-3.87281537
195.53703022	118.90426636	-3.84020031
197.53703022	118.90426636	-3.80656149
199.53703022	118.90426636	-3.80070787
201.53703022	118.90426636	-3.77516273
203.53703022	118.90426636	-3.77005876
205.53703022	118.90426636	-3.75933728
207.53703022	118.90426636	-3.75575618
209.53703022	118.90426636	-3.75503391
211.53703022	118.90426636	-3.74865985
213.53703022	118.90426636	-3.76184703
215.53703022	118.90426636	-3.76276504
217.53703022	118.90426636	-3.81542251
219.53703022	118.90426636	-3.81486152
221.53703022	118.90426636	-3.85696936
223.53703022	118.90426636	-3.81368017
225.53703022	118.90426636	-3.81169176
227.53703022	118.90426636	-3.78739358
229.53703022	118.90426636	-3.79887638
231.53703022	118.90426636	-3.78001812
233.53703022	118.90426636	-3.76642200
235.53703022	118.90426636	-3.75845985
237.53703022	118.90426636	-3.75534229
239.53703022	118.90426636	-3.75078168
241.53703022	118.90426636	-3.75145097
243.53703022	118.90426636	-3.74324375
245.53703022	118.90426636	-3.74833132
247.53703022	118.90426636	-3.74103889
249.53703022	118.90426636	-3.74806813
251.53703022	118.90426636	-3.74532869
253.53703022	118.90426636	-3.75385841
255.53703022	118.90426636	-3.75540535
257.53703022	118.90426636	-3.76030617
259.53703022	118.90426636	-3.76491004
261.53703022	118.90426636	-3.76737295
263.53703022	118.90426636	-3.76729965
265.53703022	118.90426636	-3.77715287
267.53703022	118.90426636	-3.83182349
269.53703022	118.90426636	-3.80966097
271.53703022	118.90426636	-3.88589764
273.53703022	118.90426636	-3.78120399
275.53703022	118.90426636	-3.76601601
277.53703022	118.90426636	-3.76607108
279.53703022	118.90426636	-3.82758644
281.53703022	118.90426636	-3.88638163
-8.46296978	120.90426636	-3.88053341
-6.46296978	120.90426636	-3.88014591
-4.46296978	120.90426636	-3.88007348
-2.46296978	120.90426636	-3.88003300
-0.46296978	120.90426636	-3.88003021
1.53703022	120.90426636	-3.88002953
3.53703022	120.90426636	-3.88002934
5.53703022	120.90426636	-3.88002931
7.53703022	120.90426636	-3.88002931
9.53703022	120.90426636	-3.88002931
11.53703022	120.90426636	-3.88002931
13.53703022	120.90426636	-3.88002931
15.53703022	120.90426636	-3.88002931
17.53703022	120.90426636	-3.88002932
19.53703022	120.90426636	-3.88002937
21.53703022	120.90426636	-3.88002941
23.53703022	120.90426636	-3.88002944
25.53703022	120.90426636	-3.87992881
27.53703022	120.90426636	-3.87988285
29.53703022	120.90426636	-3.87930587
31.53703022	120.90426636	-3.87977011
33.53703022	120.90426636	-3.88831100
35.53703022	120.90426636	-3.87546794
37.53703022	120.90426636	-3.89287043
39.53703022	120.90426636	-3.86820149
41.53703022	120.90426636	-3.88228703
43.53703022	120.90426636	-3.85936046
45.53703022	120.90426636	-3.84797192
47.53703022	120.90426636	-3.84745836
49.53703022	120.90426636	-3.88791442
51.53703022	120.90426636	-3.67516851
53.53703022	120.90426636	-3.81851113
55.53703022	120.90426636	-3.82863396
57.53703022	120.90426636	-3.83023171
59.53703022	120.90426636	-3.81629967
61.53703022	120.90426636	-3.81743084
63.53703022	120.90426636	-3.81018902
65.53703022	120.90426636	-3.80790737
67.53703022	120.90426636	-3.80232264
69.53703022	120.90426636	-3.79890155
71.53703022	120.90426636	-3.79431511
73.53703022	120.90426636	-3.79141291
75.53703022	120.90426636	-3.78745474
77.53703022	120.90426636	-3.78421120
79.53703022	120.90426636	-3.78120562
81.53703022	120.90426636	-3.78020886
83.53703022	120.90426636	-3.76904968
85.53703022	120.90426636	-3.76820714
87.53703022	120.90426636	-3.75456533
89.53703022	120.90426636	-3.76854000
91.53703022	120.90426636	-3.76187214
93.53703022	120.90426636	-3.77500639
95.53703022	120.90426636	-3.77155869
97.53703022	120.90426636	-3.78374627
99.53703022	120.90426636	-3.78505404
101.53703022	120.90426636	-3.79740128
103.53703022	120.90426636	-3.80039062
105.53703022	120.90426636	-3.82106832
107.53703022	120.90426636	-3.83183990
109.53703022	120.90426636	-3.79810115
111.53703022	120.90426636	-3.79301217
113.53703022	120.90426636	-3.87234282
115.53703022	120.90426636	-3.82230377
117.53703022	120.90426636	-3.79331493
119.53703022	120.90426636	-3.80305368
121.53703022	120.90426636	-3.78279805
123.53703022	120.90426636	-3.76855432
125.53703022	120.90426636	-3.76768321
127.53703022	120.90426636	-3.77160097
129.53703022	120.90426636	-3.77680949
131.53703022	120.90426636	-3.78855951
133.53703022	120.90426636	-3.80312240
135.53703022	120.90426636	-3.82324118
137.53703022	120.90426636	-3.83723148
139.53703022	120.90426636	-3.85562740
141.53703022	120.90426636	-3.85846950
143.53703022	120.90426636	-3.86679832
145.53703022	120.90426636	-3.87386292
147.53703022	120.90426636	-3.87548176
149.53703022	120.90426636	-3.88823605
151.53703022	120.90426636	-3.90204501
153.53703022	120.90426636	-3.88339043
155.53703022	120.90426636	-3.86352992
157.53703022	120.90426636	-3.86808920
159.53703022	120.90426636	-3.86732030
161.53703022	120.90426636	-3.84683323
163.53703022	120.90426636	-3.84676290
165.53703022	120.90426636	-3.83607769
167.53703022	120.90426636	-3.86486125
169.53703022	120.90426636	-3.86005783
171.53703022	120.90426636	-3.89287663
173.53703022	120.90426636	-3.89216733
175.53703022	120.90426636	-3.77978706
177.53703022	120.90426636	-3.73297573
179.53703022	120.90426636	-3.72690829
181.53703022	120.90426636	-3.78121357
183.53703022	120.90426636	-3.80814636
185.53703022	120.90426636	-3.82822717
187.53703022	120.90426636	-3.84800303
189.53703022	120.90426636	-3.87329167
191.53703022	120.90426636	-3.87371695
193.53703022	120.90426636	-3.88647532
195.53703022	120.90426636	-3.85131648
197.53703022	120.90426636	-3.81907022
199.53703022	120.90426636	-3.80009348
201.53703022	120.90426636	-3.78264441
203.53703022	120.90426636	-3.77077570
205.53703022	120.90426636	-3.76216785
207.53703022	120.90426636	-3.75743100
209.53703022	120.90426636	-3.75208941
211.53703022	120.90426636	-3.75252162
213.53703022	120.90426636	-3.75097064
215.53703022	120.90426636	-3.75197398
217.53703022	120.90426636	-3.70018578
219.53703022	120.90426636	-3.81907749
221.53703022	120.90426636	-3.79376769
223.53703022	120.90426636	-3.81532285
225.53703022	120.90426636	-3.67866302
227.53703022	120.90426636	-3.80532121
229.53703022	120.90426636	-3.80595688
231.53703022	120.90426636	-3.77934444
233.53703022	120.90426636	-3.76386911
235.53703022	120.90426636	-3.75656368
237.53703022	120.90426636	-3.75111932
239.53703022	120.90426636	-3.74838437
241.53703022	120.90426636	-3.74418776
243.53703022	120.90426636	-3.74280126
245.53703022	120.90426636	-3.74096504
247.53703022	120.90426636	-3.74050044
249.53703022	120.90426636	-3.73967957
251.53703022	120.90426636	-3.74207420
253.53703022	120.90426636	-3.74675792
255.53703022	120.90426636	-3.75221503
257.53703022	120.90426636	-3.75557124
259.53703022	120.90426636	-3.75918058
261.53703022	120.90426636	-3.76286185
263.53703022	120.90426636	-3.76719772
265.53703022	120.90426636	-3.77452357
267.53703022	120.90426636	-3.77787335
269.53703022	120.90426636	-3.84391521
271.53703022	120.90426636	-3.81072599
273.53703022	120.90426636	-3.79585767
275.53703022	120.90426636	-3.76464462
277.53703022	120.90426636	-3.75508952
279.53703022	120.90426636	-3.84689048
281.53703022	120.90426636	-3.84436565
-8.46296978	122.90426636	-3.88629575
-6.46296978	122.90426636	-3.88579889
-4.46296978	122.90426636	-3.88571589
-2.46296978	122.90426636	-3.88560899
-0.46296978	122.90426636	-3.88558060
1.53703022	122.90426636	-3.88557370
3.53703022	122.90426636	-3.88557192
5.53703022	122.90426636	-3.88557151
7.53703022	122.90426636	-3.88557141
9.53703022	122.90426636	-3.88557139
11.53703022	122.90426636	-3.88557138
13.53703022	122.90426636	-3.88557138
15.53703022	122.90426636	-3.88557139
17.53703022	122.90426636	-3.88557139
19.53703022	122.90426636	-3.88557139
21.53703022	122.90426636	-3.88557142
23.53703022	122.90426636	-3.88557150
25.53703022	122.90426636	-3.88557166
27.53703022	122.90426636	-3.88557193
29.53703022	122.90426636	-3.88555073
31.53703022	122.90426636	-3.88516260
33.53703022	122.90426636	-3.88326793
35.53703022	122.90426636	-3.88815229
37.53703022	122.90426636	-3.88165808
39.53703022	122.90426636	-3.86108017
41.53703022	122.90426636	-3.86015534
43.53703022	122.90426636	-3.85636282
45.53703022	122.90426636	-3.85460305
47.53703022	122.90426636	-3.86810131
49.53703022	122.90426636	-3.76733449
51.53703022	122.90426636	-3.75942140
53.53703022	122.90426636	-3.77272923
55.53703022	122.90426636	-3.81049674
57.53703022	122.90426636	-3.82101976
59.53703022	122.90426636	-3.82080412
61.53703022	122.90426636	-3.81760816
63.53703022	122.90426636	-3.81371907
65.53703022	122.90426636	-3.80919354
67.53703022	122.90426636	-3.80543798
69.53703022	122.90426636	-3.80092571
71.53703022	122.90426636	-3.79638518
73.53703022	122.90426636	-3.79203798
75.53703022	122.90426636	-3.78808968
77.53703022	122.90426636	-3.78459850
79.53703022	122.90426636	-3.78235133
81.53703022	122.90426636	-3.77933779
83.53703022	122.90426636	-3.77249229
85.53703022	122.90426636	-3.76855839
87.53703022	122.90426636	-3.76073272
89.53703022	122.90426636	-3.76458094
91.53703022	122.90426636	-3.76256747
93.53703022	122.90426636	-3.76883593
95.53703022	122.90426636	-3.77121763
97.53703022	122.90426636	-3.77601825
99.53703022	122.90426636	-3.78181312
101.53703022	122.90426636	-3.78864133
103.53703022	122.90426636	-3.79372184
105.53703022	122.90426636	-3.80136839
107.53703022	122.90426636	-3.79950663
109.53703022	122.90426636	-3.82111859
111.53703022	122.90426636	-3.84764838
113.53703022	122.90426636	-3.85290217
115.53703022	122.90426636	-3.83096838
117.53703022	122.90426636	-3.84873939
119.53703022	122.90426636	-3.80922205
121.53703022	122.90426636	-3.76396594
123.53703022	122.90426636	-3.78641029
125.53703022	122.90426636	-3.76564564
127.53703022	122.90426636	-3.77825948
129.53703022	122.90426636	-3.77581222
131.53703022	122.90426636	-3.79072873
133.53703022	122.90426636	-3.80700409
135.53703022	122.90426636	-3.82022887
137.53703022	122.90426636	-3.83673880
139.53703022	122.90426636	-3.85124761
141.53703022	122.90426636	-3.87199384
143.53703022	122.90426636	-3.86608287
145.53703022	122.90426636	-3.87010543
147.53703022	122.90426636	-3.84961677
149.53703022	122.90426636	-3.87756753
151.53703022	122.90426636	-3.85548329
153.53703022	122.90426636	-3.87290978
155.53703022	122.90426636	-3.87263989
157.53703022	122.90426636	-3.88084841
159.53703022	122.90426636	-3.84256554
161.53703022	122.90426636	-3.84198785
163.53703022	122.90426636	-3.83843374
165.53703022	122.90426636	-3.84190989
167.53703022	122.90426636	-3.86293554
169.53703022	122.90426636	-3.86970687
171.53703022	122.90426636	-3.88654160
173.53703022	122.90426636	-3.67865133
175.53703022	122.90426636	-3.75650694
177.53703022	122.90426636	-3.80800087
179.53703022	122.90426636	-3.74571534
181.53703022	122.90426636	-3.82071649
183.53703022	122.90426636	-3.79361261
185.53703022	122.90426636	-3.83884368
187.53703022	122.90426636	-3.85913526
189.53703022	122.90426636	-3.85676080
191.53703022	122.90426636	-3.88146896
193.53703022	122.90426636	-3.86088650
195.53703022	122.90426636	-3.97573924
197.53703022	122.90426636	-3.81522603
199.53703022	122.90426636	-3.81329771
201.53703022	122.90426636	-3.77776403
203.53703022	122.90426636	-3.77540473
205.53703022	122.90426636	-3.75690525
207.53703022	122.90426636	-3.75461147
209.53703022	122.90426636	-3.75230216
211.53703022	122.90426636	-3.74931451
213.53703022	122.90426636	-3.80494118
215.53703022	122.90426636	-3.82722473
217.53703022	122.90426636	-3.81893635
219.53703022	122.90426636	-3.78417158
221.53703022	122.90426636	-3.79740805
223.53703022	122.90426636	-3.78025799
225.53703022	122.90426636	-3.78655956
227.53703022	122.90426636	-3.77927621
229.53703022	122.90426636	-3.78409802
231.53703022	122.90426636	-3.77921646
233.53703022	122.90426636	-3.78069029
235.53703022	122.90426636	-3.77765087
237.53703022	122.90426636	-3.77897584
239.53703022	122.90426636	-3.78195372
241.53703022	122.90426636	-3.78515167
243.53703022	122.90426636	-3.78357875
245.53703022	122.90426636	-3.78396184
247.53703022	122.90426636	-3.78027512
249.53703022	122.90426636	-3.78018265
251.53703022	122.90426636	-3.78551022
253.53703022	122.90426636	-3.77653262
255.53703022	122.90426636	-3.78295237
257.53703022	122.90426636	-3.78706036
259.53703022	122.90426636	-3.78898210
261.53703022	122.90426636	-3.78056044
263.53703022	122.90426636	-3.78435133
265.53703022	122.90426636	-3.78196274
267.53703022	122.90426636	-3.79105043
269.53703022	122.90426636	-3.78338579
271.53703022	122.90426636	-3.76034498
273.53703022	122.90426636	-3.80104136
275.53703022	122.90426636	-3.77673936
277.53703022	122.90426636	-3.77673936
279.53703022	122.90426636	-3.77673936
281.53703022	122.90426636	-3.77673936
-8.46296978	124.90426636	-3.87788415
-6.46296978	124.90426636	-3.87788415
-4.46296978	124.90426636	-3.87788415
-2.46296978	124.90426636	-3.87788415
-0.46296978	124.90426636	-3.87788415
1.53703022	124.90426636	-3.87788415
3.53703022	124.90426636	-3.87788415
5.53703022	124.90426636	-3.87788415
7.53703022	124.90426636	-3.87788415
9.53703022	124.90426636	-3.87788415
11.53703022	124.90426636	-3.87788415
13.53703022	124.90426636	-3.87788415
15.53703022	124.90426636	-3.87788415
17.53703022	124.90426636	-3.87788415
19.53703022	124.90426636	-3.87788415
21.53703022	124.90426636	-3.87788415
23.53703022	124.90426636	-3.87788415
25.53703022	124.90426636	-3.87788415
27.53703022	124.90426636	-3.87788415
29.53703022	124.90426636	-3.87788415
31.53703022	124.90426636	-3.87788415
33.53703022	124.90426636	-3.87788415
35.53703022	124.90426636	-3.87788415
37.53703022	124.90426636	-3.87788415
39.53703022	124.90426636	-3.87146044
41.53703022	124.90426636	-3.84706426
43.53703022	124.90426636	-3.82271075
45.53703022	124.90426636	-3.82397913
47.53703022	124.90426636	-3.80095134
49.53703022	124.90426636	-3.82170477
51.53703022	124.90426636	-3.78999559
53.53703022	124.90426636	-3.81356919
55.53703022	124.90426636	-3.79517532
57.53703022	124.90426636	-3.80920604
59.53703022	124.90426636	-3.79951264
61.53703022	124.90426636	-3.80641091
63.53703022	124.90426636	-3.80168367
65.53703022	124.90426636	-3.80545212
67.53703022	124.90426636	-3.80429628
69.53703022	124.90426636	-3.80713543
71.53703022	124.90426636	-3.80789331
73.53703022	124.90426636	-3.81002374
75.53703022	124.90426636	-3.81020211
77.53703022	124.90426636	-3.80567564
79.53703022	124.90426636	-3.81549648
81.53703022	124.90426636	-3.79634380
83.53703022	124.90426636	-3.82094246
85.53703022	124.90426636	-3.82782628
87.53703022	124.90426636	-3.82392333
89.53703022	124.90426636	-3.78141998
91.53703022	124.90426636	-3.70355749
93.53703022	124.90426636	-3.80194693
95.53703022	124.90426636	-3.81613154
97.53703022	124.90426636	-3.85119663
99.53703022	124.90426636	-3.83034513
101.53703022	124.90426636	-3.85755886
103.53703022	124.90426636	-3.83046669
105.53703022	124.90426636	-3.85327542
107.53703022	124.90426636	-3.83602381
109.53703022	124.90426636	-3.87278008
111.53703022	124.90426636	-3.84939313
113.53703022	124.90426636	-3.87913895
115.53703022	124.90426636	-3.85904336
117.53703022	124.90426636	-3.86545467
119.53703022	124.90426636	-3.83590436
121.53703022	124.90426636	-3.83750153
123.53703022	124.90426636	-3.78822118
125.53703022	124.90426636	-3.83142121
127.53703022	124.90426636	-3.81858107
129.53703022	124.90426636	-3.82482339
131.53703022	124.90426636	-3.86230230
133.53703022	124.90426636	-3.87040486
135.53703022	124.90426636	-3.93869700
137.53703022	124.90426636	-3.91643386
139.53703022	124.90426636	-3.96684666
141.53703022	124.90426636	-3.91011262
143.53703022	124.90426636	-3.98875332
145.53703022	124.90426636	-3.90714812
147.53703022	124.90426636	-3.94569699
149.53703022	124.90426636	-3.94287920
151.53703022	124.90426636	-3.90586925
153.53703022	124.90426636	-3.87991405
155.53703022	124.90426636	-3.89452004
157.53703022	124.90426636	-3.90403271
159.53703022	124.90426636	-3.84666109
161.53703022	124.90426636	-3.83484316
163.53703022	124.90426636	-3.81948185
165.53703022	124.90426636	-3.82389450
167.53703022	124.90426636	-3.70748878
169.53703022	124.90426636	-3.72753215
171.53703022	124.90426636	-3.75641786
173.53703022	124.90426636	-3.76992087
175.53703022	124.90426636	-3.76256840
177.53703022	124.90426636	-3.77387190
179.53703022	124.90426636	-3.77310569
181.53703022	124.90426636	-3.78062131
183.53703022	124.90426636	-3.78633144
185.53703022	124.90426636	-3.80047964
187.53703022	124.90426636	-3.80492658
189.53703022	124.90426636	-3.82900980
191.53703022	124.90426636	-3.82713738
193.53703022	124.90426636	-3.81730771
195.53703022	124.90426636	-3.85514806
197.53703022	124.90426636	-3.81906474
199.53703022	124.90426636	-3.81544975
201.53703022	124.90426636	-3.84797445
203.53703022	124.90426636	-3.83899045
205.53703022	124.90426636	-3.80807908
207.53703022	124.90426636	-3.80233057
209.53703022	124.90426636	-3.75604320
211.53703022	124.90426636	-3.74210715
213.53703022	124.90426636	-3.85605168
215.53703022	124.90426636	-3.82058573
217.53703022	124.90426636	-3.78673160
219.53703022	124.90426636	-3.65637589
221.53703022	124.90426636	-3.77506988
223.53703022	124.90426636	-3.75595222
225.53703022	124.90426636	-3.77097150
227.53703022	124.90426636	-3.76620849
229.53703022	124.90426636	-3.77196160
231.53703022	124.90426636	-3.77121395
233.53703022	124.90426636	-3.77436493
235.53703022	124.90426636	-3.77511094
237.53703022	124.90426636	-3.77836384
239.53703022	124.90426636	-3.77878460
241.53703022	124.90426636	-3.79750871
243.53703022	124.90426636	-3.79069198
245.53703022	124.90426636	-3.78841462
247.53703022	124.90426636	-3.79445124
249.53703022	124.90426636	-3.79605586
251.53703022	124.90426636	-3.78834790
253.53703022	124.90426636	-3.78645192
255.53703022	124.90426636	-3.78832401
257.53703022	124.90426636	-3.79614015
259.53703022	124.90426636	-3.78473078
261.53703022	124.90426636	-3.80660629
263.53703022	124.90426636	-3.89537716
265.53703022	124.90426636	-3.78584283
267.53703022	124.90426636	-3.81489110
269.53703022	124.90426636	-3.81120610
271.53703022	124.90426636	-3.77294993
273.53703022	124.90426636	-3.77294993
275.53703022	124.90426636	-3.77294993
277.53703022	124.90426636	-3.77294993
279.53703022	124.90426636	-3.77294993
281.53703022	124.90426636	-3.77294993
-8.46296978	126.90426636	-3.85838652
-6.46296978	126.90426636	-3.85838652
-4.46296978	126.90426636	-3.85838652
-2.46296978	126.90426636	-3.85838652
-0.46296978	126.90426636	-3.85838652
1.53703022	126.90426636	-3.85838652
3.53703022	126.90426636	-3.85838652
5.53703022	126.90426636	-3.85838652
7.53703022	126.90426636	-3.85838652
9.53703022	126.90426636	-3.85838652
11.53703022	126.90426636	-3.85838652
13.53703022	126.90426636	-3.85838652
15.53703022	126.90426636	-3.85838652
17.53703022	126.90426636	-3.85838652
19.53703022	126.90426636	-3.85838652
21.53703022	126.90426636	-3.85838652
23.53703022	126.90426636	-3.85838652
25.53703022	126.90426636	-3.85838652
27.53703022	126.90426636	-3.85838652
29.53703022	126.90426636	-3.85838652
31.53703022	126.90426636	-3.85838652
33.53703022	126.90426636	-3.85838652
35.53703022	126.90426636	-3.85838652
37.53703022	126.90426636	-3.85838652
39.53703022	126.90426636	-3.85446000
41.53703022	126.90426636	-3.83254242
43.53703022	126.90426636	-3.82852936
45.53703022	126.90426636	-3.81892446
47.53703022	126.90426636	-3.82771996
49.53703022	126.90426636	-3.81093052
51.53703022	126.90426636	-3.81694325
53.53703022	126.90426636	-3.80800270
55.53703022	126.90426636	-3.81054683
57.53703022	126.90426636	-3.80516256
59.53703022	126.90426636	-3.80522943
61.53703022	126.90426636	-3.80198757
63.53703022	126.90426636	-3.80144017
65.53703022	126.90426636	-3.79966554
67.53703022	126.90426636	-3.79918830
69.53703022	126.90426636	-3.79831947
71.53703022	126.90426636	-3.79818794
73.53703022	126.90426636	-3.79819256
75.53703022	126.90426636	-3.79885000
77.53703022	126.90426636	-3.79920685
79.53703022	126.90426636	-3.79998921
81.53703022	126.90426636	-3.80038903
83.53703022	126.90426636	-3.80026612
85.53703022	126.90426636	-3.79230857
87.53703022	126.90426636	-3.79614244
89.53703022	126.90426636	-3.75436497
91.53703022	126.90426636	-3.89531016
93.53703022	126.90426636	-3.78984181
95.53703022	126.90426636	-3.81018116
97.53703022	126.90426636	-3.81306991
99.53703022	126.90426636	-3.85691043
101.53703022	126.90426636	-3.80912828
103.53703022	126.90426636	-3.82283545
105.53703022	126.90426636	-3.82667136
107.53703022	126.90426636	-3.85932684
109.53703022	126.90426636	-3.89421535
111.53703022	126.90426636	-3.86646080
113.53703022	126.90426636	-3.87085462
115.53703022	126.90426636	-3.86146951
117.53703022	126.90426636	-3.86795044
119.53703022	126.90426636	-3.87010503
121.53703022	126.90426636	-3.83735371
123.53703022	126.90426636	-3.80028415
125.53703022	126.90426636	-3.79226708
127.53703022	126.90426636	-3.60947371
129.53703022	126.90426636	-3.76569822
131.53703022	126.90426636	-3.81127907
133.53703022	126.90426636	-3.86762863
135.53703022	126.90426636	-3.89248571
137.53703022	126.90426636	-3.89676094
139.53703022	126.90426636	-3.89498520
141.53703022	126.90426636	-3.97319651
143.53703022	126.90426636	-3.95822787
145.53703022	126.90426636	-3.95728970
147.53703022	126.90426636	-3.90835452
149.53703022	126.90426636	-3.93823075
151.53703022	126.90426636	-3.90342999
153.53703022	126.90426636	-3.90319586
155.53703022	126.90426636	-3.89066148
157.53703022	126.90426636	-3.92913485
159.53703022	126.90426636	-3.86890197
161.53703022	126.90426636	-3.87622952
163.53703022	126.90426636	-3.85099816
165.53703022	126.90426636	-3.83008647
167.53703022	126.90426636	-3.75658154
169.53703022	126.90426636	-3.74515944
171.53703022	126.90426636	-3.76474780
173.53703022	126.90426636	-3.76151033
175.53703022	126.90426636	-3.77065265
177.53703022	126.90426636	-3.77013038
179.53703022	126.90426636	-3.77403671
181.53703022	126.90426636	-3.77806101
183.53703022	126.90426636	-3.78178872
185.53703022	126.90426636	-3.78774344
187.53703022	126.90426636	-3.79678914
189.53703022	126.90426636	-3.81502057
191.53703022	126.90426636	-3.83883498
193.53703022	126.90426636	-3.84562607
195.53703022	126.90426636	-3.86308904
197.53703022	126.90426636	-3.85277289
199.53703022	126.90426636	-3.84454040
201.53703022	126.90426636	-3.83798250
203.53703022	126.90426636	-3.84465365
205.53703022	126.90426636	-3.84272981
207.53703022	126.90426636	-3.84800911
209.53703022	126.90426636	-3.78899180
211.53703022	126.90426636	-3.78943008
213.53703022	126.90426636	-3.78716950
215.53703022	126.90426636	-3.78421619
217.53703022	126.90426636	-3.77431379
219.53703022	126.90426636	-3.77496145
221.53703022	126.90426636	-3.76867403
223.53703022	126.90426636	-3.77043686
225.53703022	126.90426636	-3.77019163
227.53703022	126.90426636	-3.77299294
229.53703022	126.90426636	-3.77407154
231.53703022	126.90426636	-3.77546186
233.53703022	126.90426636	-3.77610107
235.53703022	126.90426636	-3.77696301
237.53703022	126.90426636	-3.77881120
239.53703022	126.90426636	-3.78129470
241.53703022	126.90426636	-3.78384653
243.53703022	126.90426636	-3.78779751
245.53703022	126.90426636	-3.78876889
247.53703022	126.90426636	-3.78941018
249.53703022	126.90426636	-3.80087180
251.53703022	126.90426636	-3.80364796
253.53703022	126.90426636	-3.79639911
255.53703022	126.90426636	-3.79886496
257.53703022	126.90426636	-3.79198079
259.53703022	126.90426636	-3.78841874
261.53703022	126.90426636	-3.78410086
263.53703022	126.90426636	-3.79197049
265.53703022	126.90426636	-3.78373528
267.53703022	126.90426636	-3.78373528
269.53703022	126.90426636	-3.78373528
271.53703022	126.90426636	-3.78373528
273.53703022	126.90426636	-3.78373528
275.53703022	126.90426636	-3.78373528
277.53703022	126.90426636	-3.78373528
279.53703022	126.90426636	-3.78373528
281.53703022	126.90426636	-3.78373528
-8.46296978	128.90426636	-3.84189391
-6.46296978	128.90426636	-3.84189391
-4.46296978	128.90426636	-3.84189391
-2.46296978	128.90426636	-3.84189391
-0.46296978	128.90426636	-3.84189391
1.53703022	128.90426636	-3.84189391
3.53703022	128.90426636	-3.84189391
5.53703022	128.90426636	-3.84189391
7.53703022	128.90426636	-3.84189391
9.53703022	128.90426636	-3.84189391
11.53703022	128.90426636	-3.84189391
13.53703022	128.90426636	-3.84189391
15.53703022	128.90426636	-3.84189391
17.53703022	128.90426636	-3.84189391
19.53703022	128.90426636	-3.84189391
21.53703022	128.90426636	-3.84189391
23.53703022	128.90426636	-3.84189391
25.53703022	128.90426636	-3.84189391
27.53703022	128.90426636	-3.84189391
29.53703022	128.90426636	-3.84189391
31.53703022	128.90426636	-3.84189391
33.53703022	128.90426636	-3.84189391
35.53703022	128.90426636	-3.84189391
37.53703022	128.90426636	-3.84189391
39.53703022	128.90426636	-3.84189391
41.53703022	128.90426636	-3.83628511
43.53703022	128.90426636	-3.81122971
45.53703022	128.90426636	-3.81903896
47.53703022	128.90426636	-3.80478567
49.53703022	128.90426636	-3.80991794
51.53703022	128.90426636	-3.79675095
53.53703022	128.90426636	-3.80384825
55.53703022	128.90426636	-3.79636709
57.53703022	128.90426636	-3.80102486
59.53703022	128.90426636	-3.79781226
61.53703022	128.90426636	-3.80097666
63.53703022	128.90426636	-3.80004549
65.53703022	128.90426636	-3.80231611
67.53703022	128.90426636	-3.80278180
69.53703022	128.90426636	-3.80524820
71.53703022	128.90426636	-3.80676260
73.53703022	128.90426636	-3.80984450
75.53703022	128.90426636	-3.81145226
77.53703022	128.90426636	-3.81088774
79.53703022	128.90426636	-3.81827876
81.53703022	128.90426636	-3.80161797
83.53703022	128.90426636	-3.82145056
85.53703022	128.90426636	-3.82348067
87.53703022	128.90426636	-3.83513231
89.53703022	128.90426636	-3.80311265
91.53703022	128.90426636	-3.85232377
93.53703022	128.90426636	-3.76789093
95.53703022	128.90426636	-3.83526970
97.53703022	128.90426636	-3.82661843
99.53703022	128.90426636	-3.81332493
101.53703022	128.90426636	-3.89871454
103.53703022	128.90426636	-3.84311543
105.53703022	128.90426636	-3.84726473
107.53703022	128.90426636	-3.84241223
109.53703022	128.90426636	-3.84157276
111.53703022	128.90426636	-3.87168932
113.53703022	128.90426636	-3.86226916
115.53703022	128.90426636	-3.87636876
117.53703022	128.90426636	-3.88038397
119.53703022	128.90426636	-3.84340310
121.53703022	128.90426636	-3.85797596
123.53703022	128.90426636	-3.84956503
125.53703022	128.90426636	-3.81995511
127.53703022	128.90426636	-3.74616241
129.53703022	128.90426636	-3.82039268
131.53703022	128.90426636	-3.88198781
133.53703022	128.90426636	-3.82013679
135.53703022	128.90426636	-3.91558886
137.53703022	128.90426636	-3.90913939
139.53703022	128.90426636	-3.98944759
141.53703022	128.90426636	-3.94697213
143.53703022	128.90426636	-3.96892905
145.53703022	128.90426636	-4.00881481
147.53703022	128.90426636	-3.95092177
149.53703022	128.90426636	-3.93674850
151.53703022	128.90426636	-3.94280171
153.53703022	128.90426636	-3.92103362
155.53703022	128.90426636	-3.69608068
157.53703022	128.90426636	-3.90256381
159.53703022	128.90426636	-3.86626410
161.53703022	128.90426636	-3.86626697
163.53703022	128.90426636	-3.81547308
165.53703022	128.90426636	-3.83449769
167.53703022	128.90426636	-3.72163415
169.53703022	128.90426636	-3.75565306
171.53703022	128.90426636	-3.75885678
173.53703022	128.90426636	-3.76617434
175.53703022	128.90426636	-3.76455000
177.53703022	128.90426636	-3.77013136
179.53703022	128.90426636	-3.77206282
181.53703022	128.90426636	-3.77763637
183.53703022	128.90426636	-3.78352071
185.53703022	128.90426636	-3.79520681
187.53703022	128.90426636	-3.80470773
189.53703022	128.90426636	-3.82413767
191.53703022	128.90426636	-3.84024716
193.53703022	128.90426636	-3.85086472
195.53703022	128.90426636	-3.86452476
197.53703022	128.90426636	-3.83472610
199.53703022	128.90426636	-3.82376026
201.53703022	128.90426636	-3.83686183
203.53703022	128.90426636	-3.83839256
205.53703022	128.90426636	-3.86729622
207.53703022	128.90426636	-3.85468817
209.53703022	128.90426636	-3.77478765
211.53703022	128.90426636	-3.77161337
213.53703022	128.90426636	-3.79239991
215.53703022	128.90426636	-3.78052785
217.53703022	128.90426636	-3.77470668
219.53703022	128.90426636	-3.74357045
221.53703022	128.90426636	-3.77074058
223.53703022	128.90426636	-3.76546806
225.53703022	128.90426636	-3.77239688
227.53703022	128.90426636	-3.77250474
229.53703022	128.90426636	-3.77621544
231.53703022	128.90426636	-3.77740799
233.53703022	128.90426636	-3.78000764
235.53703022	128.90426636	-3.78178245
237.53703022	128.90426636	-3.78505424
239.53703022	128.90426636	-3.78628046
241.53703022	128.90426636	-3.80293420
243.53703022	128.90426636	-3.80028803
245.53703022	128.90426636	-3.79527248
247.53703022	128.90426636	-3.80064843
249.53703022	128.90426636	-3.80541128
251.53703022	128.90426636	-3.79966053
253.53703022	128.90426636	-3.80684566
255.53703022	128.90426636	-3.79321834
257.53703022	128.90426636	-3.79587389
259.53703022	128.90426636	-3.78426027
261.53703022	128.90426636	-3.78426027
263.53703022	128.90426636	-3.78426027
265.53703022	128.90426636	-3.78426027
267.53703022	128.90426636	-3.78426027
269.53703022	128.90426636	-3.78426027
271.53703022	128.90426636	-3.78426027
273.53703022	128.90426636	-3.78426027
275.53703022	128.90426636	-3.78426027
277.53703022	128.90426636	-3.78426027
279.53703022	128.90426636	-3.78426027
281.53703022	128.90426636	-3.78426027
-8.46296978	130.90426636	-3.87983584
-6.46296978	130.90426636	-3.87983584
-4.46296978	130.90426636	-3.87983584
-2.46296978	130.90426636	-3.87983584
-0.46296978	130.90426636	-3.87983584
1.53703022	130.90426636	-3.87983584
3.53703022	130.90426636	-3.87983584
5.53703022	130.90426636	-3.87983584
7.53703022	130.90426636	-3.87983584
9.53703022	130.90426636	-3.87983584
11.53703022	130.90426636	-3.87983584
13.53703022	130.90426636	-3.87983584
15.53703022	130.90426636	-3.87983584
17.53703022	130.90426636	-3.87983584
19.53703022	130.90426636	-3.87983584
21.53703022	130.90426636	-3.87983584
23.53703022	130.90426636	-3.87983584
25.53703022	130.90426636	-3.87983584
27.53703022	130.90426636	-3.87983584
29.53703022	130.90426636	-3.87983584
31.53703022	130.90426636	-3.87983584
33.53703022	130.90426636	-3.87983584
35.53703022	130.90426636	-3.87983584
37.53703022	130.90426636	-3.87983584
39.53703022	130.90426636	-3.87983584
41.53703022	130.90426636	-3.83985996
43.53703022	130.90426636	-3.81578922
45.53703022	130.90426636	-3.82494545
47.53703022	130.90426636	-3.81552981
49.53703022	130.90426636	-3.80645485
51.53703022	130.90426636	-3.80468807
53.53703022	130.90426636	-3.80074701
55.53703022	130.90426636	-3.79976364
57.53703022	130.90426636	-3.79773598
59.53703022	130.90426636	-3.79755084
61.53703022	130.90426636	-3.79723395
63.53703022	130.90426636	-3.79814908
65.53703022	130.90426636	-3.79910493
67.53703022	130.90426636	-3.80028619
69.53703022	130.90426636	-3.80127494
71.53703022	130.90426636	-3.80323899
73.53703022	130.90426636	-3.80583591
75.53703022	130.90426636	-3.80864369
77.53703022	130.90426636	-3.81185893
79.53703022	130.90426636	-3.81441784
81.53703022	130.90426636	-3.81226410
83.53703022	130.90426636	-3.80986304
85.53703022	130.90426636	-3.81619451
87.53703022	130.90426636	-3.77714634
89.53703022	130.90426636	-3.92179704
91.53703022	130.90426636	-3.86338949
93.53703022	130.90426636	-3.85166574
95.53703022	130.90426636	-3.85131049
97.53703022	130.90426636	-3.84929681
99.53703022	130.90426636	-3.86306481
101.53703022	130.90426636	-3.86724351
103.53703022	130.90426636	-3.85889690
105.53703022	130.90426636	-3.84889658
107.53703022	130.90426636	-3.84666714
109.53703022	130.90426636	-3.85061479
111.53703022	130.90426636	-3.86506796
113.53703022	130.90426636	-3.86182976
115.53703022	130.90426636	-3.89818645
117.53703022	130.90426636	-3.87414360
119.53703022	130.90426636	-3.88894987
121.53703022	130.90426636	-3.81509614
123.53703022	130.90426636	-3.86670208
125.53703022	130.90426636	-3.78956162
127.53703022	130.90426636	-3.76199654
129.53703022	130.90426636	-3.85570884
131.53703022	130.90426636	-3.86304331
133.53703022	130.90426636	-3.88764930
135.53703022	130.90426636	-3.92548847
137.53703022	130.90426636	-3.93464756
139.53703022	130.90426636	-3.95495353
141.53703022	130.90426636	-3.96729159
143.53703022	130.90426636	-3.95500302
145.53703022	130.90426636	-4.02891254
147.53703022	130.90426636	-3.96692753
149.53703022	130.90426636	-3.96195173
151.53703022	130.90426636	-3.91875019
153.53703022	130.90426636	-3.80443909
155.53703022	130.90426636	-3.84864545
157.53703022	130.90426636	-3.90289664
159.53703022	130.90426636	-3.86794114
161.53703022	130.90426636	-3.85986972
163.53703022	130.90426636	-3.84535360
165.53703022	130.90426636	-3.77129361
167.53703022	130.90426636	-3.75191471
169.53703022	130.90426636	-3.75428484
171.53703022	130.90426636	-3.76171012
173.53703022	130.90426636	-3.76337235
175.53703022	130.90426636	-3.76574554
177.53703022	130.90426636	-3.76671462
179.53703022	130.90426636	-3.76958494
181.53703022	130.90426636	-3.77353598
183.53703022	130.90426636	-3.77721178
185.53703022	130.90426636	-3.78552460
187.53703022	130.90426636	-3.79578754
189.53703022	130.90426636	-3.81600924
191.53703022	130.90426636	-3.83304382
193.53703022	130.90426636	-3.84163338
195.53703022	130.90426636	-3.86503559
197.53703022	130.90426636	-3.82929373
199.53703022	130.90426636	-3.93881845
201.53703022	130.90426636	-3.82640768
203.53703022	130.90426636	-3.83045200
205.53703022	130.90426636	-3.83465258
207.53703022	130.90426636	-3.62579608
209.53703022	130.90426636	-3.79349666
211.53703022	130.90426636	-3.77946483
213.53703022	130.90426636	-3.77736038
215.53703022	130.90426636	-3.77303878
217.53703022	130.90426636	-3.76818653
219.53703022	130.90426636	-3.76932493
221.53703022	130.90426636	-3.76858468
223.53703022	130.90426636	-3.76982599
225.53703022	130.90426636	-3.77220746
227.53703022	130.90426636	-3.77395131
229.53703022	130.90426636	-3.77602737
231.53703022	130.90426636	-3.77699162
233.53703022	130.90426636	-3.77821217
235.53703022	130.90426636	-3.77913506
237.53703022	130.90426636	-3.78135929
239.53703022	130.90426636	-3.78326139
241.53703022	130.90426636	-3.78863933
243.53703022	130.90426636	-3.79195654
245.53703022	130.90426636	-3.79089810
247.53703022	130.90426636	-3.86919808
249.53703022	130.90426636	-3.80145007
251.53703022	130.90426636	-3.80251828
253.53703022	130.90426636	-3.82646799
255.53703022	130.90426636	-3.82300472
257.53703022	130.90426636	-3.77463913
259.53703022	130.90426636	-3.77463913
261.53703022	130.90426636	-3.77463913
263.53703022	130.90426636	-3.77463913
265.53703022	130.90426636	-3.77463913
267.53703022	130.90426636	-3.77463913
269.53703022	130.90426636	-3.77463913
271.53703022	130.90426636	-3.77463913
273.53703022	130.90426636	-3.77463913
275.53703022	130.90426636	-3.77463913
277.53703022	130.90426636	-3.77463913
279.53703022	130.90426636	-3.77463913
281.53703022	130.90426636	-3.77463913
-8.46296978	132.90426636	-3.82899809
-6.46296978	132.90426636	-3.82899809
-4.46296978	132.90426636	-3.82899809
-2.46296978	132.90426636	-3.82899809
-0.46296978	132.90426636	-3.82899809
1.53703022	132.90426636	-3.82899809
3.53703022	132.90426636	-3.82899809
5.53703022	132.90426636	-3.82899809
7.53703022	132.90426636	-3.82899809
9.53703022	132.90426636	-3.82899809
11.53703022	132.90426636	-3.82899809
13.53703022	132.90426636	-3.82899809
15.53703022	132.90426636	-3.82899809
17.53703022	132.90426636	-3.82899809
19.53703022	132.90426636	-3.82899809
21.53703022	132.90426636	-3.82899809
23.53703022	132.90426636	-3.82899809
25.53703022	132.90426636	-3.82899809
27.53703022	132.90426636	-3.82899809
29.53703022	132.90426636	-3.82899809
31.53703022	132.90426636	-3.82899809
33.53703022	132.90426636	-3.82899809
35.53703022	132.90426636	-3.82899809
37.53703022	132.90426636	-3.82899809
39.53703022	132.90426636	-3.82899809
41.53703022	132.90426636	-3.82899809
43.53703022	132.90426636	-3.84110236
45.53703022	132.90426636	-3.83865643
47.53703022	132.90426636	-3.80134604
49.53703022	132.90426636	-3.81730948
51.53703022	132.90426636	-3.79470600
53.53703022	132.90426636	-3.80696809
55.53703022	132.90426636	-3.79385302
57.53703022	132.90426636	-3.80057097
59.53703022	132.90426636	-3.79426776
61.53703022	132.90426636	-3.79822123
63.53703022	132.90426636	-3.79623206
65.53703022	132.90426636	-3.79938046
67.53703022	132.90426636	-3.79969148
69.53703022	132.90426636	-3.80213999
71.53703022	132.90426636	-3.80314298
73.53703022	132.90426636	-3.80601523
75.53703022	132.90426636	-3.80736940
77.53703022	132.90426636	-3.80892382
79.53703022	132.90426636	-3.81404770
81.53703022	132.90426636	-3.80888881
83.53703022	132.90426636	-3.81455109
85.53703022	132.90426636	-3.81259326
87.53703022	132.90426636	-3.83816987
89.53703022	132.90426636	-3.79028960
91.53703022	132.90426636	-3.85086489
93.53703022	132.90426636	-3.81404866
95.53703022	132.90426636	-4.02523994
97.53703022	132.90426636	-3.85880448
99.53703022	132.90426636	-3.83764774
101.53703022	132.90426636	-3.87558590
103.53703022	132.90426636	-3.84046487
105.53703022	132.90426636	-3.85611260
107.53703022	132.90426636	-3.85865750
109.53703022	132.90426636	-3.85737330
111.53703022	132.90426636	-3.86859298
113.53703022	132.90426636	-3.85498190
115.53703022	132.90426636	-3.89545155
117.53703022	132.90426636	-3.87978196
119.53703022	132.90426636	-3.90278339
121.53703022	132.90426636	-3.86969733
123.53703022	132.90426636	-3.87913656
125.53703022	132.90426636	-3.88345528
127.53703022	132.90426636	-3.87748384
129.53703022	132.90426636	-3.86913800
131.53703022	132.90426636	-3.85494018
133.53703022	132.90426636	-3.86547256
135.53703022	132.90426636	-3.88228393
137.53703022	132.90426636	-3.92780638
139.53703022	132.90426636	-3.90153122
141.53703022	132.90426636	-3.97082448
143.53703022	132.90426636	-3.96916223
145.53703022	132.90426636	-3.97341275
147.53703022	132.90426636	-3.94589734
149.53703022	132.90426636	-3.93882946
151.53703022	132.90426636	-3.81220843
153.53703022	132.90426636	-3.90232156
155.53703022	132.90426636	-3.83296285
157.53703022	132.90426636	-3.62585998
159.53703022	132.90426636	-3.90928149
161.53703022	132.90426636	-3.86838412
163.53703022	132.90426636	-3.85320663
165.53703022	132.90426636	-3.82741761
167.53703022	132.90426636	-3.74549673
169.53703022	132.90426636	-3.77680511
171.53703022	132.90426636	-3.75493017
173.53703022	132.90426636	-3.77207443
175.53703022	132.90426636	-3.76368421
177.53703022	132.90426636	-3.77082184
179.53703022	132.90426636	-3.77001818
181.53703022	132.90426636	-3.77437847
183.53703022	132.90426636	-3.77911111
185.53703022	132.90426636	-3.78768523
187.53703022	132.90426636	-3.79685168
189.53703022	132.90426636	-3.81075562
191.53703022	132.90426636	-3.82876076
193.53703022	132.90426636	-3.84027794
195.53703022	132.90426636	-3.87938833
197.53703022	132.90426636	-3.85951924
199.53703022	132.90426636	-3.84210523
201.53703022	132.90426636	-3.85717191
203.53703022	132.90426636	-3.84225785
205.53703022	132.90426636	-3.82272595
207.53703022	132.90426636	-3.81316915
209.53703022	132.90426636	-3.78458928
211.53703022	132.90426636	-3.78325317
213.53703022	132.90426636	-3.78731013
215.53703022	132.90426636	-3.77034439
217.53703022	132.90426636	-3.77385777
219.53703022	132.90426636	-3.74562433
221.53703022	132.90426636	-3.76919059
223.53703022	132.90426636	-3.76187156
225.53703022	132.90426636	-3.77072660
227.53703022	132.90426636	-3.76986565
229.53703022	132.90426636	-3.77462100
231.53703022	132.90426636	-3.77575153
233.53703022	132.90426636	-3.77913845
235.53703022	132.90426636	-3.78127107
237.53703022	132.90426636	-3.78426084
239.53703022	132.90426636	-3.78640786
241.53703022	132.90426636	-3.79626151
243.53703022	132.90426636	-3.79532160
245.53703022	132.90426636	-3.80084650
247.53703022	132.90426636	-3.80385292
249.53703022	132.90426636	-3.81220126
251.53703022	132.90426636	-3.82185912
253.53703022	132.90426636	-3.81261277
255.53703022	132.90426636	-3.81261277
257.53703022	132.90426636	-3.81261277
259.53703022	132.90426636	-3.81261277
261.53703022	132.90426636	-3.81261277
263.53703022	132.90426636	-3.81261277
265.53703022	132.90426636	-3.81261277
267.53703022	132.90426636	-3.81261277
269.53703022	132.90426636	-3.81261277
271.53703022	132.90426636	-3.81261277
273.53703022	132.90426636	-3.81261277
275.53703022	132.90426636	-3.81261277
277.53703022	132.90426636	-3.81261277
279.53703022	132.90426636	-3.81261277
281.53703022	132.90426636	-3.81261277
-8.46296978	134.90426636	-3.83425140
-6.46296978	134.90426636	-3.83425140
-4.46296978	134.90426636	-3.83425140
-2.46296978	134.90426636	-3.83425140
-0.46296978	134.90426636	-3.83425140
1.53703022	134.90426636	-3.83425140
3.53703022	134.90426636	-3.83425140
5.53703022	134.90426636	-3.83425140
7.53703022	134.90426636	-3.83425140
9.53703022	134.90426636	-3.83425140
11.53703022	134.90426636	-3.83425140
13.53703022	134.90426636	-3.83425140
15.53703022	134.90426636	-3.83425140
17.53703022	134.90426636	-3.83425140
19.53703022	134.90426636	-3.83425140
21.53703022	134.90426636	-3.83425140
23.53703022	134.90426636	-3.83425140
25.53703022	134.90426636	-3.83425140
27.53703022	134.90426636	-3.83425140
29.53703022	134.90426636	-3.83425140
31.53703022	134.90426636	-3.83425140
33.53703022	134.90426636	-3.83425140
35.53703022	134.90426636	-3.83425140
37.53703022	134.90426636	-3.83425140
39.53703022	134.90426636	-3.83425140
41.53703022	134.90426636	-3.83425140
43.53703022	134.90426636	-3.83582711
45.53703022	134.90426636	-3.83807468
47.53703022	134.90426636	-3.76418710
49.53703022	134.90426636	-3.80143383
51.53703022	134.90426636	-3.78321709
53.53703022	134.90426636	-3.78762732
55.53703022	134.90426636	-3.77983780
57.53703022	134.90426636	-3.78182210
59.53703022	134.90426636	-3.78085589
61.53703022	134.90426636	-3.78440857
63.53703022	134.90426636	-3.78813339
65.53703022	134.90426636	-3.79298664
67.53703022	134.90426636	-3.80034395
69.53703022	134.90426636	-3.80789790
71.53703022	134.90426636	-3.81571502
73.53703022	134.90426636	-3.82052269
75.53703022	134.90426636	-3.83050634
77.53703022	134.90426636	-3.83815661
79.53703022	134.90426636	-3.84390818
81.53703022	134.90426636	-3.84783970
83.53703022	134.90426636	-3.81069045
85.53703022	134.90426636	-3.91326976
87.53703022	134.90426636	-3.92766714
89.53703022	134.90426636	-3.97168279
91.53703022	134.90426636	-3.92116952
93.53703022	134.90426636	-3.86468922
95.53703022	134.90426636	-3.85909443
97.53703022	134.90426636	-3.85446189
99.53703022	134.90426636	-3.85370161
101.53703022	134.90426636	-3.85072755
103.53703022	134.90426636	-3.85718662
105.53703022	134.90426636	-3.85750904
107.53703022	134.90426636	-3.87581161
109.53703022	134.90426636	-3.86350934
111.53703022	134.90426636	-3.89006606
113.53703022	134.90426636	-3.90305042
115.53703022	134.90426636	-3.89200306
117.53703022	134.90426636	-3.84060955
119.53703022	134.90426636	-3.87069178
121.53703022	134.90426636	-3.89234805
123.53703022	134.90426636	-3.87146449
125.53703022	134.90426636	-3.86359859
127.53703022	134.90426636	-3.85953951
129.53703022	134.90426636	-3.86736989
131.53703022	134.90426636	-3.88781333
133.53703022	134.90426636	-3.92705250
135.53703022	134.90426636	-3.91969872
137.53703022	134.90426636	-3.93951392
139.53703022	134.90426636	-3.97071481
141.53703022	134.90426636	-3.97391319
143.53703022	134.90426636	-4.00023222
145.53703022	134.90426636	-3.97802324
147.53703022	134.90426636	-3.94149408
149.53703022	134.90426636	-3.94396745
151.53703022	134.90426636	-3.86039451
153.53703022	134.90426636	-3.90274016
155.53703022	134.90426636	-3.84106849
157.53703022	134.90426636	-3.86637492
159.53703022	134.90426636	-3.79926443
161.53703022	134.90426636	-3.86701441
163.53703022	134.90426636	-3.84850335
165.53703022	134.90426636	-3.81663669
167.53703022	134.90426636	-3.78883694
169.53703022	134.90426636	-3.78033691
171.53703022	134.90426636	-3.76876915
173.53703022	134.90426636	-3.75960761
175.53703022	134.90426636	-3.75517450
177.53703022	134.90426636	-3.75380942
179.53703022	134.90426636	-3.75430421
181.53703022	134.90426636	-3.75832226
183.53703022	134.90426636	-3.76284123
185.53703022	134.90426636	-3.77258640
187.53703022	134.90426636	-3.78080704
189.53703022	134.90426636	-3.79832200
191.53703022	134.90426636	-3.81043989
193.53703022	134.90426636	-3.82358688
195.53703022	134.90426636	-3.89638669
197.53703022	134.90426636	-3.75920177
199.53703022	134.90426636	-3.89175049
201.53703022	134.90426636	-3.80417792
203.53703022	134.90426636	-3.71924612
205.53703022	134.90426636	-3.76172331
207.53703022	134.90426636	-3.70271788
209.53703022	134.90426636	-3.76433943
211.53703022	134.90426636	-3.72646247
213.53703022	134.90426636	-3.76377638
215.53703022	134.90426636	-3.74922035
217.53703022	134.90426636	-3.76185737
219.53703022	134.90426636	-3.75516562
221.53703022	134.90426636	-3.76463491
223.53703022	134.90426636	-3.76394064
225.53703022	134.90426636	-3.77148418
227.53703022	134.90426636	-3.77429528
229.53703022	134.90426636	-3.78019265
231.53703022	134.90426636	-3.78447185
233.53703022	134.90426636	-3.78966944
235.53703022	134.90426636	-3.79393971
237.53703022	134.90426636	-3.79822090
239.53703022	134.90426636	-3.80105354
241.53703022	134.90426636	-3.80834036
243.53703022	134.90426636	-3.84356369
245.53703022	134.90426636	-3.86947250
247.53703022	134.90426636	-3.83663964
249.53703022	134.90426636	-3.82655048
251.53703022	134.90426636	-3.82655048
253.53703022	134.90426636	-3.82655048
255.53703022	134.90426636	-3.82655048
257.53703022	134.90426636	-3.82655048
259.53703022	134.90426636	-3.82655048
261.53703022	134.90426636	-3.82655048
263.53703022	134.90426636	-3.82655048
265.53703022	134.90426636	-3.82655048
267.53703022	134.90426636	-3.82655048
269.53703022	134.90426636	-3.82655048
271.53703022	134.90426636	-3.82655048
273.53703022	134.90426636	-3.82655048
275.53703022	134.90426636	-3.82655048
277.53703022	134.90426636	-3.82655048
279.53703022	134.90426636	-3.82655048
281.53703022	134.90426636	-3.82655048
-8.46296978	136.90426636	-3.82990234
-6.46296978	136.90426636	-3.83010505
-4.46296978	136.90426636	-3.82954041
-2.46296978	136.90426636	-3.82954033
-0.46296978	136.90426636	-3.82954034
1.53703022	136.90426636	-3.82954034
3.53703022	136.90426636	-3.83011113
5.53703022	136.90426636	-3.83011114
7.53703022	136.90426636	-3.83127601
9.53703022	136.90426636	-3.83127602
11.53703022	136.90426636	-3.83365329
13.53703022	136.90426636	-3.83365329
15.53703022	136.90426636	-3.83365329
17.53703022	136.90426636	-3.83365329
19.53703022	136.90426636	-3.83365329
21.53703022	136.90426636	-3.83365329
23.53703022	136.90426636	-3.83365329
25.53703022	136.90426636	-3.83365329
27.53703022	136.90426636	-3.83365329
29.53703022	136.90426636	-3.83365329
31.53703022	136.90426636	-3.83365329
33.53703022	136.90426636	-3.83365325
35.53703022	136.90426636	-3.83365316
37.53703022	136.90426636	-3.83365454
39.53703022	136.90426636	-3.83376397
41.53703022	136.90426636	-3.83454816
43.53703022	136.90426636	-3.85505366
45.53703022	136.90426636	-3.84018373
47.53703022	136.90426636	-3.82264614
49.53703022	136.90426636	-3.81723848
51.53703022	136.90426636	-3.80866629
53.53703022	136.90426636	-3.80147993
55.53703022	136.90426636	-3.78814898
57.53703022	136.90426636	-3.78078567
59.53703022	136.90426636	-3.77662519
61.53703022	136.90426636	-3.77710060
63.53703022	136.90426636	-3.78108149
65.53703022	136.90426636	-3.78830246
67.53703022	136.90426636	-3.79894396
69.53703022	136.90426636	-3.80479210
71.53703022	136.90426636	-3.81881104
73.53703022	136.90426636	-3.86491922
75.53703022	136.90426636	-3.87388428
77.53703022	136.90426636	-3.87789194
79.53703022	136.90426636	-3.78487682
81.53703022	136.90426636	-3.87384343
83.53703022	136.90426636	-3.88805413
85.53703022	136.90426636	-3.91763186
87.53703022	136.90426636	-3.94837046
89.53703022	136.90426636	-3.95631194
91.53703022	136.90426636	-3.91785415
93.53703022	136.90426636	-3.89845874
95.53703022	136.90426636	-3.89901900
97.53703022	136.90426636	-3.87304109
99.53703022	136.90426636	-3.86806327
101.53703022	136.90426636	-3.86281885
103.53703022	136.90426636	-3.86282277
105.53703022	136.90426636	-3.86432186
107.53703022	136.90426636	-3.86663428
109.53703022	136.90426636	-3.94576559
111.53703022	136.90426636	-3.93387281
113.53703022	136.90426636	-3.90657115
115.53703022	136.90426636	-3.90758395
117.53703022	136.90426636	-3.89384556
119.53703022	136.90426636	-3.92243075
121.53703022	136.90426636	-3.89052343
123.53703022	136.90426636	-3.87673187
125.53703022	136.90426636	-3.85383511
127.53703022	136.90426636	-3.85779428
129.53703022	136.90426636	-3.84984541
131.53703022	136.90426636	-3.89934015
133.53703022	136.90426636	-3.92939973
135.53703022	136.90426636	-3.89365625
137.53703022	136.90426636	-3.89049459
139.53703022	136.90426636	-3.93296757
141.53703022	136.90426636	-3.95941117
143.53703022	136.90426636	-3.94092658
145.53703022	136.90426636	-3.95351526
147.53703022	136.90426636	-3.92775829
149.53703022	136.90426636	-3.88904116
151.53703022	136.90426636	-3.83349651
153.53703022	136.90426636	-3.71380440
155.53703022	136.90426636	-3.85202368
157.53703022	136.90426636	-3.78784694
159.53703022	136.90426636	-3.60004711
161.53703022	136.90426636	-3.86881137
163.53703022	136.90426636	-3.84691811
165.53703022	136.90426636	-3.82975054
167.53703022	136.90426636	-3.78107416
169.53703022	136.90426636	-3.77957282
171.53703022	136.90426636	-3.76128652
173.53703022	136.90426636	-3.75897739
175.53703022	136.90426636	-3.74993391
177.53703022	136.90426636	-3.75012880
179.53703022	136.90426636	-3.74844937
181.53703022	136.90426636	-3.75216319
183.53703022	136.90426636	-3.75548930
185.53703022	136.90426636	-3.76176929
187.53703022	136.90426636	-3.76691779
189.53703022	136.90426636	-3.77671152
191.53703022	136.90426636	-3.83937316
193.53703022	136.90426636	-3.82900684
195.53703022	136.90426636	-3.84516691
197.53703022	136.90426636	-3.83119986
199.53703022	136.90426636	-3.81605032
201.53703022	136.90426636	-3.80752595
203.53703022	136.90426636	-3.79047129
205.53703022	136.90426636	-3.79496865
207.53703022	136.90426636	-3.78124972
209.53703022	136.90426636	-3.77705513
211.53703022	136.90426636	-3.77034597
213.53703022	136.90426636	-3.76830924
215.53703022	136.90426636	-3.76242757
217.53703022	136.90426636	-3.76297152
219.53703022	136.90426636	-3.76160303
221.53703022	136.90426636	-3.76630817
223.53703022	136.90426636	-3.77153262
225.53703022	136.90426636	-3.77652443
227.53703022	136.90426636	-3.78426560
229.53703022	136.90426636	-3.79067533
231.53703022	136.90426636	-3.79752159
233.53703022	136.90426636	-3.80549994
235.53703022	136.90426636	-3.81159576
237.53703022	136.90426636	-3.81723156
239.53703022	136.90426636	-3.82354564
241.53703022	136.90426636	-3.87035847
243.53703022	136.90426636	-3.85745239
245.53703022	136.90426636	-3.81796384
247.53703022	136.90426636	-3.85148811
249.53703022	136.90426636	-3.85148811
251.53703022	136.90426636	-3.85148811
253.53703022	136.90426636	-3.85148811
255.53703022	136.90426636	-3.85148811
257.53703022	136.90426636	-3.85148811
259.53703022	136.90426636	-3.85148811
261.53703022	136.90426636	-3.85148811
263.53703022	136.90426636	-3.85148811
265.53703022	136.90426636	-3.85148811
267.53703022	136.90426636	-3.85148811
269.53703022	136.90426636	-3.85148811
271.53703022	136.90426636	-3.85148811
273.53703022	136.90426636	-3.85148811
275.53703022	136.90426636	-3.85148811
277.53703022	136.90426636	-3.85148811
279.53703022	136.90426636	-3.85148811
281.53703022	136.90426636	-3.85148811
-8.46296978	138.90426636	-3.82924891
-6.46296978	138.90426636	-3.82924891
-4.46296978	138.90426636	-3.82924891
-2.46296978	138.90426636	-3.82924891
-0.46296978	138.90426636	-3.82924891
1.53703022	138.90426636	-3.82924891
3.53703022	138.90426636	-3.82924891
5.53703022	138.90426636	-3.82924891
7.53703022	138.90426636	-3.82924891
9.53703022	138.90426636	-3.82924891
11.53703022	138.90426636	-3.82924891
13.53703022	138.90426636	-3.82924891
15.53703022	138.90426636	-3.82924891
17.53703022	138.90426636	-3.82924891
19.53703022	138.90426636	-3.82924891
21.53703022	138.90426636	-3.82924891
23.53703022	138.90426636	-3.82924891
25.53703022	138.90426636	-3.82924891
27.53703022	138.90426636	-3.82924891
29.53703022	138.90426636	-3.82924891
31.53703022	138.90426636	-3.82924891
33.53703022	138.90426636	-3.82924891
35.53703022	138.90426636	-3.82924891
37.53703022	138.90426636	-3.82924891
39.53703022	138.90426636	-3.82924891
41.53703022	138.90426636	-3.82924891
43.53703022	138.90426636	-3.82924891
45.53703022	138.90426636	-3.84826303
47.53703022	138.90426636	-3.81980324
49.53703022	138.90426636	-3.80861590
51.53703022	138.90426636	-3.81781960
53.53703022	138.90426636	-3.79049860
55.53703022	138.90426636	-3.78518893
57.53703022	138.90426636	-3.78041759
59.53703022	138.90426636	-3.78201670
61.53703022	138.90426636	-3.78573531
63.53703022	138.90426636	-3.79665028
65.53703022	138.90426636	-3.80560273
67.53703022	138.90426636	-3.79965443
69.53703022	138.90426636	-3.84751119
71.53703022	138.90426636	-3.86980333
73.53703022	138.90426636	-3.88836193
75.53703022	138.90426636	-3.90324521
77.53703022	138.90426636	-3.88408971
79.53703022	138.90426636	-3.87768364
81.53703022	138.90426636	-3.90622807
83.53703022	138.90426636	-3.90569592
85.53703022	138.90426636	-3.90512995
87.53703022	138.90426636	-3.90595001
89.53703022	138.90426636	-3.91254099
91.53703022	138.90426636	-3.88727052
93.53703022	138.90426636	-3.87808094
95.53703022	138.90426636	-3.87051451
97.53703022	138.90426636	-3.86138829
99.53703022	138.90426636	-3.85902982
101.53703022	138.90426636	-3.85797572
103.53703022	138.90426636	-3.86090474
105.53703022	138.90426636	-3.87491580
107.53703022	138.90426636	-3.95149569
109.53703022	138.90426636	-3.93965603
111.53703022	138.90426636	-4.01189995
113.53703022	138.90426636	-3.91860819
115.53703022	138.90426636	-3.88611960
117.53703022	138.90426636	-3.93416214
119.53703022	138.90426636	-3.89608383
121.53703022	138.90426636	-3.88414788
123.53703022	138.90426636	-3.87928128
125.53703022	138.90426636	-3.85750055
127.53703022	138.90426636	-3.89088655
129.53703022	138.90426636	-3.87306595
131.53703022	138.90426636	-3.89267135
133.53703022	138.90426636	-3.89904332
135.53703022	138.90426636	-3.89325144
137.53703022	138.90426636	-3.89250991
139.53703022	138.90426636	-3.90328241
141.53703022	138.90426636	-3.90837452
143.53703022	138.90426636	-3.90240869
145.53703022	138.90426636	-3.87579652
147.53703022	138.90426636	-3.85377497
149.53703022	138.90426636	-3.83347290
151.53703022	138.90426636	-3.81652318
153.53703022	138.90426636	-3.80465868
155.53703022	138.90426636	-3.79209297
157.53703022	138.90426636	-3.67313131
159.53703022	138.90426636	-3.77900179
161.53703022	138.90426636	-3.85109949
163.53703022	138.90426636	-3.84356189
165.53703022	138.90426636	-3.84362626
167.53703022	138.90426636	-3.80914879
169.53703022	138.90426636	-3.77449325
171.53703022	138.90426636	-3.76619509
173.53703022	138.90426636	-3.75558931
175.53703022	138.90426636	-3.75266092
177.53703022	138.90426636	-3.74610874
179.53703022	138.90426636	-3.74497012
181.53703022	138.90426636	-3.74403673
183.53703022	138.90426636	-3.74674511
185.53703022	138.90426636	-3.75027631
187.53703022	138.90426636	-3.75602407
189.53703022	138.90426636	-3.76153070
191.53703022	138.90426636	-3.76754041
193.53703022	138.90426636	-3.76876307
195.53703022	138.90426636	-3.76856072
197.53703022	138.90426636	-3.76495085
199.53703022	138.90426636	-3.76644679
201.53703022	138.90426636	-3.76475214
203.53703022	138.90426636	-3.76423676
205.53703022	138.90426636	-3.76390112
207.53703022	138.90426636	-3.76259652
209.53703022	138.90426636	-3.76497428
211.53703022	138.90426636	-3.76784531
213.53703022	138.90426636	-3.77078145
215.53703022	138.90426636	-3.77306017
217.53703022	138.90426636	-3.78570155
219.53703022	138.90426636	-3.85174284
221.53703022	138.90426636	-3.80824664
223.53703022	138.90426636	-3.83393536
225.53703022	138.90426636	-3.81035521
227.53703022	138.90426636	-3.85813825
229.53703022	138.90426636	-3.80250981
231.53703022	138.90426636	-3.81931329
233.53703022	138.90426636	-3.88890839
235.53703022	138.90426636	-3.80717090
237.53703022	138.90426636	-3.85174203
239.53703022	138.90426636	-3.87321138
241.53703022	138.90426636	-3.87321138
243.53703022	138.90426636	-3.87321138
245.53703022	138.90426636	-3.87321138
247.53703022	138.90426636	-3.87321138
249.53703022	138.90426636	-3.87321138
251.53703022	138.90426636	-3.87321138
253.53703022	138.90426636	-3.87321138
255.53703022	138.90426636	-3.87321138
257.53703022	138.90426636	-3.87321138
259.53703022	138.90426636	-3.87321138
261.53703022	138.90426636	-3.87321138
263.53703022	138.90426636	-3.87321138
265.53703022	138.90426636	-3.87321138
267.53703022	138.90426636	-3.87321138
269.53703022	138.90426636	-3.87321138
271.53703022	138.90426636	-3.87321138
273.53703022	138.90426636	-3.87321138
275.53703022	138.90426636	-3.87321138
277.53703022	138.90426636	-3.87321138
279.53703022	138.90426636	-3.87321138
281.53703022	138.90426636	-3.87321138
-8.46296978	140.90426636	-3.81687856
-6.46296978	140.90426636	-3.81687856
-4.46296978	140.90426636	-3.81687856
-2.46296978	140.90426636	-3.81687856
-0.46296978	140.90426636	-3.81687856
1.53703022	140.90426636	-3.81687856
3.53703022	140.90426636	-3.81687856
5.53703022	140.90426636	-3.81687856
7.53703022	140.90426636	-3.81687856
9.53703022	140.90426636	-3.81687856
11.53703022	140.90426636	-3.81687856
13.53703022	140.90426636	-3.81687856
15.53703022	140.90426636	-3.81687856
17.53703022	140.90426636	-3.81687856
19.53703022	140.90426636	-3.81687856
21.53703022	140.90426636	-3.81687856
23.53703022	140.90426636	-3.81687856
25.53703022	140.90426636	-3.81687856
27.53703022	140.90426636	-3.81687856
29.53703022	140.90426636	-3.81687856
31.53703022	140.90426636	-3.81687856
33.53703022	140.90426636	-3.81687856
35.53703022	140.90426636	-3.81687856
37.53703022	140.90426636	-3.81687856
39.53703022	140.90426636	-3.81687856
41.53703022	140.90426636	-3.81687856
43.53703022	140.90426636	-3.81687856
45.53703022	140.90426636	-3.81687856
47.53703022	140.90426636	-3.82760143
49.53703022	140.90426636	-3.80635476
51.53703022	140.90426636	-3.80308548
53.53703022	140.90426636	-3.81008871
55.53703022	140.90426636	-3.79786588
57.53703022	140.90426636	-3.79933043
59.53703022	140.90426636	-3.79150670
61.53703022	140.90426636	-3.79727989
63.53703022	140.90426636	-3.80124602
65.53703022	140.90426636	-3.80669060
67.53703022	140.90426636	-3.82559352
69.53703022	140.90426636	-3.84371386
71.53703022	140.90426636	-3.83368945
73.53703022	140.90426636	-3.89245081
75.53703022	140.90426636	-3.94986629
77.53703022	140.90426636	-3.88954377
79.53703022	140.90426636	-3.89044309
81.53703022	140.90426636	-3.90280461
83.53703022	140.90426636	-3.87371586
85.53703022	140.90426636	-3.88021111
87.53703022	140.90426636	-3.87871617
89.53703022	140.90426636	-3.86846506
91.53703022	140.90426636	-3.85947287
93.53703022	140.90426636	-3.86312811
95.53703022	140.90426636	-3.85201530
97.53703022	140.90426636	-3.85100829
99.53703022	140.90426636	-3.85220757
101.53703022	140.90426636	-3.85644249
103.53703022	140.90426636	-3.85581255
105.53703022	140.90426636	-3.87158960
107.53703022	140.90426636	-3.89933679
109.53703022	140.90426636	-3.95878117
111.53703022	140.90426636	-3.94194061
113.53703022	140.90426636	-3.91473317
115.53703022	140.90426636	-3.88695312
117.53703022	140.90426636	-3.87727952
119.53703022	140.90426636	-3.81863787
121.53703022	140.90426636	-3.89723372
123.53703022	140.90426636	-3.91240358
125.53703022	140.90426636	-3.90376306
127.53703022	140.90426636	-3.84224415
129.53703022	140.90426636	-3.85303760
131.53703022	140.90426636	-3.84615088
133.53703022	140.90426636	-3.81970120
135.53703022	140.90426636	-3.81266662
137.53703022	140.90426636	-3.81852282
139.53703022	140.90426636	-3.81306470
141.53703022	140.90426636	-3.81503854
143.53703022	140.90426636	-3.80995912
145.53703022	140.90426636	-3.80670772
147.53703022	140.90426636	-3.80020506
149.53703022	140.90426636	-3.79528128
151.53703022	140.90426636	-3.79102083
153.53703022	140.90426636	-3.78847424
155.53703022	140.90426636	-3.76202878
157.53703022	140.90426636	-3.78069822
159.53703022	140.90426636	-3.66401420
161.53703022	140.90426636	-3.74090886
163.53703022	140.90426636	-3.76697159
165.53703022	140.90426636	-3.85451388
167.53703022	140.90426636	-3.81222296
169.53703022	140.90426636	-3.79657581
171.53703022	140.90426636	-3.80428837
173.53703022	140.90426636	-3.79152679
175.53703022	140.90426636	-3.78532587
177.53703022	140.90426636	-3.77953646
179.53703022	140.90426636	-3.77237567
181.53703022	140.90426636	-3.76930080
183.53703022	140.90426636	-3.76697611
185.53703022	140.90426636	-3.76790775
187.53703022	140.90426636	-3.76866688
189.53703022	140.90426636	-3.77152551
191.53703022	140.90426636	-3.77630497
193.53703022	140.90426636	-3.78006674
195.53703022	140.90426636	-3.78349734
197.53703022	140.90426636	-3.78520231
199.53703022	140.90426636	-3.78792131
201.53703022	140.90426636	-3.78975371
203.53703022	140.90426636	-3.79340941
205.53703022	140.90426636	-3.79393299
207.53703022	140.90426636	-3.79715942
209.53703022	140.90426636	-3.79844992
211.53703022	140.90426636	-3.80785371
213.53703022	140.90426636	-3.81085732
215.53703022	140.90426636	-3.81934804
217.53703022	140.90426636	-3.82282069
219.53703022	140.90426636	-3.81649825
221.53703022	140.90426636	-3.84931174
223.53703022	140.90426636	-3.83322998
225.53703022	140.90426636	-3.82618700
227.53703022	140.90426636	-3.81208093
229.53703022	140.90426636	-3.80885103
231.53703022	140.90426636	-3.80833385
233.53703022	140.90426636	-3.85336065
235.53703022	140.90426636	-3.87273526
237.53703022	140.90426636	-3.84762168
239.53703022	140.90426636	-3.84762168
241.53703022	140.90426636	-3.84762168
243.53703022	140.90426636	-3.84762168
245.53703022	140.90426636	-3.84762168
247.53703022	140.90426636	-3.84762168
249.53703022	140.90426636	-3.84762168
251.53703022	140.90426636	-3.84762168
253.53703022	140.90426636	-3.84762168
255.53703022	140.90426636	-3.84762168
257.53703022	140.90426636	-3.84762168
259.53703022	140.90426636	-3.84762168
261.53703022	140.90426636	-3.84762168
263.53703022	140.90426636	-3.84762168
265.53703022	140.90426636	-3.84762168
267.53703022	140.90426636	-3.84762168
269.53703022	140.90426636	-3.84762168
271.53703022	140.90426636	-3.84762168
273.53703022	140.90426636	-3.84762168
275.53703022	140.90426636	-3.84762168
277.53703022	140.90426636	-3.84762168
279.53703022	140.90426636	-3.84762168
281.53703022	140.90426636	-3.84762168
-8.46296978	142.90426636	-3.83665776
-6.46296978	142.90426636	-3.83665776
-4.46296978	142.90426636	-3.83665776
-2.46296978	142.90426636	-3.83665776
-0.46296978	142.90426636	-3.83665776
1.53703022	142.90426636	-3.83665776
3.53703022	142.90426636	-3.83665776
5.53703022	142.90426636	-3.83665776
7.53703022	142.90426636	-3.83665776
9.53703022	142.90426636	-3.83665776
11.53703022	142.90426636	-3.83665776
13.53703022	142.90426636	-3.83665776
15.53703022	142.90426636	-3.83665776
17.53703022	142.90426636	-3.83665776
19.53703022	142.90426636	-3.83665776
21.53703022	142.90426636	-3.83665776
23.53703022	142.90426636	-3.83665776
25.53703022	142.90426636	-3.83665776
27.53703022	142.90426636	-3.83665776
29.53703022	142.90426636	-3.83665776
31.53703022	142.90426636	-3.83665776
33.53703022	142.90426636	-3.83665776
35.53703022	142.90426636	-3.83665776
37.53703022	142.90426636	-3.83665776
39.53703022	142.90426636	-3.83665776
41.53703022	142.90426636	-3.83665776
43.53703022	142.90426636	-3.83665776
45.53703022	142.90426636	-3.83665776
47.53703022	142.90426636	-3.82815742
49.53703022	142.90426636	-3.84760666
51.53703022	142.90426636	-3.80251408
53.53703022	142.90426636	-3.80831985
55.53703022	142.90426636	-3.78922852
57.53703022	142.90426636	-3.78394389
59.53703022	142.90426636	-3.78403952
61.53703022	142.90426636	-3.78379115
63.53703022	142.90426636	-3.78747953
65.53703022	142.90426636	-3.79357768
67.53703022	142.90426636	-3.80341812
69.53703022	142.90426636	-3.80955685
71.53703022	142.90426636	-3.70797825
73.53703022	142.90426636	-3.88268089
75.53703022	142.90426636	-3.90634394
77.53703022	142.90426636	-3.89437723
79.53703022	142.90426636	-3.90127908
81.53703022	142.90426636	-3.89691153
83.53703022	142.90426636	-3.89260626
85.53703022	142.90426636	-3.89083761
87.53703022	142.90426636	-3.88498525
89.53703022	142.90426636	-3.87936632
91.53703022	142.90426636	-3.86205549
93.53703022	142.90426636	-3.85456393
95.53703022	142.90426636	-3.85764377
97.53703022	142.90426636	-3.85276884
99.53703022	142.90426636	-3.85202480
101.53703022	142.90426636	-3.85185447
103.53703022	142.90426636	-3.85550379
105.53703022	142.90426636	-3.86679126
107.53703022	142.90426636	-3.95265982
109.53703022	142.90426636	-3.91304153
111.53703022	142.90426636	-3.90376925
113.53703022	142.90426636	-3.91227770
115.53703022	142.90426636	-3.89819998
117.53703022	142.90426636	-3.91250097
119.53703022	142.90426636	-3.88185041
121.53703022	142.90426636	-3.88802719
123.53703022	142.90426636	-3.89013457
125.53703022	142.90426636	-3.85759282
127.53703022	142.90426636	-3.56874657
129.53703022	142.90426636	-3.74566295
131.53703022	142.90426636	-3.77449326
133.53703022	142.90426636	-3.79037368
135.53703022	142.90426636	-3.79721022
137.53703022	142.90426636	-3.79976423
139.53703022	142.90426636	-3.80008394
141.53703022	142.90426636	-3.79800457
143.53703022	142.90426636	-3.79431081
145.53703022	142.90426636	-3.78930479
147.53703022	142.90426636	-3.78425434
149.53703022	142.90426636	-3.77974657
151.53703022	142.90426636	-3.77646506
153.53703022	142.90426636	-3.77023905
155.53703022	142.90426636	-3.77785277
157.53703022	142.90426636	-3.77421058
159.53703022	142.90426636	-3.78103957
161.53703022	142.90426636	-3.67516917
163.53703022	142.90426636	-3.84143686
165.53703022	142.90426636	-3.83993363
167.53703022	142.90426636	-3.83214259
169.53703022	142.90426636	-3.67335486
171.53703022	142.90426636	-3.80204908
173.53703022	142.90426636	-3.79958135
175.53703022	142.90426636	-3.79000394
177.53703022	142.90426636	-3.78149941
179.53703022	142.90426636	-3.78234896
181.53703022	142.90426636	-3.77777718
183.53703022	142.90426636	-3.77636638
185.53703022	142.90426636	-3.77546883
187.53703022	142.90426636	-3.77424674
189.53703022	142.90426636	-3.77666951
191.53703022	142.90426636	-3.77923225
193.53703022	142.90426636	-3.78632756
195.53703022	142.90426636	-3.78734175
197.53703022	142.90426636	-3.79921524
199.53703022	142.90426636	-3.79893910
201.53703022	142.90426636	-3.80341269
203.53703022	142.90426636	-3.80811730
205.53703022	142.90426636	-3.81089267
207.53703022	142.90426636	-3.81202530
209.53703022	142.90426636	-3.81597814
211.53703022	142.90426636	-3.82197927
213.53703022	142.90426636	-3.82995368
215.53703022	142.90426636	-3.83178918
217.53703022	142.90426636	-3.84277257
219.53703022	142.90426636	-3.84688194
221.53703022	142.90426636	-3.83153305
223.53703022	142.90426636	-3.92352223
225.53703022	142.90426636	-3.83663713
227.53703022	142.90426636	-3.81162016
229.53703022	142.90426636	-3.80829024
231.53703022	142.90426636	-3.85599971
233.53703022	142.90426636	-3.79576635
235.53703022	142.90426636	-3.79576635
237.53703022	142.90426636	-3.79576635
239.53703022	142.90426636	-3.79576635
241.53703022	142.90426636	-3.79576635
243.53703022	142.90426636	-3.79576635
245.53703022	142.90426636	-3.79576635
247.53703022	142.90426636	-3.79576635
249.53703022	142.90426636	-3.79576635
251.53703022	142.90426636	-3.79576635
253.53703022	142.90426636	-3.79576635
255.53703022	142.90426636	-3.79576635
257.53703022	142.90426636	-3.79576635
259.53703022	142.90426636	-3.79576635
261.53703022	142.90426636	-3.79576635
263.53703022	142.90426636	-3.79576635
265.53703022	142.90426636	-3.79576635
267.53703022	142.90426636	-3.79576635
269.53703022	142.90426636	-3.79576635
271.53703022	142.90426636	-3.79576635
273.53703022	142.90426636	-3.79576635
275.53703022	142.90426636	-3.79576635
277.53703022	142.90426636	-3.79576635
279.53703022	142.90426636	-3.79576635
281.53703022	142.90426636	-3.79576635
-8.46296978	144.90426636	-3.85288811
-6.46296978	144.90426636	-3.85288811
-4.46296978	144.90426636	-3.85288811
-2.46296978	144.90426636	-3.85288811
-0.46296978	144.90426636	-3.85288811
1.53703022	144.90426636	-3.85288811
3.53703022	144.90426636	-3.85288811
5.53703022	144.90426636	-3.85288811
7.53703022	144.90426636	-3.85288811
9.53703022	144.90426636	-3.85288811
11.53703022	144.90426636	-3.85288811
13.53703022	144.90426636	-3.85288811
15.53703022	144.90426636	-3.85288811
17.53703022	144.90426636	-3.85288811
19.53703022	144.90426636	-3.85288811
21.53703022	144.90426636	-3.85288811
23.53703022	144.90426636	-3.85288811
25.53703022	144.90426636	-3.85288811
27.53703022	144.90426636	-3.85288811
29.53703022	144.90426636	-3.85288811
31.53703022	144.90426636	-3.85288811
33.53703022	144.90426636	-3.85288811
35.53703022	144.90426636	-3.85288811
37.53703022	144.90426636	-3.85288811
39.53703022	144.90426636	-3.85288811
41.53703022	144.90426636	-3.85288811
43.53703022	144.90426636	-3.85288811
45.53703022	144.90426636	-3.85288811
47.53703022	144.90426636	-3.83841419
49.53703022	144.90426636	-3.85571027
51.53703022	144.90426636	-3.81523204
53.53703022	144.90426636	-3.80343350
55.53703022	144.90426636	-3.78984747
57.53703022	144.90426636	-3.78969852
59.53703022	144.90426636	-3.78687251
61.53703022	144.90426636	-3.79152975
63.53703022	144.90426636	-3.79753393
65.53703022	144.90426636	-3.80503673
67.53703022	144.90426636	-3.82663073
69.53703022	144.90426636	-3.84779029
71.53703022	144.90426636	-3.86811861
73.53703022	144.90426636	-3.91002903
75.53703022	144.90426636	-3.89328980
77.53703022	144.90426636	-3.89349318
79.53703022	144.90426636	-3.88177661
81.53703022	144.90426636	-3.87898982
83.53703022	144.90426636	-3.86670954
85.53703022	144.90426636	-3.86490509
87.53703022	144.90426636	-3.85677930
89.53703022	144.90426636	-3.84757572
91.53703022	144.90426636	-3.84077132
93.53703022	144.90426636	-3.83904711
95.53703022	144.90426636	-3.83495923
97.53703022	144.90426636	-3.83600820
99.53703022	144.90426636	-3.84000906
101.53703022	144.90426636	-3.84564507
103.53703022	144.90426636	-3.84987445
105.53703022	144.90426636	-3.86484733
107.53703022	144.90426636	-3.91813213
109.53703022	144.90426636	-3.90613970
111.53703022	144.90426636	-3.95887470
113.53703022	144.90426636	-3.87900121
115.53703022	144.90426636	-3.87050377
117.53703022	144.90426636	-3.83287212
119.53703022	144.90426636	-3.68245352
121.53703022	144.90426636	-3.72991012
123.53703022	144.90426636	-3.57096839
125.53703022	144.90426636	-3.80368303
127.53703022	144.90426636	-3.75919221
129.53703022	144.90426636	-3.79696605
131.53703022	144.90426636	-3.80066125
133.53703022	144.90426636	-3.80382917
135.53703022	144.90426636	-3.80214841
137.53703022	144.90426636	-3.80440647
139.53703022	144.90426636	-3.80003840
141.53703022	144.90426636	-3.79802674
143.53703022	144.90426636	-3.79277788
145.53703022	144.90426636	-3.78863508
147.53703022	144.90426636	-3.78386372
149.53703022	144.90426636	-3.78011467
151.53703022	144.90426636	-3.77572374
153.53703022	144.90426636	-3.78004823
155.53703022	144.90426636	-3.77291852
157.53703022	144.90426636	-3.77408229
159.53703022	144.90426636	-3.66198639
161.53703022	144.90426636	-3.74628764
163.53703022	144.90426636	-3.56770539
165.53703022	144.90426636	-3.80360532
167.53703022	144.90426636	-3.83446026
169.53703022	144.90426636	-3.79035854
171.53703022	144.90426636	-3.80340008
173.53703022	144.90426636	-3.79774224
175.53703022	144.90426636	-3.78709234
177.53703022	144.90426636	-3.78106529
179.53703022	144.90426636	-3.77384498
181.53703022	144.90426636	-3.77390831
183.53703022	144.90426636	-3.77349122
185.53703022	144.90426636	-3.77423159
187.53703022	144.90426636	-3.77579126
189.53703022	144.90426636	-3.77666488
191.53703022	144.90426636	-3.78237033
193.53703022	144.90426636	-3.78649640
195.53703022	144.90426636	-3.79213880
197.53703022	144.90426636	-3.78565260
199.53703022	144.90426636	-3.79318181
201.53703022	144.90426636	-3.79198679
203.53703022	144.90426636	-3.80431335
205.53703022	144.90426636	-3.80070628
207.53703022	144.90426636	-3.80730527
209.53703022	144.90426636	-3.80897135
211.53703022	144.90426636	-3.81946502
213.53703022	144.90426636	-3.82161882
215.53703022	144.90426636	-3.82863870
217.53703022	144.90426636	-3.83608012
219.53703022	144.90426636	-3.83599074
221.53703022	144.90426636	-3.86038098
223.53703022	144.90426636	-3.83703954
225.53703022	144.90426636	-3.86293149
227.53703022	144.90426636	-3.82776976
229.53703022	144.90426636	-3.79602385
231.53703022	144.90426636	-3.79602385
233.53703022	144.90426636	-3.79602385
235.53703022	144.90426636	-3.79602385
237.53703022	144.90426636	-3.79602385
239.53703022	144.90426636	-3.79602385
241.53703022	144.90426636	-3.79602385
243.53703022	144.90426636	-3.79602385
245.53703022	144.90426636	-3.79602385
247.53703022	144.90426636	-3.79602385
249.53703022	144.90426636	-3.79602385
251.53703022	144.90426636	-3.79602385
253.53703022	144.90426636	-3.79602385
255.53703022	144.90426636	-3.79602385
257.53703022	144.90426636	-3.79602385
259.53703022	144.90426636	-3.79602385
261.53703022	144.90426636	-3.79602385
263.53703022	144.90426636	-3.79602385
265.53703022	144.90426636	-3.79602385
267.53703022	144.90426636	-3.79602385
269.53703022	144.90426636	-3.79602385
271.53703022	144.90426636	-3.79602385
273.53703022	144.90426636	-3.79602385
275.53703022	144.90426636	-3.79602385
277.53703022	144.90426636	-3.79602385
279.53703022	144.90426636	-3.79602385
281.53703022	144.90426636	-3.79602385
-8.46296978	146.90426636	-3.85131359
-6.46296978	146.90426636	-3.85131359
-4.46296978	146.90426636	-3.85131359
-2.46296978	146.90426636	-3.85131359
-0.46296978	146.90426636	-3.85131359
1.53703022	146.90426636	-3.85131359
3.53703022	146.90426636	-3.85131359
5.53703022	146.90426636	-3.85131359
7.53703022	146.90426636	-3.85131359
9.53703022	146.90426636	-3.85131359
11.53703022	146.90426636	-3.85131359
13.53703022	146.90426636	-3.85131359
15.53703022	146.90426636	-3.85131359
17.53703022	146.90426636	-3.85131359
19.53703022	146.90426636	-3.85131359
21.53703022	146.90426636	-3.85131359
23.53703022	146.90426636	-3.85131359
25.53703022	146.90426636	-3.85131359
27.53703022	146.90426636	-3.85131359
29.53703022	146.90426636	-3.85131359
31.53703022	146.90426636	-3.85131359
33.53703022	146.90426636	-3.85131359
35.53703022	146.90426636	-3.85131359
37.53703022	146.90426636	-3.85131359
39.53703022	146.90426636	-3.85131359
41.53703022	146.90426636	-3.85131359
43.53703022	146.90426636	-3.85131359
45.53703022	146.90426636	-3.85131359
47.53703022	146.90426636	-3.85131359
49.53703022	146.90426636	-3.84162164
51.53703022	146.90426636	-3.84264827
53.53703022	146.90426636	-3.73679113
55.53703022	146.90426636	-3.78389378
57.53703022	146.90426636	-3.78290287
59.53703022	146.90426636	-3.78268547
61.53703022	146.90426636	-3.78377462
63.53703022	146.90426636	-3.78833345
65.53703022	146.90426636	-3.79606359
67.53703022	146.90426636	-3.81129403
69.53703022	146.90426636	-3.81875898
71.53703022	146.90426636	-3.83290685
73.53703022	146.90426636	-3.88927177
75.53703022	146.90426636	-3.89525055
77.53703022	146.90426636	-3.92544699
79.53703022	146.90426636	-3.89018700
81.53703022	146.90426636	-3.88115266
83.53703022	146.90426636	-3.87119353
85.53703022	146.90426636	-3.86527643
87.53703022	146.90426636	-3.85409210
89.53703022	146.90426636	-3.84259870
91.53703022	146.90426636	-3.83489875
93.53703022	146.90426636	-3.82955667
95.53703022	146.90426636	-3.82728538
97.53703022	146.90426636	-3.82686895
99.53703022	146.90426636	-3.82939328
101.53703022	146.90426636	-3.83441712
103.53703022	146.90426636	-3.84184664
105.53703022	146.90426636	-3.85139962
107.53703022	146.90426636	-3.86322236
109.53703022	146.90426636	-3.92271295
111.53703022	146.90426636	-3.92923799
113.53703022	146.90426636	-3.89988023
115.53703022	146.90426636	-3.87626127
117.53703022	146.90426636	-3.84650105
119.53703022	146.90426636	-3.82898789
121.53703022	146.90426636	-3.67305838
123.53703022	146.90426636	-3.67151341
125.53703022	146.90426636	-3.71551983
127.53703022	146.90426636	-3.71528186
129.53703022	146.90426636	-3.76666040
131.53703022	146.90426636	-3.78218632
133.53703022	146.90426636	-3.79327140
135.53703022	146.90426636	-3.79667432
137.53703022	146.90426636	-3.79802126
139.53703022	146.90426636	-3.79642653
141.53703022	146.90426636	-3.79363583
143.53703022	146.90426636	-3.78854994
145.53703022	146.90426636	-3.78325691
147.53703022	146.90426636	-3.77833967
149.53703022	146.90426636	-3.77471219
151.53703022	146.90426636	-3.77112128
153.53703022	146.90426636	-3.77041108
155.53703022	146.90426636	-3.77562606
157.53703022	146.90426636	-3.77542854
159.53703022	146.90426636	-3.77887502
161.53703022	146.90426636	-3.65257008
163.53703022	146.90426636	-3.73860765
165.53703022	146.90426636	-3.86256194
167.53703022	146.90426636	-3.83691978
169.53703022	146.90426636	-3.82715416
171.53703022	146.90426636	-3.81424594
173.53703022	146.90426636	-3.80030102
175.53703022	146.90426636	-3.79217339
177.53703022	146.90426636	-3.78287005
179.53703022	146.90426636	-3.77871838
181.53703022	146.90426636	-3.77468798
183.53703022	146.90426636	-3.77353827
185.53703022	146.90426636	-3.77439172
187.53703022	146.90426636	-3.77342919
189.53703022	146.90426636	-3.77693918
191.53703022	146.90426636	-3.78170162
193.53703022	146.90426636	-3.78684081
195.53703022	146.90426636	-3.79163307
197.53703022	146.90426636	-3.80201398
199.53703022	146.90426636	-3.81336523
201.53703022	146.90426636	-3.81937361
203.53703022	146.90426636	-3.82197522
205.53703022	146.90426636	-3.82579755
207.53703022	146.90426636	-3.82688317
209.53703022	146.90426636	-3.83074283
211.53703022	146.90426636	-3.83602858
213.53703022	146.90426636	-3.84029184
215.53703022	146.90426636	-3.83838319
217.53703022	146.90426636	-3.84573938
219.53703022	146.90426636	-3.85720521
221.53703022	146.90426636	-3.86016464
223.53703022	146.90426636	-3.84834623
225.53703022	146.90426636	-3.81190777
227.53703022	146.90426636	-3.81190777
229.53703022	146.90426636	-3.81190777
231.53703022	146.90426636	-3.81190777
233.53703022	146.90426636	-3.81190777
235.53703022	146.90426636	-3.81190777
237.53703022	146.90426636	-3.81190777
239.53703022	146.90426636	-3.81190777
241.53703022	146.90426636	-3.81190777
243.53703022	146.90426636	-3.81190777
245.53703022	146.90426636	-3.81190777
247.53703022	146.90426636	-3.81190777
249.53703022	146.90426636	-3.81190777
251.53703022	146.90426636	-3.81190777
253.53703022	146.90426636	-3.81190777
255.53703022	146.90426636	-3.81190777
257.53703022	146.90426636	-3.81190777
259.53703022	146.90426636	-3.81190777
261.53703022	146.90426636	-3.81190777
263.53703022	146.90426636	-3.81190777
265.53703022	146.90426636	-3.81190777
267.53703022	146.90426636	-3.81190777
269.53703022	146.90426636	-3.81190777
271.53703022	146.90426636	-3.81190777
273.53703022	146.90426636	-3.81190777
275.53703022	146.90426636	-3.81190777
277.53703022	146.90426636	-3.81190777
279.53703022	146.90426636	-3.81190777
281.53703022	146.90426636	-3.81190777
-8.46296978	148.90426636	-3.84539533
-6.46296978	148.90426636	-3.84539533
-4.46296978	148.90426636	-3.84539533
-2.46296978	148.90426636	-3.84539533
-0.46296978	148.90426636	-3.84539533
1.53703022	148.90426636	-3.84539533
3.53703022	148.90426636	-3.84539533
5.53703022	148.90426636	-3.84539533
7.53703022	148.90426636	-3.84539533
9.53703022	148.90426636	-3.84539533
11.53703022	148.90426636	-3.84539533
13.53703022	148.90426636	-3.84539533
15.53703022	148.90426636	-3.84539533
17.53703022	148.90426636	-3.84539533
19.53703022	148.90426636	-3.84539533
21.53703022	148.90426636	-3.84539533
23.53703022	148.90426636	-3.84539533
25.53703022	148.90426636	-3.84539533
27.53703022	148.90426636	-3.84539533
29.53703022	148.90426636	-3.84539533
31.53703022	148.90426636	-3.84539533
33.53703022	148.90426636	-3.84539533
35.53703022	148.90426636	-3.84539533
37.53703022	148.90426636	-3.84539533
39.53703022	148.90426636	-3.84539533
41.53703022	148.90426636	-3.84539533
43.53703022	148.90426636	-3.84539533
45.53703022	148.90426636	-3.84539533
47.53703022	148.90426636	-3.84539533
49.53703022	148.90426636	-3.85255122
51.53703022	148.90426636	-3.83862925
53.53703022	148.90426636	-3.84035611
55.53703022	148.90426636	-3.79161550
57.53703022	148.90426636	-3.79283989
59.53703022	148.90426636	-3.78590263
61.53703022	148.90426636	-3.78931193
63.53703022	148.90426636	-3.79242794
65.53703022	148.90426636	-3.79962286
67.53703022	148.90426636	-3.81643585
69.53703022	148.90426636	-3.83869807
71.53703022	148.90426636	-3.87618280
73.53703022	148.90426636	-3.88646333
75.53703022	148.90426636	-3.89914813
77.53703022	148.90426636	-4.04083109
79.53703022	148.90426636	-3.88822433
81.53703022	148.90426636	-3.88719388
83.53703022	148.90426636	-3.87178951
85.53703022	148.90426636	-3.86929181
87.53703022	148.90426636	-3.85707503
89.53703022	148.90426636	-3.85029219
91.53703022	148.90426636	-3.84225184
93.53703022	148.90426636	-3.83788132
95.53703022	148.90426636	-3.83339904
97.53703022	148.90426636	-3.83240925
99.53703022	148.90426636	-3.83486152
101.53703022	148.90426636	-3.83995577
103.53703022	148.90426636	-3.84503718
105.53703022	148.90426636	-3.85887844
107.53703022	148.90426636	-3.91903131
109.53703022	148.90426636	-3.88543667
111.53703022	148.90426636	-3.92220040
113.53703022	148.90426636	-3.87521428
115.53703022	148.90426636	-3.88287842
117.53703022	148.90426636	-3.84427346
119.53703022	148.90426636	-3.68432465
121.53703022	148.90426636	-3.79003486
123.53703022	148.90426636	-3.67752927
125.53703022	148.90426636	-3.80405691
127.53703022	148.90426636	-3.74382241
129.53703022	148.90426636	-3.80312410
131.53703022	148.90426636	-3.79446449
133.53703022	148.90426636	-3.80744254
135.53703022	148.90426636	-3.80345332
137.53703022	148.90426636	-3.80838950
139.53703022	148.90426636	-3.80397629
141.53703022	148.90426636	-3.80252199
143.53703022	148.90426636	-3.79540017
145.53703022	148.90426636	-3.79047184
147.53703022	148.90426636	-3.78413721
149.53703022	148.90426636	-3.77932547
151.53703022	148.90426636	-3.76943116
153.53703022	148.90426636	-3.77968843
155.53703022	148.90426636	-3.76776080
157.53703022	148.90426636	-3.77642698
159.53703022	148.90426636	-3.64775568
161.53703022	148.90426636	-3.79772136
163.53703022	148.90426636	-3.74887948
165.53703022	148.90426636	-3.79985654
167.53703022	148.90426636	-3.85020757
169.53703022	148.90426636	-3.86017227
171.53703022	148.90426636	-3.82161117
173.53703022	148.90426636	-3.81586838
175.53703022	148.90426636	-3.79288337
177.53703022	148.90426636	-3.78557263
179.53703022	148.90426636	-3.78071147
181.53703022	148.90426636	-3.77711522
183.53703022	148.90426636	-3.77259361
185.53703022	148.90426636	-3.77420257
187.53703022	148.90426636	-3.77593348
189.53703022	148.90426636	-3.77732855
191.53703022	148.90426636	-3.78086162
193.53703022	148.90426636	-3.78656301
195.53703022	148.90426636	-3.78924872
197.53703022	148.90426636	-3.79426244
199.53703022	148.90426636	-3.80529231
201.53703022	148.90426636	-3.79967855
203.53703022	148.90426636	-3.80506330
205.53703022	148.90426636	-3.80590142
207.53703022	148.90426636	-3.81030638
209.53703022	148.90426636	-3.81888701
211.53703022	148.90426636	-3.82282946
213.53703022	148.90426636	-3.81959438
215.53703022	148.90426636	-3.82718304
217.53703022	148.90426636	-3.84029982
219.53703022	148.90426636	-3.84545638
221.53703022	148.90426636	-3.85760870
223.53703022	148.90426636	-3.82941552
225.53703022	148.90426636	-3.81881990
227.53703022	148.90426636	-3.80871604
229.53703022	148.90426636	-3.80530186
231.53703022	148.90426636	-3.81135695
233.53703022	148.90426636	-3.80899571
235.53703022	148.90426636	-3.81242385
237.53703022	148.90426636	-3.81242369
239.53703022	148.90426636	-3.81488734
241.53703022	148.90426636	-3.81485279
243.53703022	148.90426636	-3.81541511
245.53703022	148.90426636	-3.81533366
247.53703022	148.90426636	-3.81515478
249.53703022	148.90426636	-3.81535497
251.53703022	148.90426636	-3.81511065
253.53703022	148.90426636	-3.81491638
255.53703022	148.90426636	-3.81490988
257.53703022	148.90426636	-3.81488861
259.53703022	148.90426636	-3.81495142
261.53703022	148.90426636	-3.81535205
263.53703022	148.90426636	-3.81508798
265.53703022	148.90426636	-3.81488810
267.53703022	148.90426636	-3.81487027
269.53703022	148.90426636	-3.81486387
271.53703022	148.90426636	-3.81792548
273.53703022	148.90426636	-3.82413538
275.53703022	148.90426636	-3.83607866
277.53703022	148.90426636	-3.83311748
279.53703022	148.90426636	-3.83761380
281.53703022	148.90426636	-3.84951629
-8.46296978	150.90426636	-3.84879398
-6.46296978	150.90426636	-3.84879398
-4.46296978	150.90426636	-3.84879398
-2.46296978	150.90426636	-3.84879398
-0.46296978	150.90426636	-3.84879398
1.53703022	150.90426636	-3.84879398
3.53703022	150.90426636	-3.84879398
5.53703022	150.90426636	-3.84879398
7.53703022	150.90426636	-3.84879398
9.53703022	150.90426636	-3.84879398
11.53703022	150.90426636	-3.84879398
13.53703022	150.90426636	-3.84879398
15.53703022	150.90426636	-3.84879398
17.53703022	150.90426636	-3.84879398
19.53703022	150.90426636	-3.84879398
21.53703022	150.90426636	-3.84879398
23.53703022	150.90426636	-3.84879398
25.53703022	150.90426636	-3.84879398
27.53703022	150.90426636	-3.84879398
29.53703022	150.90426636	-3.84879398
31.53703022	150.90426636	-3.84879398
33.53703022	150.90426636	-3.84879398
35.53703022	150.90426636	-3.84879398
37.53703022	150.90426636	-3.84879398
39.53703022	150.90426636	-3.84879398
41.53703022	150.90426636	-3.84879398
43.53703022	150.90426636	-3.84879398
45.53703022	150.90426636	-3.84879398
47.53703022	150.90426636	-3.84879398
49.53703022	150.90426636	-3.84879398
51.53703022	150.90426636	-3.84193254
53.53703022	150.90426636	-3.83062315
55.53703022	150.90426636	-3.74278331
57.53703022	150.90426636	-3.77061261
59.53703022	150.90426636	-3.78824321
61.53703022	150.90426636	-3.77177456
63.53703022	150.90426636	-3.78968007
65.53703022	150.90426636	-3.78072621
67.53703022	150.90426636	-3.79216406
69.53703022	150.90426636	-3.79517036
71.53703022	150.90426636	-3.80307758
73.53703022	150.90426636	-3.81066388
75.53703022	150.90426636	-3.82586330
77.53703022	150.90426636	-3.82834421
79.53703022	150.90426636	-3.81936350
81.53703022	150.90426636	-3.81328449
83.53703022	150.90426636	-3.80533812
85.53703022	150.90426636	-3.80491725
87.53703022	150.90426636	-3.79848502
89.53703022	150.90426636	-3.80369875
91.53703022	150.90426636	-3.79559896
93.53703022	150.90426636	-3.79801651
95.53703022	150.90426636	-3.79249630
97.53703022	150.90426636	-3.79027169
99.53703022	150.90426636	-3.79369960
101.53703022	150.90426636	-3.80549439
103.53703022	150.90426636	-3.80569646
105.53703022	150.90426636	-3.82881117
107.53703022	150.90426636	-3.85235849
109.53703022	150.90426636	-3.83204251
111.53703022	150.90426636	-3.88952492
113.53703022	150.90426636	-3.82381868
115.53703022	150.90426636	-3.87021878
117.53703022	150.90426636	-3.84594701
119.53703022	150.90426636	-3.84688934
121.53703022	150.90426636	-3.82213074
123.53703022	150.90426636	-3.81266235
125.53703022	150.90426636	-3.80160151
127.53703022	150.90426636	-3.78122023
129.53703022	150.90426636	-3.78315344
131.53703022	150.90426636	-3.77196153
133.53703022	150.90426636	-3.77197220
135.53703022	150.90426636	-3.76398969
137.53703022	150.90426636	-3.76241257
139.53703022	150.90426636	-3.75809486
141.53703022	150.90426636	-3.75639531
143.53703022	150.90426636	-3.75350826
145.53703022	150.90426636	-3.75262962
147.53703022	150.90426636	-3.75200826
149.53703022	150.90426636	-3.75333187
151.53703022	150.90426636	-3.75598014
153.53703022	150.90426636	-3.76186679
155.53703022	150.90426636	-3.77095325
157.53703022	150.90426636	-3.77901790
159.53703022	150.90426636	-3.79309352
161.53703022	150.90426636	-3.80689679
163.53703022	150.90426636	-3.81505139
165.53703022	150.90426636	-3.86516490
167.53703022	150.90426636	-3.87723136
169.53703022	150.90426636	-3.88752413
171.53703022	150.90426636	-3.84922051
173.53703022	150.90426636	-3.81474400
175.53703022	150.90426636	-3.80132604
177.53703022	150.90426636	-3.79819767
179.53703022	150.90426636	-3.82813126
181.53703022	150.90426636	-3.82470459
183.53703022	150.90426636	-3.82280617
185.53703022	150.90426636	-3.82528431
187.53703022	150.90426636	-3.79370045
189.53703022	150.90426636	-3.84436038
191.53703022	150.90426636	-3.81641599
193.53703022	150.90426636	-3.81591923
195.53703022	150.90426636	-3.80369728
197.53703022	150.90426636	-3.80773787
199.53703022	150.90426636	-3.82368293
201.53703022	150.90426636	-3.82921297
203.53703022	150.90426636	-3.82500030
205.53703022	150.90426636	-3.83132540
207.53703022	150.90426636	-3.83144302
209.53703022	150.90426636	-3.83649123
211.53703022	150.90426636	-3.83864458
213.53703022	150.90426636	-3.84435797
215.53703022	150.90426636	-3.85102731
217.53703022	150.90426636	-3.86131101
219.53703022	150.90426636	-3.86103385
221.53703022	150.90426636	-3.84051911
223.53703022	150.90426636	-3.83880637
225.53703022	150.90426636	-3.82759777
227.53703022	150.90426636	-3.82611148
229.53703022	150.90426636	-3.82162723
231.53703022	150.90426636	-3.82161332
233.53703022	150.90426636	-3.82160938
235.53703022	150.90426636	-3.82160857
237.53703022	150.90426636	-3.82160830
239.53703022	150.90426636	-3.82160854
241.53703022	150.90426636	-3.82160647
243.53703022	150.90426636	-3.82165338
245.53703022	150.90426636	-3.82165317
247.53703022	150.90426636	-3.82166300
249.53703022	150.90426636	-3.82166721
251.53703022	150.90426636	-3.82166813
253.53703022	150.90426636	-3.82162401
255.53703022	150.90426636	-3.82161272
257.53703022	150.90426636	-3.82160996
259.53703022	150.90426636	-3.82160691
261.53703022	150.90426636	-3.82165352
263.53703022	150.90426636	-3.82166487
265.53703022	150.90426636	-3.82162316
267.53703022	150.90426636	-3.82161254
269.53703022	150.90426636	-3.83169670
271.53703022	150.90426636	-3.83169283
273.53703022	150.90426636	-3.85227225
275.53703022	150.90426636	-3.85226075
277.53703022	150.90426636	-3.89414394
279.53703022	150.90426636	-3.88626018
281.53703022	150.90426636	-3.88668724
-8.46296978	152.90426636	-3.90710044
-6.46296978	152.90426636	-3.90710044
-4.46296978	152.90426636	-3.90710044
-2.46296978	152.90426636	-3.90710044
-0.46296978	152.90426636	-3.90710044
1.53703022	152.90426636	-3.90710044
3.53703022	152.90426636	-3.90710044
5.53703022	152.90426636	-3.90710044
7.53703022	152.90426636	-3.90710044
9.53703022	152.90426636	-3.90710044
11.53703022	152.90426636	-3.90710044
13.53703022	152.90426636	-3.90710044
15.53703022	152.90426636	-3.90710044
17.53703022	152.90426636	-3.90710044
19.53703022	152.90426636	-3.90710044
21.53703022	152.90426636	-3.90710044
23.53703022	152.90426636	-3.90710044
25.53703022	152.90426636	-3.90710044
27.53703022	152.90426636	-3.90710044
29.53703022	152.90426636	-3.90710044
31.53703022	152.90426636	-3.90710044
33.53703022	152.90426636	-3.90710044
35.53703022	152.90426636	-3.90710044
37.53703022	152.90426636	-3.90710044
39.53703022	152.90426636	-3.90710044
41.53703022	152.90426636	-3.90710044
43.53703022	152.90426636	-3.90710044
45.53703022	152.90426636	-3.90710044
47.53703022	152.90426636	-3.90710044
49.53703022	152.90426636	-3.90710044
51.53703022	152.90426636	-3.83988547
53.53703022	152.90426636	-3.87149549
55.53703022	152.90426636	-3.82597542
57.53703022	152.90426636	-3.76818445
59.53703022	152.90426636	-3.76123188
61.53703022	152.90426636	-3.77584296
63.53703022	152.90426636	-3.77004938
65.53703022	152.90426636	-3.77857636
67.53703022	152.90426636	-3.78420070
69.53703022	152.90426636	-3.78726388
71.53703022	152.90426636	-3.79633949
73.53703022	152.90426636	-3.80962533
75.53703022	152.90426636	-3.80806098
77.53703022	152.90426636	-3.81815823
79.53703022	152.90426636	-3.81980554
81.53703022	152.90426636	-3.82360446
83.53703022	152.90426636	-3.80212906
85.53703022	152.90426636	-3.79528587
87.53703022	152.90426636	-3.79990022
89.53703022	152.90426636	-3.79795643
91.53703022	152.90426636	-3.79391781
93.53703022	152.90426636	-3.80682036
95.53703022	152.90426636	-3.81473083
97.53703022	152.90426636	-3.78271315
99.53703022	152.90426636	-3.78722226
101.53703022	152.90426636	-3.79449386
103.53703022	152.90426636	-3.82134063
105.53703022	152.90426636	-3.78477734
107.53703022	152.90426636	-3.86361030
109.53703022	152.90426636	-3.84740832
111.53703022	152.90426636	-3.88938372
113.53703022	152.90426636	-3.92840075
115.53703022	152.90426636	-3.88554159
117.53703022	152.90426636	-3.87778682
119.53703022	152.90426636	-3.87264782
121.53703022	152.90426636	-3.84522446
123.53703022	152.90426636	-3.83448311
125.53703022	152.90426636	-3.81714676
127.53703022	152.90426636	-3.80731994
129.53703022	152.90426636	-3.81170001
131.53703022	152.90426636	-3.80262072
133.53703022	152.90426636	-3.78830245
135.53703022	152.90426636	-3.78189102
137.53703022	152.90426636	-3.76167400
139.53703022	152.90426636	-3.75837970
141.53703022	152.90426636	-3.75187843
143.53703022	152.90426636	-3.74216943
145.53703022	152.90426636	-3.74246275
147.53703022	152.90426636	-3.73976781
149.53703022	152.90426636	-3.74017432
151.53703022	152.90426636	-3.74442540
153.53703022	152.90426636	-3.74968957
155.53703022	152.90426636	-3.75665136
157.53703022	152.90426636	-3.76622364
159.53703022	152.90426636	-3.78097679
161.53703022	152.90426636	-3.79627812
163.53703022	152.90426636	-3.81242960
165.53703022	152.90426636	-3.80538106
167.53703022	152.90426636	-3.64600945
169.53703022	152.90426636	-3.88774276
171.53703022	152.90426636	-3.84678245
173.53703022	152.90426636	-3.83691525
175.53703022	152.90426636	-3.83713102
177.53703022	152.90426636	-3.88932896
179.53703022	152.90426636	-3.81798326
181.53703022	152.90426636	-3.79649760
183.53703022	152.90426636	-3.75970606
185.53703022	152.90426636	-3.77780439
187.53703022	152.90426636	-3.80163165
189.53703022	152.90426636	-3.80684168
191.53703022	152.90426636	-3.81698460
193.53703022	152.90426636	-3.81637545
195.53703022	152.90426636	-3.82276176
197.53703022	152.90426636	-3.83510201
199.53703022	152.90426636	-3.84229755
201.53703022	152.90426636	-3.87486883
203.53703022	152.90426636	-3.90821338
205.53703022	152.90426636	-3.88057790
207.53703022	152.90426636	-3.88769917
209.53703022	152.90426636	-3.89016766
211.53703022	152.90426636	-3.87459159
213.53703022	152.90426636	-3.87459159
215.53703022	152.90426636	-3.87459159
217.53703022	152.90426636	-3.87459159
219.53703022	152.90426636	-3.87459159
221.53703022	152.90426636	-3.87459159
223.53703022	152.90426636	-3.87459159
225.53703022	152.90426636	-3.87459159
227.53703022	152.90426636	-3.87459159
229.53703022	152.90426636	-3.87459159
231.53703022	152.90426636	-3.87459159
233.53703022	152.90426636	-3.87459159
235.53703022	152.90426636	-3.87459159
237.53703022	152.90426636	-3.87459159
239.53703022	152.90426636	-3.87459159
241.53703022	152.90426636	-3.87459159
243.53703022	152.90426636	-3.87459159
245.53703022	152.90426636	-3.87459159
247.53703022	152.90426636	-3.87459159
249.53703022	152.90426636	-3.87459159
251.53703022	152.90426636	-3.87459159
253.53703022	152.90426636	-3.87459159
255.53703022	152.90426636	-3.87459159
257.53703022	152.90426636	-3.87459159
259.53703022	152.90426636	-3.87459159
261.53703022	152.90426636	-3.87459159
263.53703022	152.90426636	-3.87459159
265.53703022	152.90426636	-3.87459159
267.53703022	152.90426636	-3.87459159
269.53703022	152.90426636	-3.87459159
271.53703022	152.90426636	-3.87459159
273.53703022	152.90426636	-3.87459159
275.53703022	152.90426636	-3.87459159
277.53703022	152.90426636	-3.87459159
279.53703022	152.90426636	-3.87459159
281.53703022	152.90426636	-3.87459159
-8.46296978	154.90426636	-3.87248180
-6.46296978	154.90426636	-3.87342739
-4.46296978	154.90426636	-3.87337525
-2.46296978	154.90426636	-3.87586188
-0.46296978	154.90426636	-3.87504035
1.53703022	154.90426636	-3.85844011
3.53703022	154.90426636	-3.86978380
5.53703022	154.90426636	-3.86593524
7.53703022	154.90426636	-3.87037745
9.53703022	154.90426636	-3.87773607
11.53703022	154.90426636	-3.87342763
13.53703022	154.90426636	-3.87436704
15.53703022	154.90426636	-3.87510558
17.53703022	154.90426636	-3.87724085
19.53703022	154.90426636	-3.87626666
21.53703022	154.90426636	-3.87579356
23.53703022	154.90426636	-3.87605238
25.53703022	154.90426636	-3.87687580
27.53703022	154.90426636	-3.87650547
29.53703022	154.90426636	-3.87731014
31.53703022	154.90426636	-3.87616040
33.53703022	154.90426636	-3.87446608
35.53703022	154.90426636	-3.87809498
37.53703022	154.90426636	-3.87621311
39.53703022	154.90426636	-3.87620428
41.53703022	154.90426636	-3.87622876
43.53703022	154.90426636	-3.87580723
45.53703022	154.90426636	-3.86977340
47.53703022	154.90426636	-3.88541418
49.53703022	154.90426636	-3.85306606
51.53703022	154.90426636	-3.88418484
53.53703022	154.90426636	-3.83542085
55.53703022	154.90426636	-3.79916739
57.53703022	154.90426636	-3.72877955
59.53703022	154.90426636	-3.78340987
61.53703022	154.90426636	-3.77013090
63.53703022	154.90426636	-3.78037522
65.53703022	154.90426636	-3.77590703
67.53703022	154.90426636	-3.78360272
69.53703022	154.90426636	-3.78756560
71.53703022	154.90426636	-3.79554521
73.53703022	154.90426636	-3.80548507
75.53703022	154.90426636	-3.81671578
77.53703022	154.90426636	-3.81826212
79.53703022	154.90426636	-3.80461332
81.53703022	154.90426636	-3.80344327
83.53703022	154.90426636	-3.79186533
85.53703022	154.90426636	-3.79413646
87.53703022	154.90426636	-3.79241571
89.53703022	154.90426636	-3.80087269
91.53703022	154.90426636	-3.80123214
93.53703022	154.90426636	-3.81763492
95.53703022	154.90426636	-3.79027864
97.53703022	154.90426636	-3.79698907
99.53703022	154.90426636	-3.79746389
101.53703022	154.90426636	-3.80646423
103.53703022	154.90426636	-3.81890237
105.53703022	154.90426636	-3.83325232
107.53703022	154.90426636	-3.78643112
109.53703022	154.90426636	-3.80045388
111.53703022	154.90426636	-3.86084726
113.53703022	154.90426636	-3.85530233
115.53703022	154.90426636	-3.92067289
117.53703022	154.90426636	-3.88958976
119.53703022	154.90426636	-3.86272401
121.53703022	154.90426636	-3.84372906
123.53703022	154.90426636	-3.82629032
125.53703022	154.90426636	-3.81316057
127.53703022	154.90426636	-3.80084031
129.53703022	154.90426636	-3.79188075
131.53703022	154.90426636	-3.78701679
133.53703022	154.90426636	-3.77413021
135.53703022	154.90426636	-3.75730531
137.53703022	154.90426636	-3.75397107
139.53703022	154.90426636	-3.75057455
141.53703022	154.90426636	-3.74761237
143.53703022	154.90426636	-3.74453109
145.53703022	154.90426636	-3.74502222
147.53703022	154.90426636	-3.74563085
149.53703022	154.90426636	-3.74931685
151.53703022	154.90426636	-3.75372505
153.53703022	154.90426636	-3.76064379
155.53703022	154.90426636	-3.77027416
157.53703022	154.90426636	-3.78187350
159.53703022	154.90426636	-3.79666139
161.53703022	154.90426636	-3.81087761
163.53703022	154.90426636	-3.82213725
165.53703022	154.90426636	-3.87834519
167.53703022	154.90426636	-3.89319252
169.53703022	154.90426636	-3.91541886
171.53703022	154.90426636	-3.88872433
173.53703022	154.90426636	-3.87054276
175.53703022	154.90426636	-3.88246942
177.53703022	154.90426636	-3.83116937
179.53703022	154.90426636	-3.78942356
181.53703022	154.90426636	-3.83284777
183.53703022	154.90426636	-3.80304658
185.53703022	154.90426636	-3.83650198
187.53703022	154.90426636	-3.81824823
189.53703022	154.90426636	-3.84248502
191.53703022	154.90426636	-3.83285316
193.53703022	154.90426636	-3.83595152
195.53703022	154.90426636	-3.82663770
197.53703022	154.90426636	-3.84275653
199.53703022	154.90426636	-3.87719669
201.53703022	154.90426636	-3.89342368
203.53703022	154.90426636	-3.90872812
205.53703022	154.90426636	-3.90607142
207.53703022	154.90426636	-3.87253070
209.53703022	154.90426636	-3.90113616
211.53703022	154.90426636	-3.90113616
213.53703022	154.90426636	-3.90113616
215.53703022	154.90426636	-3.90113616
217.53703022	154.90426636	-3.90113616
219.53703022	154.90426636	-3.90113616
221.53703022	154.90426636	-3.90113616
223.53703022	154.90426636	-3.90113616
225.53703022	154.90426636	-3.90113616
227.53703022	154.90426636	-3.90113616
229.53703022	154.90426636	-3.90113616
231.53703022	154.90426636	-3.90113616
233.53703022	154.90426636	-3.90113616
235.53703022	154.90426636	-3.90113616
237.53703022	154.90426636	-3.90113616
239.53703022	154.90426636	-3.90113616
241.53703022	154.90426636	-3.90113616
243.53703022	154.90426636	-3.90113616
245.53703022	154.90426636	-3.90113616
247.53703022	154.90426636	-3.90113616
249.53703022	154.90426636	-3.90113616
251.53703022	154.90426636	-3.90113616
253.53703022	154.90426636	-3.90113616
255.53703022	154.90426636	-3.90113616
257.53703022	154.90426636	-3.90113616
259.53703022	154.90426636	-3.90113616
261.53703022	154.90426636	-3.90113616
263.53703022	154.90426636	-3.90113616
265.53703022	154.90426636	-3.90113616
267.53703022	154.90426636	-3.90113616
269.53703022	154.90426636	-3.90113616
271.53703022	154.90426636	-3.90113616
273.53703022	154.90426636	-3.90113616
275.53703022	154.90426636	-3.90113616
277.53703022	154.90426636	-3.90113616
279.53703022	154.90426636	-3.90113616
281.53703022	154.90426636	-3.90113616
-8.46296978	156.90426636	-3.88513023
-6.46296978	156.90426636	-3.88538696
-4.46296978	156.90426636	-3.88556331
-2.46296978	156.90426636	-3.88618648
-0.46296978	156.90426636	-3.88600503
1.53703022	156.90426636	-3.88583691
3.53703022	156.90426636	-3.88534242
5.53703022	156.90426636	-3.88408684
7.53703022	156.90426636	-3.88566138
9.53703022	156.90426636	-3.88818693
11.53703022	156.90426636	-3.88648285
13.53703022	156.90426636	-3.88648115
15.53703022	156.90426636	-3.88710572
17.53703022	156.90426636	-3.88800511
19.53703022	156.90426636	-3.88767183
21.53703022	156.90426636	-3.88749688
23.53703022	156.90426636	-3.89120940
25.53703022	156.90426636	-3.88925590
27.53703022	156.90426636	-3.88815421
29.53703022	156.90426636	-3.88885145
31.53703022	156.90426636	-3.88885145
33.53703022	156.90426636	-3.88801741
35.53703022	156.90426636	-3.88842762
37.53703022	156.90426636	-3.88920131
39.53703022	156.90426636	-3.88668229
41.53703022	156.90426636	-3.88982206
43.53703022	156.90426636	-3.88771248
45.53703022	156.90426636	-3.88664089
47.53703022	156.90426636	-3.88311806
49.53703022	156.90426636	-3.85621516
51.53703022	156.90426636	-3.81545441
53.53703022	156.90426636	-3.83983302
55.53703022	156.90426636	-3.80182624
57.53703022	156.90426636	-3.79914117
59.53703022	156.90426636	-3.75918261
61.53703022	156.90426636	-3.77679782
63.53703022	156.90426636	-3.77274807
65.53703022	156.90426636	-3.77860956
67.53703022	156.90426636	-3.78160369
69.53703022	156.90426636	-3.78920108
71.53703022	156.90426636	-3.79563066
73.53703022	156.90426636	-3.80537256
75.53703022	156.90426636	-3.80461592
77.53703022	156.90426636	-3.81094470
79.53703022	156.90426636	-3.80856313
81.53703022	156.90426636	-3.80672114
83.53703022	156.90426636	-3.80739741
85.53703022	156.90426636	-3.79161165
87.53703022	156.90426636	-3.79235366
89.53703022	156.90426636	-3.75338544
91.53703022	156.90426636	-3.80792089
93.53703022	156.90426636	-3.80240983
95.53703022	156.90426636	-3.81961652
97.53703022	156.90426636	-3.80681378
99.53703022	156.90426636	-3.80359903
101.53703022	156.90426636	-3.81716343
103.53703022	156.90426636	-3.83247584
105.53703022	156.90426636	-3.80381378
107.53703022	156.90426636	-3.83803281
109.53703022	156.90426636	-3.75719118
111.53703022	156.90426636	-3.91830522
113.53703022	156.90426636	-3.89640069
115.53703022	156.90426636	-3.93112135
117.53703022	156.90426636	-3.87772401
119.53703022	156.90426636	-3.86488854
121.53703022	156.90426636	-3.84470126
123.53703022	156.90426636	-3.83030608
125.53703022	156.90426636	-3.81712480
127.53703022	156.90426636	-3.80531814
129.53703022	156.90426636	-3.79974183
131.53703022	156.90426636	-3.79580856
133.53703022	156.90426636	-3.77770800
135.53703022	156.90426636	-3.77137781
137.53703022	156.90426636	-3.75621387
139.53703022	156.90426636	-3.75055725
141.53703022	156.90426636	-3.74437715
143.53703022	156.90426636	-3.74104312
145.53703022	156.90426636	-3.74049321
147.53703022	156.90426636	-3.73970927
149.53703022	156.90426636	-3.74232504
151.53703022	156.90426636	-3.74645382
153.53703022	156.90426636	-3.75288182
155.53703022	156.90426636	-3.76007488
157.53703022	156.90426636	-3.77091698
159.53703022	156.90426636	-3.78554904
161.53703022	156.90426636	-3.80199602
163.53703022	156.90426636	-3.81434359
165.53703022	156.90426636	-3.81300094
167.53703022	156.90426636	-3.88281913
169.53703022	156.90426636	-3.82090926
171.53703022	156.90426636	-3.90726924
173.53703022	156.90426636	-3.86525106
175.53703022	156.90426636	-3.82661343
177.53703022	156.90426636	-3.83028674
179.53703022	156.90426636	-3.81960797
181.53703022	156.90426636	-3.54575777
183.53703022	156.90426636	-3.77950406
185.53703022	156.90426636	-3.81772568
187.53703022	156.90426636	-3.82860883
189.53703022	156.90426636	-3.83242914
191.53703022	156.90426636	-3.83707602
193.53703022	156.90426636	-3.84395361
195.53703022	156.90426636	-3.91014981
197.53703022	156.90426636	-3.84885070
199.53703022	156.90426636	-3.85983658
201.53703022	156.90426636	-3.85737562
203.53703022	156.90426636	-3.84656119
205.53703022	156.90426636	-3.84656119
207.53703022	156.90426636	-3.84656119
209.53703022	156.90426636	-3.84656119
211.53703022	156.90426636	-3.84656119
213.53703022	156.90426636	-3.84656119
215.53703022	156.90426636	-3.84656119
217.53703022	156.90426636	-3.84656119
219.53703022	156.90426636	-3.84656119
221.53703022	156.90426636	-3.84656119
223.53703022	156.90426636	-3.84656119
225.53703022	156.90426636	-3.84656119
227.53703022	156.90426636	-3.84656119
229.53703022	156.90426636	-3.84656119
231.53703022	156.90426636	-3.84656119
233.53703022	156.90426636	-3.84656119
235.53703022	156.90426636	-3.84656119
237.53703022	156.90426636	-3.84656119
239.53703022	156.90426636	-3.84656119
241.53703022	156.90426636	-3.84656119
243.53703022	156.90426636	-3.84656119
245.53703022	156.90426636	-3.84656119
247.53703022	156.90426636	-3.84656119
249.53703022	156.90426636	-3.84656119
251.53703022	156.90426636	-3.84656119
253.53703022	156.90426636	-3.84656119
255.53703022	156.90426636	-3.84656119
257.53703022	156.90426636	-3.84656119
259.53703022	156.90426636	-3.84656119
261.53703022	156.90426636	-3.84656119
263.53703022	156.90426636	-3.84656119
265.53703022	156.90426636	-3.84656119
267.53703022	156.90426636	-3.84656119
269.53703022	156.90426636	-3.84656119
271.53703022	156.90426636	-3.84656119
273.53703022	156.90426636	-3.84656119
275.53703022	156.90426636	-3.84656119
277.53703022	156.90426636	-3.84656119
279.53703022	156.90426636	-3.84656119
281.53703022	156.90426636	-3.84656119
-8.46296978	158.90426636	-3.87583041
-6.46296978	158.90426636	-3.87583041
-4.46296978	158.90426636	-3.87583041
-2.46296978	158.90426636	-3.87583041
-0.46296978	158.90426636	-3.87583041
1.53703022	158.90426636	-3.87583041
3.53703022	158.90426636	-3.87583041
5.53703022	158.90426636	-3.87583041
7.53703022	158.90426636	-3.87583041
9.53703022	158.90426636	-3.87583041
11.53703022	158.90426636	-3.87583041
13.53703022	158.90426636	-3.87583041
15.53703022	158.90426636	-3.87583041
17.53703022	158.90426636	-3.87583041
19.53703022	158.90426636	-3.87583041
21.53703022	158.90426636	-3.87583041
23.53703022	158.90426636	-3.87583041
25.53703022	158.90426636	-3.87583041
27.53703022	158.90426636	-3.87583041
29.53703022	158.90426636	-3.87583041
31.53703022	158.90426636	-3.87583041
33.53703022	158.90426636	-3.87583041
35.53703022	158.90426636	-3.87583041
37.53703022	158.90426636	-3.87583041
39.53703022	158.90426636	-3.87583041
41.53703022	158.90426636	-3.87583041
43.53703022	158.90426636	-3.87583041
45.53703022	158.90426636	-3.87583041
47.53703022	158.90426636	-3.87583041
49.53703022	158.90426636	-3.87583041
51.53703022	158.90426636	-3.87583041
53.53703022	158.90426636	-3.87441969
55.53703022	158.90426636	-3.86348486
57.53703022	158.90426636	-3.83924007
59.53703022	158.90426636	-3.82666039
61.53703022	158.90426636	-3.77099647
63.53703022	158.90426636	-3.78073784
65.53703022	158.90426636	-3.77165930
67.53703022	158.90426636	-3.77820538
69.53703022	158.90426636	-3.77759314
71.53703022	158.90426636	-3.79680880
73.53703022	158.90426636	-3.80166135
75.53703022	158.90426636	-3.81128646
77.53703022	158.90426636	-3.81035878
79.53703022	158.90426636	-3.80619178
81.53703022	158.90426636	-3.80366127
83.53703022	158.90426636	-3.78977174
85.53703022	158.90426636	-3.79125552
87.53703022	158.90426636	-3.77800667
89.53703022	158.90426636	-3.77763467
91.53703022	158.90426636	-3.79513597
93.53703022	158.90426636	-3.79861917
95.53703022	158.90426636	-3.80665499
97.53703022	158.90426636	-3.81182634
99.53703022	158.90426636	-3.81499371
101.53703022	158.90426636	-3.82983232
103.53703022	158.90426636	-3.83499706
105.53703022	158.90426636	-3.70073986
107.53703022	158.90426636	-3.78550838
109.53703022	158.90426636	-3.86472726
111.53703022	158.90426636	-3.89594865
113.53703022	158.90426636	-3.93107629
115.53703022	158.90426636	-3.87062216
117.53703022	158.90426636	-3.89200604
119.53703022	158.90426636	-3.86619969
121.53703022	158.90426636	-3.84892499
123.53703022	158.90426636	-3.83222082
125.53703022	158.90426636	-3.81874706
127.53703022	158.90426636	-3.80622720
129.53703022	158.90426636	-3.79623664
131.53703022	158.90426636	-3.78635404
133.53703022	158.90426636	-3.78279184
135.53703022	158.90426636	-3.77356764
137.53703022	158.90426636	-3.76676326
139.53703022	158.90426636	-3.76157557
141.53703022	158.90426636	-3.75705825
143.53703022	158.90426636	-3.75438191
145.53703022	158.90426636	-3.75341754
147.53703022	158.90426636	-3.75443019
149.53703022	158.90426636	-3.75802242
151.53703022	158.90426636	-3.76252677
153.53703022	158.90426636	-3.76890944
155.53703022	158.90426636	-3.77634821
157.53703022	158.90426636	-3.78832543
159.53703022	158.90426636	-3.79978639
161.53703022	158.90426636	-3.82011081
163.53703022	158.90426636	-3.82843479
165.53703022	158.90426636	-3.85367187
167.53703022	158.90426636	-3.85240082
169.53703022	158.90426636	-3.89385881
171.53703022	158.90426636	-3.90337920
173.53703022	158.90426636	-3.87674832
175.53703022	158.90426636	-3.86510897
177.53703022	158.90426636	-3.83033943
179.53703022	158.90426636	-3.81866360
181.53703022	158.90426636	-3.86378914
183.53703022	158.90426636	-3.64586616
185.53703022	158.90426636	-3.91204929
187.53703022	158.90426636	-3.87319306
189.53703022	158.90426636	-3.87497474
191.53703022	158.90426636	-3.88027602
193.53703022	158.90426636	-3.86913157
195.53703022	158.90426636	-3.86404848
197.53703022	158.90426636	-3.84349322
199.53703022	158.90426636	-3.82403183
201.53703022	158.90426636	-3.84425497
203.53703022	158.90426636	-3.84425497
205.53703022	158.90426636	-3.84425497
207.53703022	158.90426636	-3.84425497
209.53703022	158.90426636	-3.84425497
211.53703022	158.90426636	-3.84425497
213.53703022	158.90426636	-3.84425497
215.53703022	158.90426636	-3.84425497
217.53703022	158.90426636	-3.84425497
219.53703022	158.90426636	-3.84425497
221.53703022	158.90426636	-3.84425497
223.53703022	158.90426636	-3.84425497
225.53703022	158.90426636	-3.84425497
227.53703022	158.90426636	-3.84425497
229.53703022	158.90426636	-3.84425497
231.53703022	158.90426636	-3.84425497
233.53703022	158.90426636	-3.84425497
235.53703022	158.90426636	-3.84425497
237.53703022	158.90426636	-3.84425497
239.53703022	158.90426636	-3.84425497
241.53703022	158.90426636	-3.84425497
243.53703022	158.90426636	-3.84425497
245.53703022	158.90426636	-3.84425497
247.53703022	158.90426636	-3.84425497
249.53703022	158.90426636	-3.84425497
251.53703022	158.90426636	-3.84425497
253.53703022	158.90426636	-3.84425497
255.53703022	158.90426636	-3.84425497
257.53703022	158.90426636	-3.84425497
259.53703022	158.90426636	-3.84425497
261.53703022	158.90426636	-3.84425497
263.53703022	158.90426636	-3.84425497
265.53703022	158.90426636	-3.84425497
267.53703022	158.90426636	-3.84425497
269.53703022	158.90426636	-3.84425497
271.53703022	158.90426636	-3.84425497
273.53703022	158.90426636	-3.84425497
275.53703022	158.90426636	-3.84425497
277.53703022	158.90426636	-3.84425497
279.53703022	158.90426636	-3.84425497
281.53703022	158.90426636	-3.84425497
-8.46296978	160.90426636	-3.88173866
-6.46296978	160.90426636	-3.88173866
-4.46296978	160.90426636	-3.88173866
-2.46296978	160.90426636	-3.88173866
-0.46296978	160.90426636	-3.88173866
1.53703022	160.90426636	-3.88173866
3.53703022	160.90426636	-3.88173866
5.53703022	160.90426636	-3.88173866
7.53703022	160.90426636	-3.88173866
9.53703022	160.90426636	-3.88173866
11.53703022	160.90426636	-3.88173866
13.53703022	160.90426636	-3.88173866
15.53703022	160.90426636	-3.88173866
17.53703022	160.90426636	-3.88173866
19.53703022	160.90426636	-3.88173866
21.53703022	160.90426636	-3.88173866
23.53703022	160.90426636	-3.88173866
25.53703022	160.90426636	-3.88173866
27.53703022	160.90426636	-3.88173866
29.53703022	160.90426636	-3.88173866
31.53703022	160.90426636	-3.88173866
33.53703022	160.90426636	-3.88173866
35.53703022	160.90426636	-3.88173866
37.53703022	160.90426636	-3.88173866
39.53703022	160.90426636	-3.88173866
41.53703022	160.90426636	-3.88173866
43.53703022	160.90426636	-3.88173866
45.53703022	160.90426636	-3.88173866
47.53703022	160.90426636	-3.88173866
49.53703022	160.90426636	-3.88173866
51.53703022	160.90426636	-3.88173866
53.53703022	160.90426636	-3.88173866
55.53703022	160.90426636	-3.78686261
57.53703022	160.90426636	-3.80330467
59.53703022	160.90426636	-3.78576088
61.53703022	160.90426636	-3.78109894
63.53703022	160.90426636	-3.77502510
65.53703022	160.90426636	-3.78167966
67.53703022	160.90426636	-3.78147041
69.53703022	160.90426636	-3.79442906
71.53703022	160.90426636	-3.79347589
73.53703022	160.90426636	-3.80654981
75.53703022	160.90426636	-3.79939512
77.53703022	160.90426636	-3.80946897
79.53703022	160.90426636	-3.80128323
81.53703022	160.90426636	-3.80623838
83.53703022	160.90426636	-3.80135257
85.53703022	160.90426636	-3.78831548
87.53703022	160.90426636	-3.79039728
89.53703022	160.90426636	-3.78039948
91.53703022	160.90426636	-3.80378092
93.53703022	160.90426636	-3.54232621
95.53703022	160.90426636	-3.81926865
97.53703022	160.90426636	-3.79276070
99.53703022	160.90426636	-3.81764950
101.53703022	160.90426636	-3.82024128
103.53703022	160.90426636	-3.84916067
105.53703022	160.90426636	-3.86942482
107.53703022	160.90426636	-3.85104363
109.53703022	160.90426636	-3.89694834
111.53703022	160.90426636	-3.88053131
113.53703022	160.90426636	-3.92499471
115.53703022	160.90426636	-3.93727446
117.53703022	160.90426636	-3.87825386
119.53703022	160.90426636	-3.87603329
121.53703022	160.90426636	-3.85093543
123.53703022	160.90426636	-3.84009019
125.53703022	160.90426636	-3.82668252
127.53703022	160.90426636	-3.81389200
129.53703022	160.90426636	-3.81140060
131.53703022	160.90426636	-3.79980828
133.53703022	160.90426636	-3.80791996
135.53703022	160.90426636	-3.79678320
137.53703022	160.90426636	-3.79270092
139.53703022	160.90426636	-3.78532730
141.53703022	160.90426636	-3.77964218
143.53703022	160.90426636	-3.77646966
145.53703022	160.90426636	-3.77155797
147.53703022	160.90426636	-3.77271836
149.53703022	160.90426636	-3.77735497
151.53703022	160.90426636	-3.78351576
153.53703022	160.90426636	-3.79060389
155.53703022	160.90426636	-3.80266659
157.53703022	160.90426636	-3.81369219
159.53703022	160.90426636	-3.82563156
161.53703022	160.90426636	-3.83297193
163.53703022	160.90426636	-3.83976028
165.53703022	160.90426636	-3.83426204
167.53703022	160.90426636	-3.85501767
169.53703022	160.90426636	-3.85566022
171.53703022	160.90426636	-3.91679645
173.53703022	160.90426636	-3.87338257
175.53703022	160.90426636	-3.86500955
177.53703022	160.90426636	-3.83779788
179.53703022	160.90426636	-3.83225751
181.53703022	160.90426636	-3.87404203
183.53703022	160.90426636	-3.81766510
185.53703022	160.90426636	-3.89938951
187.53703022	160.90426636	-3.92811680
189.53703022	160.90426636	-3.87663575
191.53703022	160.90426636	-3.91516900
193.53703022	160.90426636	-3.90457630
195.53703022	160.90426636	-3.88531852
197.53703022	160.90426636	-3.88531852
199.53703022	160.90426636	-3.88531852
201.53703022	160.90426636	-3.88531852
203.53703022	160.90426636	-3.88531852
205.53703022	160.90426636	-3.88531852
207.53703022	160.90426636	-3.88531852
209.53703022	160.90426636	-3.88531852
211.53703022	160.90426636	-3.88531852
213.53703022	160.90426636	-3.88531852
215.53703022	160.90426636	-3.88531852
217.53703022	160.90426636	-3.88531852
219.53703022	160.90426636	-3.88531852
221.53703022	160.90426636	-3.88531852
223.53703022	160.90426636	-3.88531852
225.53703022	160.90426636	-3.88531852
227.53703022	160.90426636	-3.88531852
229.53703022	160.90426636	-3.88531852
231.53703022	160.90426636	-3.88531852
233.53703022	160.90426636	-3.88531852
235.53703022	160.90426636	-3.88531852
237.53703022	160.90426636	-3.88531852
239.53703022	160.90426636	-3.88531852
241.53703022	160.90426636	-3.88531852
243.53703022	160.90426636	-3.88531852
245.53703022	160.90426636	-3.88531852
247.53703022	160.90426636	-3.88531852
249.53703022	160.90426636	-3.88531852
251.53703022	160.90426636	-3.88531852
253.53703022	160.90426636	-3.88531852
255.53703022	160.90426636	-3.88531852
257.53703022	160.90426636	-3.88531852
259.53703022	160.90426636	-3.88531852
261.53703022	160.90426636	-3.88531852
263.53703022	160.90426636	-3.88531852
265.53703022	160.90426636	-3.88531852
267.53703022	160.90426636	-3.88531852
269.53703022	160.90426636	-3.88531852
271.53703022	160.90426636	-3.88531852
273.53703022	160.90426636	-3.88531852
275.53703022	160.90426636	-3.88531852
277.53703022	160.90426636	-3.88531852
279.53703022	160.90426636	-3.88531852
281.53703022	160.90426636	-3.88531852
-8.46296978	162.90426636	-3.80835917
-6.46296978	162.90426636	-3.80581016
-4.46296978	162.90426636	-3.79869815
-2.46296978	162.90426636	-3.79860797
-0.46296978	162.90426636	-3.79856246
1.53703022	162.90426636	-3.79855131
3.53703022	162.90426636	-3.79855347
5.53703022	162.90426636	-3.79856487
7.53703022	162.90426636	-3.79855882
9.53703022	162.90426636	-3.79855130
11.53703022	162.90426636	-3.79854896
13.53703022	162.90426636	-3.79854815
15.53703022	162.90426636	-3.79854801
17.53703022	162.90426636	-3.79854819
19.53703022	162.90426636	-3.79854621
21.53703022	162.90426636	-3.79853889
23.53703022	162.90426636	-3.79853508
25.53703022	162.90426636	-3.79852344
27.53703022	162.90426636	-3.79851986
29.53703022	162.90426636	-3.79851826
31.53703022	162.90426636	-3.79851775
33.53703022	162.90426636	-3.79851823
35.53703022	162.90426636	-3.79851830
37.53703022	162.90426636	-3.79851781
39.53703022	162.90426636	-3.79851568
41.53703022	162.90426636	-3.79850981
43.53703022	162.90426636	-3.79846359
45.53703022	162.90426636	-3.79832177
47.53703022	162.90426636	-3.79809446
49.53703022	162.90426636	-3.79722595
51.53703022	162.90426636	-3.79612716
53.53703022	162.90426636	-3.81418983
55.53703022	162.90426636	-3.78484654
57.53703022	162.90426636	-3.90150523
59.53703022	162.90426636	-3.84741068
61.53703022	162.90426636	-3.63558960
63.53703022	162.90426636	-3.78422980
65.53703022	162.90426636	-3.78851092
67.53703022	162.90426636	-3.77376488
69.53703022	162.90426636	-3.78520581
71.53703022	162.90426636	-3.78486591
73.53703022	162.90426636	-3.79239626
75.53703022	162.90426636	-3.80023705
77.53703022	162.90426636	-3.79948759
79.53703022	162.90426636	-3.80720852
81.53703022	162.90426636	-3.81885009
83.53703022	162.90426636	-3.82467477
85.53703022	162.90426636	-3.82819701
87.53703022	162.90426636	-3.84992455
89.53703022	162.90426636	-3.84248489
91.53703022	162.90426636	-3.87331113
93.53703022	162.90426636	-3.84956861
95.53703022	162.90426636	-3.80398107
97.53703022	162.90426636	-3.86445646
99.53703022	162.90426636	-3.83051228
101.53703022	162.90426636	-3.85747552
103.53703022	162.90426636	-3.86700726
105.53703022	162.90426636	-3.92431259
107.53703022	162.90426636	-3.88276052
109.53703022	162.90426636	-3.88326669
111.53703022	162.90426636	-3.87810802
113.53703022	162.90426636	-3.93591428
115.53703022	162.90426636	-3.90957189
117.53703022	162.90426636	-3.92425013
119.53703022	162.90426636	-3.91758762
121.53703022	162.90426636	-3.90170682
123.53703022	162.90426636	-3.89061690
125.53703022	162.90426636	-3.87415493
127.53703022	162.90426636	-3.85614341
129.53703022	162.90426636	-3.84160608
131.53703022	162.90426636	-3.82731298
133.53703022	162.90426636	-3.81566015
135.53703022	162.90426636	-3.80551237
137.53703022	162.90426636	-3.79721330
139.53703022	162.90426636	-3.79036337
141.53703022	162.90426636	-3.78529245
143.53703022	162.90426636	-3.78197922
145.53703022	162.90426636	-3.78022035
147.53703022	162.90426636	-3.77997545
149.53703022	162.90426636	-3.78267974
151.53703022	162.90426636	-3.78710622
153.53703022	162.90426636	-3.79463039
155.53703022	162.90426636	-3.80330515
157.53703022	162.90426636	-3.81506723
159.53703022	162.90426636	-3.82625340
161.53703022	162.90426636	-3.84835586
163.53703022	162.90426636	-3.85860674
165.53703022	162.90426636	-3.85944247
167.53703022	162.90426636	-3.83270160
169.53703022	162.90426636	-3.87940804
171.53703022	162.90426636	-3.85959061
173.53703022	162.90426636	-3.92591786
175.53703022	162.90426636	-3.85065222
177.53703022	162.90426636	-3.82089067
179.53703022	162.90426636	-3.79880619
181.53703022	162.90426636	-3.84714150
183.53703022	162.90426636	-3.81434608
185.53703022	162.90426636	-3.89145637
187.53703022	162.90426636	-3.91287446
189.53703022	162.90426636	-3.86309361
191.53703022	162.90426636	-3.88204741
193.53703022	162.90426636	-3.88204741
195.53703022	162.90426636	-3.88204741
197.53703022	162.90426636	-3.88204741
199.53703022	162.90426636	-3.88204741
201.53703022	162.90426636	-3.88204741
203.53703022	162.90426636	-3.88204741
205.53703022	162.90426636	-3.88204741
207.53703022	162.90426636	-3.88204741
209.53703022	162.90426636	-3.88204741
211.53703022	162.90426636	-3.88204741
213.53703022	162.90426636	-3.88204741
215.53703022	162.90426636	-3.88204741
217.53703022	162.90426636	-3.88204741
219.53703022	162.90426636	-3.88204741
221.53703022	162.90426636	-3.88204741
223.53703022	162.90426636	-3.88204741
225.53703022	162.90426636	-3.88204741
227.53703022	162.90426636	-3.88204741
229.53703022	162.90426636	-3.88204741
231.53703022	162.90426636	-3.88204741
233.53703022	162.90426636	-3.88204741
235.53703022	162.90426636	-3.88204741
237.53703022	162.90426636	-3.88204741
239.53703022	162.90426636	-3.88204741
241.53703022	162.90426636	-3.88204741
243.53703022	162.90426636	-3.88204741
245.53703022	162.90426636	-3.88204741
247.53703022	162.90426636	-3.88204741
249.53703022	162.90426636	-3.88204741
251.53703022	162.90426636	-3.88204741
253.53703022	162.90426636	-3.88204741
255.53703022	162.90426636	-3.88204741
257.53703022	162.90426636	-3.88204741
259.53703022	162.90426636	-3.88204741
261.53703022	162.90426636	-3.88204741
263.53703022	162.90426636	-3.88204741
265.53703022	162.90426636	-3.88204741
267.53703022	162.90426636	-3.88204741
269.53703022	162.90426636	-3.88204741
271.53703022	162.90426636	-3.88204741
273.53703022	162.90426636	-3.88204741
275.53703022	162.90426636	-3.88204741
277.53703022	162.90426636	-3.88204741
279.53703022	162.90426636	-3.88204741
281.53703022	162.90426636	-3.88204741
-8.46296978	164.90426636	-3.81746215
-6.46296978	164.90426636	-3.81591337
-4.46296978	164.90426636	-3.81869058
-2.46296978	164.90426636	-3.81868925
-0.46296978	164.90426636	-3.81868810
1.53703022	164.90426636	-3.81868797
3.53703022	164.90426636	-3.81868819
5.53703022	164.90426636	-3.81868838
7.53703022	164.90426636	-3.81868805
9.53703022	164.90426636	-3.81868784
11.53703022	164.90426636	-3.81868777
13.53703022	164.90426636	-3.81868775
15.53703022	164.90426636	-3.81868771
17.53703022	164.90426636	-3.81868769
19.53703022	164.90426636	-3.81868760
21.53703022	164.90426636	-3.81868733
23.53703022	164.90426636	-3.81868695
25.53703022	164.90426636	-3.81868646
27.53703022	164.90426636	-3.81588601
29.53703022	164.90426636	-3.81588589
31.53703022	164.90426636	-3.81017086
33.53703022	164.90426636	-3.81017092
35.53703022	164.90426636	-3.79850749
37.53703022	164.90426636	-3.79850674
39.53703022	164.90426636	-3.79849889
41.53703022	164.90426636	-3.79849186
43.53703022	164.90426636	-3.79844848
45.53703022	164.90426636	-3.79835483
47.53703022	164.90426636	-3.79823392
49.53703022	164.90426636	-3.79742218
51.53703022	164.90426636	-3.78986001
53.53703022	164.90426636	-3.79030525
55.53703022	164.90426636	-3.72073507
57.53703022	164.90426636	-3.77373528
59.53703022	164.90426636	-3.83027792
61.53703022	164.90426636	-3.82425237
63.53703022	164.90426636	-3.79332239
65.53703022	164.90426636	-3.78036699
67.53703022	164.90426636	-3.77781412
69.53703022	164.90426636	-3.77748800
71.53703022	164.90426636	-3.77986677
73.53703022	164.90426636	-3.78171873
75.53703022	164.90426636	-3.78578426
77.53703022	164.90426636	-3.79276739
79.53703022	164.90426636	-3.79977115
81.53703022	164.90426636	-3.80713386
83.53703022	164.90426636	-3.81328484
85.53703022	164.90426636	-3.81484488
87.53703022	164.90426636	-3.80921112
89.53703022	164.90426636	-3.86117933
91.53703022	164.90426636	-3.76258898
93.53703022	164.90426636	-3.85531735
95.53703022	164.90426636	-3.89594556
97.53703022	164.90426636	-3.90487337
99.53703022	164.90426636	-3.91677642
101.53703022	164.90426636	-3.89559531
103.53703022	164.90426636	-3.83669006
105.53703022	164.90426636	-3.87175345
107.53703022	164.90426636	-3.81714869
109.53703022	164.90426636	-3.69233751
111.53703022	164.90426636	-3.88556099
113.53703022	164.90426636	-3.90144897
115.53703022	164.90426636	-3.90883470
117.53703022	164.90426636	-3.91978574
119.53703022	164.90426636	-3.93862009
121.53703022	164.90426636	-3.92293408
123.53703022	164.90426636	-3.90773926
125.53703022	164.90426636	-3.88311376
127.53703022	164.90426636	-3.86158717
129.53703022	164.90426636	-3.84408472
131.53703022	164.90426636	-3.82933828
133.53703022	164.90426636	-3.81706608
135.53703022	164.90426636	-3.80677505
137.53703022	164.90426636	-3.79833812
139.53703022	164.90426636	-3.79122003
141.53703022	164.90426636	-3.78558147
143.53703022	164.90426636	-3.78131799
145.53703022	164.90426636	-3.77791224
147.53703022	164.90426636	-3.77681141
149.53703022	164.90426636	-3.77667677
151.53703022	164.90426636	-3.78077011
153.53703022	164.90426636	-3.78766092
155.53703022	164.90426636	-3.79758354
157.53703022	164.90426636	-3.81109629
159.53703022	164.90426636	-3.82656847
161.53703022	164.90426636	-3.84024457
163.53703022	164.90426636	-3.85261563
165.53703022	164.90426636	-3.86233121
167.53703022	164.90426636	-3.86967879
169.53703022	164.90426636	-3.83408267
171.53703022	164.90426636	-3.86121533
173.53703022	164.90426636	-3.85288382
175.53703022	164.90426636	-3.86348152
177.53703022	164.90426636	-3.85506129
179.53703022	164.90426636	-3.80824661
181.53703022	164.90426636	-3.84860253
183.53703022	164.90426636	-3.81287575
185.53703022	164.90426636	-3.84763432
187.53703022	164.90426636	-3.88026929
189.53703022	164.90426636	-3.88026929
191.53703022	164.90426636	-3.88026929
193.53703022	164.90426636	-3.88026929
195.53703022	164.90426636	-3.88026929
197.53703022	164.90426636	-3.88026929
199.53703022	164.90426636	-3.88026929
201.53703022	164.90426636	-3.88026929
203.53703022	164.90426636	-3.88026929
205.53703022	164.90426636	-3.88026929
207.53703022	164.90426636	-3.88026929
209.53703022	164.90426636	-3.88026929
211.53703022	164.90426636	-3.88026929
213.53703022	164.90426636	-3.88026929
215.53703022	164.90426636	-3.88026929
217.53703022	164.90426636	-3.88026929
219.53703022	164.90426636	-3.88026929
221.53703022	164.90426636	-3.88026929
223.53703022	164.90426636	-3.88026929
225.53703022	164.90426636	-3.88026929
227.53703022	164.90426636	-3.88026929
229.53703022	164.90426636	-3.88026929
231.53703022	164.90426636	-3.88026929
233.53703022	164.90426636	-3.88026929
235.53703022	164.90426636	-3.88026929
237.53703022	164.90426636	-3.88026929
239.53703022	164.90426636	-3.88026929
241.53703022	164.90426636	-3.88026929
243.53703022	164.90426636	-3.88026929
245.53703022	164.90426636	-3.88026929
247.53703022	164.90426636	-3.88026929
249.53703022	164.90426636	-3.88026929
251.53703022	164.90426636	-3.88026929
253.53703022	164.90426636	-3.88026929
255.53703022	164.90426636	-3.88026929
257.53703022	164.90426636	-3.88026929
259.53703022	164.90426636	-3.88026929
261.53703022	164.90426636	-3.88026929
263.53703022	164.90426636	-3.88026929
265.53703022	164.90426636	-3.88026929
267.53703022	164.90426636	-3.88026929
269.53703022	164.90426636	-3.88026929
271.53703022	164.90426636	-3.88026929
273.53703022	164.90426636	-3.88026929
275.53703022	164.90426636	-3.88026929
277.53703022	164.90426636	-3.88026929
279.53703022	164.90426636	-3.88026929
281.53703022	164.90426636	-3.88026929
-8.46296978	166.90426636	-3.79291534
-6.46296978	166.90426636	-3.79291534
-4.46296978	166.90426636	-3.79291534
-2.46296978	166.90426636	-3.79291534
-0.46296978	166.90426636	-3.79291534
1.53703022	166.90426636	-3.79291534
3.53703022	166.90426636	-3.79291534
5.53703022	166.90426636	-3.79291534
7.53703022	166.90426636	-3.79291534
9.53703022	166.90426636	-3.79291534
11.53703022	166.90426636	-3.79291534
13.53703022	166.90426636	-3.79291534
15.53703022	166.90426636	-3.79291534
17.53703022	166.90426636	-3.79291534
19.53703022	166.90426636	-3.79291534
21.53703022	166.90426636	-3.79291534
23.53703022	166.90426636	-3.79291534
25.53703022	166.90426636	-3.79291534
27.53703022	166.90426636	-3.79291534
29.53703022	166.90426636	-3.79291534
31.53703022	166.90426636	-3.79291534
33.53703022	166.90426636	-3.79291534
35.53703022	166.90426636	-3.79291534
37.53703022	166.90426636	-3.79291534
39.53703022	166.90426636	-3.79291534
41.53703022	166.90426636	-3.79291534
43.53703022	166.90426636	-3.79291534
45.53703022	166.90426636	-3.79291534
47.53703022	166.90426636	-3.79291534
49.53703022	166.90426636	-3.79291534
51.53703022	166.90426636	-3.79291534
53.53703022	166.90426636	-3.79291534
55.53703022	166.90426636	-3.79291534
57.53703022	166.90426636	-3.83961749
59.53703022	166.90426636	-3.78976274
61.53703022	166.90426636	-3.84045339
63.53703022	166.90426636	-3.77753973
65.53703022	166.90426636	-3.78585743
67.53703022	166.90426636	-3.77685066
69.53703022	166.90426636	-3.78385410
71.53703022	166.90426636	-3.78361787
73.53703022	166.90426636	-3.79179794
75.53703022	166.90426636	-3.80209470
77.53703022	166.90426636	-3.80472523
79.53703022	166.90426636	-3.81512419
81.53703022	166.90426636	-3.82306939
83.53703022	166.90426636	-3.83389972
85.53703022	166.90426636	-3.83131765
87.53703022	166.90426636	-3.86241731
89.53703022	166.90426636	-3.87000263
91.53703022	166.90426636	-3.88301516
93.53703022	166.90426636	-3.87345672
95.53703022	166.90426636	-3.89149785
97.53703022	166.90426636	-3.90491176
99.53703022	166.90426636	-3.72515821
101.53703022	166.90426636	-3.83478951
103.53703022	166.90426636	-3.84138149
105.53703022	166.90426636	-3.88315475
107.53703022	166.90426636	-3.87219199
109.53703022	166.90426636	-3.89063545
111.53703022	166.90426636	-3.87034178
113.53703022	166.90426636	-3.89130139
115.53703022	166.90426636	-3.94391203
117.53703022	166.90426636	-3.94969869
119.53703022	166.90426636	-3.94910145
121.53703022	166.90426636	-3.90363795
123.53703022	166.90426636	-3.88623863
125.53703022	166.90426636	-3.86753670
127.53703022	166.90426636	-3.85017974
129.53703022	166.90426636	-3.83570771
131.53703022	166.90426636	-3.82317678
133.53703022	166.90426636	-3.81319581
135.53703022	166.90426636	-3.80459374
137.53703022	166.90426636	-3.79713890
139.53703022	166.90426636	-3.79130587
141.53703022	166.90426636	-3.78690439
143.53703022	166.90426636	-3.78335825
145.53703022	166.90426636	-3.78273981
147.53703022	166.90426636	-3.77986261
149.53703022	166.90426636	-3.78545221
151.53703022	166.90426636	-3.79389841
153.53703022	166.90426636	-3.80418307
155.53703022	166.90426636	-3.81932600
157.53703022	166.90426636	-3.83511427
159.53703022	166.90426636	-3.84539736
161.53703022	166.90426636	-3.86766854
163.53703022	166.90426636	-3.87752374
165.53703022	166.90426636	-3.87968241
167.53703022	166.90426636	-3.83668035
169.53703022	166.90426636	-3.86769605
171.53703022	166.90426636	-3.80002618
173.53703022	166.90426636	-3.88798690
175.53703022	166.90426636	-3.88493466
177.53703022	166.90426636	-3.82821250
179.53703022	166.90426636	-3.84003782
181.53703022	166.90426636	-3.83242607
183.53703022	166.90426636	-3.86314511
185.53703022	166.90426636	-3.86314511
187.53703022	166.90426636	-3.86314511
189.53703022	166.90426636	-3.86314511
191.53703022	166.90426636	-3.86314511
193.53703022	166.90426636	-3.86314511
195.53703022	166.90426636	-3.86314511
197.53703022	166.90426636	-3.86314511
199.53703022	166.90426636	-3.86314511
201.53703022	166.90426636	-3.86314511
203.53703022	166.90426636	-3.86314511
205.53703022	166.90426636	-3.86314511
207.53703022	166.90426636	-3.86314511
209.53703022	166.90426636	-3.86314511
211.53703022	166.90426636	-3.86314511
213.53703022	166.90426636	-3.86314511
215.53703022	166.90426636	-3.86314511
217.53703022	166.90426636	-3.86314511
219.53703022	166.90426636	-3.86314511
221.53703022	166.90426636	-3.86314511
223.53703022	166.90426636	-3.86314511
225.53703022	166.90426636	-3.86314511
227.53703022	166.90426636	-3.86314511
229.53703022	166.90426636	-3.86314511
231.53703022	166.90426636	-3.86314511
233.53703022	166.90426636	-3.86314511
235.53703022	166.90426636	-3.86314511
237.53703022	166.90426636	-3.86314511
239.53703022	166.90426636	-3.86314511
241.53703022	166.90426636	-3.86314511
243.53703022	166.90426636	-3.86314511
245.53703022	166.90426636	-3.86314511
247.53703022	166.90426636	-3.86314511
249.53703022	166.90426636	-3.86314511
251.53703022	166.90426636	-3.86314511
253.53703022	166.90426636	-3.86314511
255.53703022	166.90426636	-3.86314511
257.53703022	166.90426636	-3.86314511
259.53703022	166.90426636	-3.86314511
261.53703022	166.90426636	-3.86314511
263.53703022	166.90426636	-3.86314511
265.53703022	166.90426636	-3.86314511
267.53703022	166.90426636	-3.86314511
269.53703022	166.90426636	-3.86314511
271.53703022	166.90426636	-3.86314511
273.53703022	166.90426636	-3.86314511
275.53703022	166.90426636	-3.86314511
277.53703022	166.90426636	-3.86314511
279.53703022	166.90426636	-3.86314511
281.53703022	166.90426636	-3.86314511
-8.46296978	168.90426636	-3.82137680
-6.46296978	168.90426636	-3.82137680
-4.46296978	168.90426636	-3.82137680
-2.46296978	168.90426636	-3.82137680
-0.46296978	168.90426636	-3.82137680
1.53703022	168.90426636	-3.82137680
3.53703022	168.90426636	-3.82137680
5.53703022	168.90426636	-3.82137680
7.53703022	168.90426636	-3.82137680
9.53703022	168.90426636	-3.82137680
11.53703022	168.90426636	-3.82137680
13.53703022	168.90426636	-3.82137680
15.53703022	168.90426636	-3.82137680
17.53703022	168.90426636	-3.82137680
19.53703022	168.90426636	-3.82137680
21.53703022	168.90426636	-3.82137680
23.53703022	168.90426636	-3.82137680
25.53703022	168.90426636	-3.82137680
27.53703022	168.90426636	-3.82137680
29.53703022	168.90426636	-3.82137680
31.53703022	168.90426636	-3.82137680
33.53703022	168.90426636	-3.82137680
35.53703022	168.90426636	-3.82137680
37.53703022	168.90426636	-3.82137680
39.53703022	168.90426636	-3.82137680
41.53703022	168.90426636	-3.82137680
43.53703022	168.90426636	-3.82137680
45.53703022	168.90426636	-3.82137680
47.53703022	168.90426636	-3.82137680
49.53703022	168.90426636	-3.82137680
51.53703022	168.90426636	-3.82137680
53.53703022	168.90426636	-3.82137680
55.53703022	168.90426636	-3.82137680
57.53703022	168.90426636	-3.82137680
59.53703022	168.90426636	-3.81489706
61.53703022	168.90426636	-3.84637070
63.53703022	168.90426636	-3.79329753
65.53703022	168.90426636	-3.77744864
67.53703022	168.90426636	-3.78230289
69.53703022	168.90426636	-3.78100286
71.53703022	168.90426636	-3.78060219
73.53703022	168.90426636	-3.78094870
75.53703022	168.90426636	-3.79231324
77.53703022	168.90426636	-3.80087111
79.53703022	168.90426636	-3.80967047
81.53703022	168.90426636	-3.82193437
83.53703022	168.90426636	-3.82137646
85.53703022	168.90426636	-3.82553436
87.53703022	168.90426636	-3.88437748
89.53703022	168.90426636	-3.87002850
91.53703022	168.90426636	-3.85273123
93.53703022	168.90426636	-3.87089658
95.53703022	168.90426636	-3.88267684
97.53703022	168.90426636	-3.89771318
99.53703022	168.90426636	-3.81755644
101.53703022	168.90426636	-3.82920546
103.53703022	168.90426636	-3.83436956
105.53703022	168.90426636	-3.87952733
107.53703022	168.90426636	-3.70921564
109.53703022	168.90426636	-3.99908876
111.53703022	168.90426636	-3.83170104
113.53703022	168.90426636	-3.85352039
115.53703022	168.90426636	-3.95319080
117.53703022	168.90426636	-3.96414781
119.53703022	168.90426636	-3.93699980
121.53703022	168.90426636	-3.99027824
123.53703022	168.90426636	-3.89956706
125.53703022	168.90426636	-3.87630869
127.53703022	168.90426636	-3.85590214
129.53703022	168.90426636	-3.84021450
131.53703022	168.90426636	-3.82607114
133.53703022	168.90426636	-3.81501392
135.53703022	168.90426636	-3.80529915
137.53703022	168.90426636	-3.79736538
139.53703022	168.90426636	-3.79080483
141.53703022	168.90426636	-3.78572516
143.53703022	168.90426636	-3.78150795
145.53703022	168.90426636	-3.77921207
147.53703022	168.90426636	-3.77687976
149.53703022	168.90426636	-3.77946048
151.53703022	168.90426636	-3.78515539
153.53703022	168.90426636	-3.79256963
155.53703022	168.90426636	-3.80526457
157.53703022	168.90426636	-3.81981050
159.53703022	168.90426636	-3.83301758
161.53703022	168.90426636	-3.84967747
163.53703022	168.90426636	-3.86203894
165.53703022	168.90426636	-3.87188440
167.53703022	168.90426636	-3.91549206
169.53703022	168.90426636	-3.89460015
171.53703022	168.90426636	-3.90160823
173.53703022	168.90426636	-3.90160823
175.53703022	168.90426636	-3.90160823
177.53703022	168.90426636	-3.90160823
179.53703022	168.90426636	-3.90160823
181.53703022	168.90426636	-3.90160823
183.53703022	168.90426636	-3.90160823
185.53703022	168.90426636	-3.90160823
187.53703022	168.90426636	-3.90160823
189.53703022	168.90426636	-3.90160823
191.53703022	168.90426636	-3.90160823
193.53703022	168.90426636	-3.90160823
195.53703022	168.90426636	-3.90160823
197.53703022	168.90426636	-3.90160823
199.53703022	168.90426636	-3.90160823
201.53703022	168.90426636	-3.90160823
203.53703022	168.90426636	-3.90160823
205.53703022	168.90426636	-3.90160823
207.53703022	168.90426636	-3.90160823
209.53703022	168.90426636	-3.90160823
211.53703022	168.90426636	-3.90160823
213.53703022	168.90426636	-3.90160823
215.53703022	168.90426636	-3.90160823
217.53703022	168.90426636	-3.90160823
219.53703022	168.90426636	-3.90160823
221.53703022	168.90426636	-3.90160823
223.53703022	168.90426636	-3.90160823
225.53703022	168.90426636	-3.90160823
227.53703022	168.90426636	-3.90160823
229.53703022	168.90426636	-3.90160823
231.53703022	168.90426636	-3.90160823
233.53703022	168.90426636	-3.90160823
235.53703022	168.90426636	-3.90160823
237.53703022	168.90426636	-3.90160823
239.53703022	168.90426636	-3.90160823
241.53703022	168.90426636	-3.90160823
243.53703022	168.90426636	-3.90160823
245.53703022	168.90426636	-3.90160823
247.53703022	168.90426636	-3.90160823
249.53703022	168.90426636	-3.90160823
251.53703022	168.90426636	-3.90160823
253.53703022	168.90426636	-3.90160823
255.53703022	168.90426636	-3.90160823
257.53703022	168.90426636	-3.90160823
259.53703022	168.90426636	-3.90160823
261.53703022	168.90426636	-3.90160823
263.53703022	168.90426636	-3.90160823
265.53703022	168.90426636	-3.90160823
267.53703022	168.90426636	-3.90160823
269.53703022	168.90426636	-3.90160823
271.53703022	168.90426636	-3.90160823
273.53703022	168.90426636	-3.90160823
275.53703022	168.90426636	-3.90160823
277.53703022	168.90426636	-3.90160823
279.53703022	168.90426636	-3.90160823
281.53703022	168.90426636	-3.90160823
-8.46296978	170.90426636	-3.81412708
-6.46296978	170.90426636	-3.81792848
-4.46296978	170.90426636	-3.81799513
-2.46296978	170.90426636	-3.81800873
-0.46296978	170.90426636	-3.81801481
1.53703022	170.90426636	-3.81801962
3.53703022	170.90426636	-3.81802215
5.53703022	170.90426636	-3.81802431
7.53703022	170.90426636	-3.81802565
9.53703022	170.90426636	-3.81802683
11.53703022	170.90426636	-3.81802746
13.53703022	170.90426636	-3.81802768
15.53703022	170.90426636	-3.81802727
17.53703022	170.90426636	-3.81802692
19.53703022	170.90426636	-3.81802685
21.53703022	170.90426636	-3.81803015
23.53703022	170.90426636	-3.81803481
25.53703022	170.90426636	-3.81804442
27.53703022	170.90426636	-3.81805218
29.53703022	170.90426636	-3.81460503
31.53703022	170.90426636	-3.80756707
33.53703022	170.90426636	-3.79319622
35.53703022	170.90426636	-3.79318275
37.53703022	170.90426636	-3.79316461
39.53703022	170.90426636	-3.79315123
41.53703022	170.90426636	-3.79315008
43.53703022	170.90426636	-3.79316550
45.53703022	170.90426636	-3.79319041
47.53703022	170.90426636	-3.79313740
49.53703022	170.90426636	-3.79283634
51.53703022	170.90426636	-3.79231073
53.53703022	170.90426636	-3.81604197
55.53703022	170.90426636	-3.79066564
57.53703022	170.90426636	-3.82890797
59.53703022	170.90426636	-3.73971295
61.53703022	170.90426636	-3.77440739
63.53703022	170.90426636	-3.76283479
65.53703022	170.90426636	-3.79446562
67.53703022	170.90426636	-3.77751206
69.53703022	170.90426636	-3.78418888
71.53703022	170.90426636	-3.78216277
73.53703022	170.90426636	-3.78922481
75.53703022	170.90426636	-3.79183352
77.53703022	170.90426636	-3.79893593
79.53703022	170.90426636	-3.81059802
81.53703022	170.90426636	-3.83004451
83.53703022	170.90426636	-3.84795260
85.53703022	170.90426636	-3.82343998
87.53703022	170.90426636	-3.87045407
89.53703022	170.90426636	-3.86675143
91.53703022	170.90426636	-3.86723518
93.53703022	170.90426636	-3.88264419
95.53703022	170.90426636	-3.79388170
97.53703022	170.90426636	-3.84886266
99.53703022	170.90426636	-3.63280916
101.53703022	170.90426636	-3.84544839
103.53703022	170.90426636	-3.60307598
105.53703022	170.90426636	-3.92021418
107.53703022	170.90426636	-3.90050530
109.53703022	170.90426636	-3.89532232
111.53703022	170.90426636	-3.95392466
113.53703022	170.90426636	-3.92679914
115.53703022	170.90426636	-3.92393541
117.53703022	170.90426636	-3.93751597
119.53703022	170.90426636	-3.93706584
121.53703022	170.90426636	-3.95836878
123.53703022	170.90426636	-3.89573858
125.53703022	170.90426636	-3.87575595
127.53703022	170.90426636	-3.85693351
129.53703022	170.90426636	-3.84166143
131.53703022	170.90426636	-3.82821162
133.53703022	170.90426636	-3.81714579
135.53703022	170.90426636	-3.80802229
137.53703022	170.90426636	-3.80099302
139.53703022	170.90426636	-3.79509480
141.53703022	170.90426636	-3.79854650
143.53703022	170.90426636	-3.79744093
145.53703022	170.90426636	-3.80189060
147.53703022	170.90426636	-3.81987842
149.53703022	170.90426636	-3.84223647
151.53703022	170.90426636	-3.84860329
153.53703022	170.90426636	-3.84596196
155.53703022	170.90426636	-3.89121384
157.53703022	170.90426636	-3.89268543
159.53703022	170.90426636	-3.92515751
161.53703022	170.90426636	-3.92618499
163.53703022	170.90426636	-3.89655137
165.53703022	170.90426636	-3.92908907
167.53703022	170.90426636	-3.93294024
169.53703022	170.90426636	-3.92602801
171.53703022	170.90426636	-3.88023853
173.53703022	170.90426636	-3.88023853
175.53703022	170.90426636	-3.88023853
177.53703022	170.90426636	-3.88023853
179.53703022	170.90426636	-3.88023853
181.53703022	170.90426636	-3.88023853
183.53703022	170.90426636	-3.88023853
185.53703022	170.90426636	-3.88023853
187.53703022	170.90426636	-3.88023853
189.53703022	170.90426636	-3.88023853
191.53703022	170.90426636	-3.88023853
193.53703022	170.90426636	-3.88023853
195.53703022	170.90426636	-3.88023853
197.53703022	170.90426636	-3.88023853
199.53703022	170.90426636	-3.88023853
201.53703022	170.90426636	-3.88023853
203.53703022	170.90426636	-3.88023853
205.53703022	170.90426636	-3.88023853
207.53703022	170.90426636	-3.88023853
209.53703022	170.90426636	-3.88023853
211.53703022	170.90426636	-3.88023853
213.53703022	170.90426636	-3.88023853
215.53703022	170.90426636	-3.88023853
217.53703022	170.90426636	-3.88023853
219.53703022	170.90426636	-3.88023853
221.53703022	170.90426636	-3.88023853
223.53703022	170.90426636	-3.88023853
225.53703022	170.90426636	-3.88023853
227.53703022	170.90426636	-3.88023853
229.53703022	170.90426636	-3.88023853
231.53703022	170.90426636	-3.88023853
233.53703022	170.90426636	-3.88023853
235.53703022	170.90426636	-3.88023853
237.53703022	170.90426636	-3.88023853
239.53703022	170.90426636	-3.88023853
241.53703022	170.90426636	-3.88023853
243.53703022	170.90426636	-3.88023853
245.53703022	170.90426636	-3.88023853
247.53703022	170.90426636	-3.88023853
249.53703022	170.90426636	-3.88023853
251.53703022	170.90426636	-3.88023853
253.53703022	170.90426636	-3.88023853
255.53703022	170.90426636	-3.88023853
257.53703022	170.90426636	-3.88023853
259.53703022	170.90426636	-3.88023853
261.53703022	170.90426636	-3.88023853
263.53703022	170.90426636	-3.88023853
265.53703022	170.90426636	-3.88023853
267.53703022	170.90426636	-3.88023853
269.53703022	170.90426636	-3.88023853
271.53703022	170.90426636	-3.88023853
273.53703022	170.90426636	-3.88023853
275.53703022	170.90426636	-3.88023853
277.53703022	170.90426636	-3.88023853
279.53703022	170.90426636	-3.88023853
281.53703022	170.90426636	-3.88023853
-8.46296978	172.90426636	-3.80110493
-6.46296978	172.90426636	-3.80399678
-4.46296978	172.90426636	-3.80522443
-2.46296978	172.90426636	-3.80709909
-0.46296978	172.90426636	-3.80828627
1.53703022	172.90426636	-3.80937550
3.53703022	172.90426636	-3.81009618
5.53703022	172.90426636	-3.81060295
7.53703022	172.90426636	-3.81098454
9.53703022	172.90426636	-3.81122801
11.53703022	172.90426636	-3.81143481
13.53703022	172.90426636	-3.81156706
15.53703022	172.90426636	-3.81171829
17.53703022	172.90426636	-3.81183697
19.53703022	172.90426636	-3.81195959
21.53703022	172.90426636	-3.81201432
23.53703022	172.90426636	-3.81205572
25.53703022	172.90426636	-3.81198611
27.53703022	172.90426636	-3.81140954
29.53703022	172.90426636	-3.81119706
31.53703022	172.90426636	-3.80986857
33.53703022	172.90426636	-3.80970514
35.53703022	172.90426636	-3.80705807
37.53703022	172.90426636	-3.80695100
39.53703022	172.90426636	-3.80610996
41.53703022	172.90426636	-3.80594007
43.53703022	172.90426636	-3.80508770
45.53703022	172.90426636	-3.80393504
47.53703022	172.90426636	-3.80317829
49.53703022	172.90426636	-3.80212117
51.53703022	172.90426636	-3.80292898
53.53703022	172.90426636	-3.79968400
55.53703022	172.90426636	-3.80793299
57.53703022	172.90426636	-3.81035390
59.53703022	172.90426636	-3.81052379
61.53703022	172.90426636	-3.63423824
63.53703022	172.90426636	-3.83780551
65.53703022	172.90426636	-3.77844644
67.53703022	172.90426636	-3.79071325
69.53703022	172.90426636	-3.81234937
71.53703022	172.90426636	-3.81422325
73.53703022	172.90426636	-3.83055004
75.53703022	172.90426636	-3.82844542
77.53703022	172.90426636	-3.75731158
79.53703022	172.90426636	-3.81630564
81.53703022	172.90426636	-3.85913801
83.53703022	172.90426636	-3.84236789
85.53703022	172.90426636	-3.90584326
87.53703022	172.90426636	-3.81023502
89.53703022	172.90426636	-3.85311218
91.53703022	172.90426636	-3.86483824
93.53703022	172.90426636	-3.87928514
95.53703022	172.90426636	-3.83963293
97.53703022	172.90426636	-3.85724841
99.53703022	172.90426636	-3.76135087
101.53703022	172.90426636	-3.89032626
103.53703022	172.90426636	-3.88252473
105.53703022	172.90426636	-3.87685442
107.53703022	172.90426636	-3.78677797
109.53703022	172.90426636	-3.81538820
111.53703022	172.90426636	-3.94787669
113.53703022	172.90426636	-3.95666122
115.53703022	172.90426636	-3.92549109
117.53703022	172.90426636	-3.92649484
119.53703022	172.90426636	-3.95687628
121.53703022	172.90426636	-3.93343425
123.53703022	172.90426636	-3.91262336
125.53703022	172.90426636	-3.90028817
127.53703022	172.90426636	-3.89447340
129.53703022	172.90426636	-3.87709277
131.53703022	172.90426636	-3.87189180
133.53703022	172.90426636	-3.86153605
135.53703022	172.90426636	-3.86557729
137.53703022	172.90426636	-3.86510855
139.53703022	172.90426636	-3.86370111
141.53703022	172.90426636	-3.86143830
143.53703022	172.90426636	-3.87658290
145.53703022	172.90426636	-3.87374971
147.53703022	172.90426636	-3.87335433
149.53703022	172.90426636	-3.88307656
151.53703022	172.90426636	-3.88713036
153.53703022	172.90426636	-3.90799687
155.53703022	172.90426636	-3.92965584
157.53703022	172.90426636	-3.73665905
159.53703022	172.90426636	-3.84104872
161.53703022	172.90426636	-3.95489058
163.53703022	172.90426636	-3.90881833
165.53703022	172.90426636	-3.90658402
167.53703022	172.90426636	-3.91036534
169.53703022	172.90426636	-3.92418933
171.53703022	172.90426636	-3.91879964
173.53703022	172.90426636	-3.91879964
175.53703022	172.90426636	-3.91879964
177.53703022	172.90426636	-3.91879964
179.53703022	172.90426636	-3.91879964
181.53703022	172.90426636	-3.91879964
183.53703022	172.90426636	-3.91879964
185.53703022	172.90426636	-3.91879964
187.53703022	172.90426636	-3.91879964
189.53703022	172.90426636	-3.91879964
191.53703022	172.90426636	-3.91879964
193.53703022	172.90426636	-3.91879964
195.53703022	172.90426636	-3.91879964
197.53703022	172.90426636	-3.91879964
199.53703022	172.90426636	-3.91879964
201.53703022	172.90426636	-3.91879964
203.53703022	172.90426636	-3.91879964
205.53703022	172.90426636	-3.91879964
207.53703022	172.90426636	-3.91879964
209.53703022	172.90426636	-3.91879964
211.53703022	172.90426636	-3.91879964
213.53703022	172.90426636	-3.91879964
215.53703022	172.90426636	-3.91879964
217.53703022	172.90426636	-3.91879964
219.53703022	172.90426636	-3.91879964
221.53703022	172.90426636	-3.91879964
223.53703022	172.90426636	-3.91879964
225.53703022	172.90426636	-3.91879964
227.53703022	172.90426636	-3.91879964
229.53703022	172.90426636	-3.91879964
231.53703022	172.90426636	-3.91879964
233.53703022	172.90426636	-3.91879964
235.53703022	172.90426636	-3.91879964
237.53703022	172.90426636	-3.91879964
239.53703022	172.90426636	-3.91879964
241.53703022	172.90426636	-3.91879964
243.53703022	172.90426636	-3.91879964
245.53703022	172.90426636	-3.91879964
247.53703022	172.90426636	-3.91879964
249.53703022	172.90426636	-3.91879964
251.53703022	172.90426636	-3.91879964
253.53703022	172.90426636	-3.91879964
255.53703022	172.90426636	-3.91879964
257.53703022	172.90426636	-3.91879964
259.53703022	172.90426636	-3.91879964
261.53703022	172.90426636	-3.91879964
263.53703022	172.90426636	-3.91879964
265.53703022	172.90426636	-3.91879964
267.53703022	172.90426636	-3.91879964
269.53703022	172.90426636	-3.91879964
271.53703022	172.90426636	-3.91879964
273.53703022	172.90426636	-3.91879964
275.53703022	172.90426636	-3.91879964
277.53703022	172.90426636	-3.91879964
279.53703022	172.90426636	-3.91879964
281.53703022	172.90426636	-3.91879964
-8.46296978	174.90426636	-3.80740067
-6.46296978	174.90426636	-3.80772564
-4.46296978	174.90426636	-3.80960666
-2.46296978	174.90426636	-3.81013205
-0.46296978	174.90426636	-3.81090410
1.53703022	174.90426636	-3.81130635
3.53703022	174.90426636	-3.81168616
5.53703022	174.90426636	-3.81193628
7.53703022	174.90426636	-3.81213035
9.53703022	174.90426636	-3.81227152
11.53703022	174.90426636	-3.81237157
13.53703022	174.90426636	-3.81244369
15.53703022	174.90426636	-3.81249326
17.53703022	174.90426636	-3.81252751
19.53703022	174.90426636	-3.81255891
21.53703022	174.90426636	-3.81257878
23.53703022	174.90426636	-3.81260997
25.53703022	174.90426636	-3.81258227
27.53703022	174.90426636	-3.81257985
29.53703022	174.90426636	-3.81246240
31.53703022	174.90426636	-3.81240263
33.53703022	174.90426636	-3.81219008
35.53703022	174.90426636	-3.81208131
37.53703022	174.90426636	-3.81189525
39.53703022	174.90426636	-3.81175972
41.53703022	174.90426636	-3.81160440
43.53703022	174.90426636	-3.81142918
45.53703022	174.90426636	-3.81131413
47.53703022	174.90426636	-3.81069935
49.53703022	174.90426636	-3.81049874
51.53703022	174.90426636	-3.81089325
53.53703022	174.90426636	-3.81162142
55.53703022	174.90426636	-3.81158134
57.53703022	174.90426636	-3.80522378
59.53703022	174.90426636	-3.79520732
61.53703022	174.90426636	-3.83976889
63.53703022	174.90426636	-3.80650496
65.53703022	174.90426636	-3.83964181
67.53703022	174.90426636	-3.76016712
69.53703022	174.90426636	-3.83191879
71.53703022	174.90426636	-3.84342235
73.53703022	174.90426636	-3.79763365
75.53703022	174.90426636	-3.78646445
77.53703022	174.90426636	-3.78388190
79.53703022	174.90426636	-3.82523870
81.53703022	174.90426636	-3.86682820
83.53703022	174.90426636	-3.86082435
85.53703022	174.90426636	-3.84768510
87.53703022	174.90426636	-3.85789547
89.53703022	174.90426636	-3.79102103
91.53703022	174.90426636	-3.75261205
93.53703022	174.90426636	-3.79042020
95.53703022	174.90426636	-3.64905715
97.53703022	174.90426636	-3.82528384
99.53703022	174.90426636	-3.75439429
101.53703022	174.90426636	-3.84855294
103.53703022	174.90426636	-3.92974448
105.53703022	174.90426636	-3.80629396
107.53703022	174.90426636	-3.84809894
109.53703022	174.90426636	-3.84874179
111.53703022	174.90426636	-3.88076782
113.53703022	174.90426636	-3.92337966
115.53703022	174.90426636	-3.89879369
117.53703022	174.90426636	-3.89418173
119.53703022	174.90426636	-3.92215347
121.53703022	174.90426636	-3.96398425
123.53703022	174.90426636	-3.96326804
125.53703022	174.90426636	-3.89550462
127.53703022	174.90426636	-3.89746158
129.53703022	174.90426636	-3.88446121
131.53703022	174.90426636	-3.88795201
133.53703022	174.90426636	-3.88174127
135.53703022	174.90426636	-3.88425727
137.53703022	174.90426636	-3.88970138
139.53703022	174.90426636	-3.89653503
141.53703022	174.90426636	-3.88098200
143.53703022	174.90426636	-3.89157142
145.53703022	174.90426636	-3.91832110
147.53703022	174.90426636	-3.89448839
149.53703022	174.90426636	-3.89804677
151.53703022	174.90426636	-3.90036798
153.53703022	174.90426636	-3.91916440
155.53703022	174.90426636	-3.94298998
157.53703022	174.90426636	-3.84402514
159.53703022	174.90426636	-3.95378733
161.53703022	174.90426636	-3.93958950
163.53703022	174.90426636	-3.95130181
165.53703022	174.90426636	-3.95304608
167.53703022	174.90426636	-3.92075777
169.53703022	174.90426636	-3.92075777
171.53703022	174.90426636	-3.92075777
173.53703022	174.90426636	-3.92075777
175.53703022	174.90426636	-3.92075777
177.53703022	174.90426636	-3.92075777
179.53703022	174.90426636	-3.92075777
181.53703022	174.90426636	-3.92075777
183.53703022	174.90426636	-3.92075777
185.53703022	174.90426636	-3.92075777
187.53703022	174.90426636	-3.92075777
189.53703022	174.90426636	-3.92075777
191.53703022	174.90426636	-3.92075777
193.53703022	174.90426636	-3.92075777
195.53703022	174.90426636	-3.92075777
197.53703022	174.90426636	-3.92075777
199.53703022	174.90426636	-3.92075777
201.53703022	174.90426636	-3.92075777
203.53703022	174.90426636	-3.92075777
205.53703022	174.90426636	-3.92075777
207.53703022	174.90426636	-3.92075777
209.53703022	174.90426636	-3.92075777
211.53703022	174.90426636	-3.92075777
213.53703022	174.90426636	-3.92075777
215.53703022	174.90426636	-3.92075777
217.53703022	174.90426636	-3.92075777
219.53703022	174.90426636	-3.92075777
221.53703022	174.90426636	-3.92075777
223.53703022	174.90426636	-3.92075777
225.53703022	174.90426636	-3.92075777
227.53703022	174.90426636	-3.92075777
229.53703022	174.90426636	-3.92075777
231.53703022	174.90426636	-3.92075777
233.53703022	174.90426636	-3.92075777
235.53703022	174.90426636	-3.92075777
237.53703022	174.90426636	-3.92075777
239.53703022	174.90426636	-3.92075777
241.53703022	174.90426636	-3.92075777
243.53703022	174.90426636	-3.92075777
245.53703022	174.90426636	-3.92075777
247.53703022	174.90426636	-3.92075777
249.53703022	174.90426636	-3.92075777
251.53703022	174.90426636	-3.92075777
253.53703022	174.90426636	-3.92075777
255.53703022	174.90426636	-3.92075777
257.53703022	174.90426636	-3.92075777
259.53703022	174.90426636	-3.92075777
261.53703022	174.90426636	-3.92075777
263.53703022	174.90426636	-3.92075777
265.53703022	174.90426636	-3.92075777
267.53703022	174.90426636	-3.92075777
269.53703022	174.90426636	-3.92075777
271.53703022	174.90426636	-3.92075777
273.53703022	174.90426636	-3.92075777
275.53703022	174.90426636	-3.92075777
277.53703022	174.90426636	-3.92075777
279.53703022	174.90426636	-3.92075777
281.53703022	174.90426636	-3.92075777
-8.46296978	176.90426636	-3.80723583
-6.46296978	176.90426636	-3.80814244
-4.46296978	176.90426636	-3.80901417
-2.46296978	176.90426636	-3.80995066
-0.46296978	176.90426636	-3.81067737
1.53703022	176.90426636	-3.81129654
3.53703022	176.90426636	-3.81175223
5.53703022	176.90426636	-3.81208409
7.53703022	176.90426636	-3.81232082
9.53703022	176.90426636	-3.81248468
11.53703022	176.90426636	-3.81260111
13.53703022	176.90426636	-3.81268273
15.53703022	176.90426636	-3.81274974
17.53703022	176.90426636	-3.81280934
19.53703022	176.90426636	-3.81287082
21.53703022	176.90426636	-3.81292489
23.53703022	176.90426636	-3.81295544
25.53703022	176.90426636	-3.81294963
27.53703022	176.90426636	-3.81285059
29.53703022	176.90426636	-3.81270687
31.53703022	176.90426636	-3.81240159
33.53703022	176.90426636	-3.81212836
35.53703022	176.90426636	-3.81173914
37.53703022	176.90426636	-3.81151943
39.53703022	176.90426636	-3.81130185
41.53703022	176.90426636	-3.81111405
43.53703022	176.90426636	-3.81084839
45.53703022	176.90426636	-3.81047759
47.53703022	176.90426636	-3.81005330
49.53703022	176.90426636	-3.80956851
51.53703022	176.90426636	-3.80903050
53.53703022	176.90426636	-3.80750081
55.53703022	176.90426636	-3.80911041
57.53703022	176.90426636	-3.81474944
59.53703022	176.90426636	-3.82002450
61.53703022	176.90426636	-3.84799457
63.53703022	176.90426636	-3.82243896
65.53703022	176.90426636	-3.80613685
67.53703022	176.90426636	-3.74868584
69.53703022	176.90426636	-3.75259662
71.53703022	176.90426636	-3.80322933
73.53703022	176.90426636	-3.84740019
75.53703022	176.90426636	-3.83964491
77.53703022	176.90426636	-3.85145569
79.53703022	176.90426636	-3.84211486
81.53703022	176.90426636	-3.83301616
83.53703022	176.90426636	-3.82843756
85.53703022	176.90426636	-3.83276439
87.53703022	176.90426636	-3.70894530
89.53703022	176.90426636	-3.83336639
91.53703022	176.90426636	-3.83415718
93.53703022	176.90426636	-3.87199855
95.53703022	176.90426636	-3.90240788
97.53703022	176.90426636	-3.90379739
99.53703022	176.90426636	-3.82547927
101.53703022	176.90426636	-3.81795797
103.53703022	176.90426636	-3.82137643
105.53703022	176.90426636	-3.82442335
107.53703022	176.90426636	-3.82805884
109.53703022	176.90426636	-3.85301061
111.53703022	176.90426636	-3.86741938
113.53703022	176.90426636	-3.91014194
115.53703022	176.90426636	-3.96907234
117.53703022	176.90426636	-3.90080285
119.53703022	176.90426636	-3.90311599
121.53703022	176.90426636	-3.94280553
123.53703022	176.90426636	-3.94831419
125.53703022	176.90426636	-3.89701025
127.53703022	176.90426636	-3.88725774
129.53703022	176.90426636	-3.88522885
131.53703022	176.90426636	-3.88139333
133.53703022	176.90426636	-3.87927740
135.53703022	176.90426636	-3.87869274
137.53703022	176.90426636	-3.88180772
139.53703022	176.90426636	-3.88187409
141.53703022	176.90426636	-3.88184220
143.53703022	176.90426636	-3.88302415
145.53703022	176.90426636	-3.89284052
147.53703022	176.90426636	-3.93101571
149.53703022	176.90426636	-3.93007430
151.53703022	176.90426636	-3.90653447
153.53703022	176.90426636	-3.90134788
155.53703022	176.90426636	-3.91969514
157.53703022	176.90426636	-3.94317317
159.53703022	176.90426636	-3.97200775
161.53703022	176.90426636	-3.96462440
163.53703022	176.90426636	-3.96494460
165.53703022	176.90426636	-3.96270566
167.53703022	176.90426636	-3.87034440
169.53703022	176.90426636	-3.87034440
171.53703022	176.90426636	-3.87034440
173.53703022	176.90426636	-3.87034440
175.53703022	176.90426636	-3.87034440
177.53703022	176.90426636	-3.87034440
179.53703022	176.90426636	-3.87034440
181.53703022	176.90426636	-3.87034440
183.53703022	176.90426636	-3.96655014
185.53703022	176.90426636	-3.87034440
187.53703022	176.90426636	-3.96828308
189.53703022	176.90426636	-3.96851236
191.53703022	176.90426636	-3.96852734
193.53703022	176.90426636	-3.96853982
195.53703022	176.90426636	-3.96854064
197.53703022	176.90426636	-3.96854074
199.53703022	176.90426636	-3.96854077
201.53703022	176.90426636	-3.96854077
203.53703022	176.90426636	-3.96854077
205.53703022	176.90426636	-3.96854077
207.53703022	176.90426636	-3.96854077
209.53703022	176.90426636	-3.96854077
211.53703022	176.90426636	-3.96854077
213.53703022	176.90426636	-3.96854124
215.53703022	176.90426636	-3.96837442
217.53703022	176.90426636	-3.96426029
219.53703022	176.90426636	-3.95160246
221.53703022	176.90426636	-3.87034440
223.53703022	176.90426636	-3.87034440
225.53703022	176.90426636	-3.87034440
227.53703022	176.90426636	-3.87034440
229.53703022	176.90426636	-3.87034440
231.53703022	176.90426636	-3.87034440
233.53703022	176.90426636	-3.87034440
235.53703022	176.90426636	-3.87034440
237.53703022	176.90426636	-3.87034440
239.53703022	176.90426636	-3.87034440
241.53703022	176.90426636	-3.87034440
243.53703022	176.90426636	-3.87034440
245.53703022	176.90426636	-3.87034440
247.53703022	176.90426636	-3.87034440
249.53703022	176.90426636	-3.87034440
251.53703022	176.90426636	-3.87034440
253.53703022	176.90426636	-3.87034440
255.53703022	176.90426636	-3.87034440
257.53703022	176.90426636	-3.87034440
259.53703022	176.90426636	-3.87034440
261.53703022	176.90426636	-3.87034440
263.53703022	176.90426636	-3.87034440
265.53703022	176.90426636	-3.87034440
267.53703022	176.90426636	-3.87034440
269.53703022	176.90426636	-3.87034440
271.53703022	176.90426636	-3.87034440
273.53703022	176.90426636	-3.87034440
275.53703022	176.90426636	-3.87034440
277.53703022	176.90426636	-3.87034440
279.53703022	176.90426636	-3.87034440
281.53703022	176.90426636	-3.87034440
-8.46296978	178.90426636	-3.81054221
-6.46296978	178.90426636	-3.81085456
-4.46296978	178.90426636	-3.81176620
-2.46296978	178.90426636	-3.81222838
-0.46296978	178.90426636	-3.81269890
1.53703022	178.90426636	-3.81301053
3.53703022	178.90426636	-3.81326443
5.53703022	178.90426636	-3.81344142
7.53703022	178.90426636	-3.81357140
9.53703022	178.90426636	-3.81366401
11.53703022	178.90426636	-3.81372938
13.53703022	178.90426636	-3.81377718
15.53703022	178.90426636	-3.81381435
17.53703022	178.90426636	-3.81384524
19.53703022	178.90426636	-3.81387648
21.53703022	178.90426636	-3.81389486
23.53703022	178.90426636	-3.81391206
25.53703022	178.90426636	-3.81388019
27.53703022	178.90426636	-3.81384161
29.53703022	178.90426636	-3.81372657
31.53703022	178.90426636	-3.81361619
33.53703022	178.90426636	-3.81345333
35.53703022	178.90426636	-3.81331791
37.53703022	178.90426636	-3.81318718
39.53703022	178.90426636	-3.81307031
41.53703022	178.90426636	-3.81295046
43.53703022	178.90426636	-3.81278360
45.53703022	178.90426636	-3.81261903
47.53703022	178.90426636	-3.81215499
49.53703022	178.90426636	-3.81198660
51.53703022	178.90426636	-3.81200444
53.53703022	178.90426636	-3.81209341
55.53703022	178.90426636	-3.81328734
57.53703022	178.90426636	-3.81143763
59.53703022	178.90426636	-3.79775478
61.53703022	178.90426636	-3.80274478
63.53703022	178.90426636	-3.78094673
65.53703022	178.90426636	-3.81119895
67.53703022	178.90426636	-3.75811601
69.53703022	178.90426636	-3.80600071
71.53703022	178.90426636	-3.89605093
73.53703022	178.90426636	-3.86109805
75.53703022	178.90426636	-3.84395647
77.53703022	178.90426636	-3.86617446
79.53703022	178.90426636	-3.84113603
81.53703022	178.90426636	-3.83301353
83.53703022	178.90426636	-3.82530417
85.53703022	178.90426636	-3.82820082
87.53703022	178.90426636	-3.77961148
89.53703022	178.90426636	-3.59746003
91.53703022	178.90426636	-3.86321020
93.53703022	178.90426636	-3.86828446
95.53703022	178.90426636	-3.65664363
97.53703022	178.90426636	-3.82007753
99.53703022	178.90426636	-3.79164505
101.53703022	178.90426636	-3.81960162
103.53703022	178.90426636	-3.84286451
105.53703022	178.90426636	-3.82465648
107.53703022	178.90426636	-3.84061142
109.53703022	178.90426636	-3.84365408
111.53703022	178.90426636	-3.87167934
113.53703022	178.90426636	-3.88139998
115.53703022	178.90426636	-3.88033438
117.53703022	178.90426636	-3.90857064
119.53703022	178.90426636	-3.90906811
121.53703022	178.90426636	-3.91945863
123.53703022	178.90426636	-3.92455173
125.53703022	178.90426636	-3.88422441
127.53703022	178.90426636	-3.89287657
129.53703022	178.90426636	-3.88672465
131.53703022	178.90426636	-3.88792509
133.53703022	178.90426636	-3.88418875
135.53703022	178.90426636	-3.88831044
137.53703022	178.90426636	-3.88995592
139.53703022	178.90426636	-3.89993066
141.53703022	178.90426636	-3.88869024
143.53703022	178.90426636	-3.88861426
145.53703022	178.90426636	-3.92690966
147.53703022	178.90426636	-3.91474203
149.53703022	178.90426636	-3.96064973
151.53703022	178.90426636	-3.90123053
153.53703022	178.90426636	-3.87989283
155.53703022	178.90426636	-3.90995955
157.53703022	178.90426636	-3.93208098
159.53703022	178.90426636	-3.97335434
161.53703022	178.90426636	-3.97335434
163.53703022	178.90426636	-3.97335434
165.53703022	178.90426636	-3.97335434
167.53703022	178.90426636	-3.97335434
169.53703022	178.90426636	-3.97335434
171.53703022	178.90426636	-3.97335434
173.53703022	178.90426636	-3.97335434
175.53703022	178.90426636	-3.97335434
177.53703022	178.90426636	-3.97335434
179.53703022	178.90426636	-3.97335434
181.53703022	178.90426636	-3.97335434
183.53703022	178.90426636	-3.97335434
185.53703022	178.90426636	-3.97335434
187.53703022	178.90426636	-3.97335434
189.53703022	178.90426636	-3.97335434
191.53703022	178.90426636	-3.97335434
193.53703022	178.90426636	-3.97335434
195.53703022	178.90426636	-3.97335434
197.53703022	178.90426636	-3.97335434
199.53703022	178.90426636	-3.97335434
201.53703022	178.90426636	-3.97335434
203.53703022	178.90426636	-3.97335434
205.53703022	178.90426636	-3.97335434
207.53703022	178.90426636	-3.97335434
209.53703022	178.90426636	-3.97335434
211.53703022	178.90426636	-3.97335434
213.53703022	178.90426636	-3.97335434
215.53703022	178.90426636	-3.97335434
217.53703022	178.90426636	-3.97335434
219.53703022	178.90426636	-3.97335434
221.53703022	178.90426636	-3.97335434
223.53703022	178.90426636	-3.97335434
225.53703022	178.90426636	-3.97335434
227.53703022	178.90426636	-3.97335434
229.53703022	178.90426636	-3.97335434
231.53703022	178.90426636	-3.97335434
233.53703022	178.90426636	-3.97335434
235.53703022	178.90426636	-3.97335434
237.53703022	178.90426636	-3.97335434
239.53703022	178.90426636	-3.97335434
241.53703022	178.90426636	-3.97335434
243.53703022	178.90426636	-3.97335434
245.53703022	178.90426636	-3.97335434
247.53703022	178.90426636	-3.97335434
249.53703022	178.90426636	-3.97335434
251.53703022	178.90426636	-3.97335434
253.53703022	178.90426636	-3.97335434
255.53703022	178.90426636	-3.97335434
257.53703022	178.90426636	-3.97335434
259.53703022	178.90426636	-3.97335434
261.53703022	178.90426636	-3.97335434
263.53703022	178.90426636	-3.97335434
265.53703022	178.90426636	-3.97335434
267.53703022	178.90426636	-3.97335434
269.53703022	178.90426636	-3.97335434
271.53703022	178.90426636	-3.97335434
273.53703022	178.90426636	-3.97335434
275.53703022	178.90426636	-3.97335434
277.53703022	178.90426636	-3.97335434
279.53703022	178.90426636	-3.97335434
281.53703022	178.90426636	-3.97335434
-8.46296978	180.90426636	-3.82678690
-6.46296978	180.90426636	-3.82680459
-4.46296978	180.90426636	-3.82938488
-2.46296978	180.90426636	-3.82945417
-0.46296978	180.90426636	-3.82951013
1.53703022	180.90426636	-3.82726867
3.53703022	180.90426636	-3.82733783
5.53703022	180.90426636	-3.82284452
7.53703022	180.90426636	-3.82291806
9.53703022	180.90426636	-3.81382535
11.53703022	180.90426636	-3.81389805
13.53703022	180.90426636	-3.81395007
15.53703022	180.90426636	-3.81399250
17.53703022	180.90426636	-3.81403185
19.53703022	180.90426636	-3.81407233
21.53703022	180.90426636	-3.81410644
23.53703022	180.90426636	-3.81412563
25.53703022	180.90426636	-3.81411062
27.53703022	180.90426636	-3.81404865
29.53703022	180.90426636	-3.81392910
31.53703022	180.90426636	-3.81374272
33.53703022	180.90426636	-3.81354080
35.53703022	180.90426636	-3.81332885
37.53703022	180.90426636	-3.81318668
39.53703022	180.90426636	-3.81305452
41.53703022	180.90426636	-3.81292537
43.53703022	180.90426636	-3.81273951
45.53703022	180.90426636	-3.81250492
47.53703022	180.90426636	-3.81219620
49.53703022	180.90426636	-3.81194664
51.53703022	180.90426636	-3.81128344
53.53703022	180.90426636	-3.81056306
55.53703022	180.90426636	-3.81229683
57.53703022	180.90426636	-3.81565967
59.53703022	180.90426636	-3.81869567
61.53703022	180.90426636	-3.79635084
63.53703022	180.90426636	-3.80002499
65.53703022	180.90426636	-3.80540061
67.53703022	180.90426636	-3.81160021
69.53703022	180.90426636	-3.84421206
71.53703022	180.90426636	-3.86141562
73.53703022	180.90426636	-3.84531470
75.53703022	180.90426636	-3.87640715
77.53703022	180.90426636	-3.84976816
79.53703022	180.90426636	-3.84160011
81.53703022	180.90426636	-3.84243413
83.53703022	180.90426636	-3.84234810
85.53703022	180.90426636	-3.82510711
87.53703022	180.90426636	-3.67908471
89.53703022	180.90426636	-3.88758779
91.53703022	180.90426636	-3.82553677
93.53703022	180.90426636	-3.71623755
95.53703022	180.90426636	-3.74006960
97.53703022	180.90426636	-3.77964604
99.53703022	180.90426636	-3.80121212
101.53703022	180.90426636	-3.81160945
103.53703022	180.90426636	-3.81453743
105.53703022	180.90426636	-3.81886427
107.53703022	180.90426636	-3.82818226
109.53703022	180.90426636	-3.84398324
111.53703022	180.90426636	-3.86058301
113.53703022	180.90426636	-3.87847190
115.53703022	180.90426636	-3.88682762
117.53703022	180.90426636	-3.89967915
119.53703022	180.90426636	-3.88890839
121.53703022	180.90426636	-3.89374113
123.53703022	180.90426636	-3.90224051
125.53703022	180.90426636	-3.89275527
127.53703022	180.90426636	-3.88973477
129.53703022	180.90426636	-3.88763244
131.53703022	180.90426636	-3.88466786
133.53703022	180.90426636	-3.88211260
135.53703022	180.90426636	-3.88282104
137.53703022	180.90426636	-3.88532452
139.53703022	180.90426636	-3.88857100
141.53703022	180.90426636	-3.88968289
143.53703022	180.90426636	-3.93920827
145.53703022	180.90426636	-3.94548512
147.53703022	180.90426636	-3.87428045
149.53703022	180.90426636	-3.91515374
151.53703022	180.90426636	-3.89504361
153.53703022	180.90426636	-3.91565633
155.53703022	180.90426636	-3.93041563
157.53703022	180.90426636	-3.93041563
159.53703022	180.90426636	-3.93041563
161.53703022	180.90426636	-3.93041563
163.53703022	180.90426636	-3.93041563
165.53703022	180.90426636	-3.93041563
167.53703022	180.90426636	-3.93041563
169.53703022	180.90426636	-3.93041563
171.53703022	180.90426636	-3.93041563
173.53703022	180.90426636	-3.93041563
175.53703022	180.90426636	-3.93041563
177.53703022	180.90426636	-3.93041563
179.53703022	180.90426636	-3.93041563
181.53703022	180.90426636	-3.93041563
183.53703022	180.90426636	-3.93041563
185.53703022	180.90426636	-3.93041563
187.53703022	180.90426636	-3.93041563
189.53703022	180.90426636	-3.93041563
191.53703022	180.90426636	-3.93041563
193.53703022	180.90426636	-3.93041563
195.53703022	180.90426636	-3.93041563
197.53703022	180.90426636	-3.93041563
199.53703022	180.90426636	-3.93041563
201.53703022	180.90426636	-3.93041563
203.53703022	180.90426636	-3.93041563
205.53703022	180.90426636	-3.93041563
207.53703022	180.90426636	-3.93041563
209.53703022	180.90426636	-3.93041563
211.53703022	180.90426636	-3.93041563
213.53703022	180.90426636	-3.93041563
215.53703022	180.90426636	-3.93041563
217.53703022	180.90426636	-3.93041563
219.53703022	180.90426636	-3.93041563
221.53703022	180.90426636	-3.93041563
223.53703022	180.90426636	-3.93041563
225.53703022	180.90426636	-3.93041563
227.53703022	180.90426636	-3.93041563
229.53703022	180.90426636	-3.93041563
231.53703022	180.90426636	-3.93041563
233.53703022	180.90426636	-3.93041563
235.53703022	180.90426636	-3.93041563
237.53703022	180.90426636	-3.93041563
239.53703022	180.90426636	-3.93041563
241.53703022	180.90426636	-3.93041563
243.53703022	180.90426636	-3.93041563
245.53703022	180.90426636	-3.93041563
247.53703022	180.90426636	-3.93041563
249.53703022	180.90426636	-3.93041563
251.53703022	180.90426636	-3.93041563
253.53703022	180.90426636	-3.93041563
255.53703022	180.90426636	-3.93041563
257.53703022	180.90426636	-3.93041563
259.53703022	180.90426636	-3.93041563
261.53703022	180.90426636	-3.93041563
263.53703022	180.90426636	-3.93041563
265.53703022	180.90426636	-3.93041563
267.53703022	180.90426636	-3.93041563
269.53703022	180.90426636	-3.93041563
271.53703022	180.90426636	-3.93041563
273.53703022	180.90426636	-3.93041563
275.53703022	180.90426636	-3.93041563
277.53703022	180.90426636	-3.93041563
279.53703022	180.90426636	-3.93041563
281.53703022	180.90426636	-3.93041563
-8.46296978	182.90426636	-3.81661797
-6.46296978	182.90426636	-3.81661797
-4.46296978	182.90426636	-3.81661797
-2.46296978	182.90426636	-3.81661797
-0.46296978	182.90426636	-3.81661797
1.53703022	182.90426636	-3.81661797
3.53703022	182.90426636	-3.81661797
5.53703022	182.90426636	-3.81661797
7.53703022	182.90426636	-3.81661797
9.53703022	182.90426636	-3.81661797
11.53703022	182.90426636	-3.81661797
13.53703022	182.90426636	-3.81661797
15.53703022	182.90426636	-3.81661797
17.53703022	182.90426636	-3.81661797
19.53703022	182.90426636	-3.81661797
21.53703022	182.90426636	-3.81661797
23.53703022	182.90426636	-3.81661797
25.53703022	182.90426636	-3.81661797
27.53703022	182.90426636	-3.81661797
29.53703022	182.90426636	-3.81661797
31.53703022	182.90426636	-3.81661797
33.53703022	182.90426636	-3.81661797
35.53703022	182.90426636	-3.81661797
37.53703022	182.90426636	-3.81661797
39.53703022	182.90426636	-3.81661797
41.53703022	182.90426636	-3.81661797
43.53703022	182.90426636	-3.81661797
45.53703022	182.90426636	-3.81661797
47.53703022	182.90426636	-3.81661797
49.53703022	182.90426636	-3.81661797
51.53703022	182.90426636	-3.81661797
53.53703022	182.90426636	-3.81661797
55.53703022	182.90426636	-3.81661797
57.53703022	182.90426636	-3.81661797
59.53703022	182.90426636	-3.81661797
61.53703022	182.90426636	-3.81661797
63.53703022	182.90426636	-3.81661797
65.53703022	182.90426636	-3.79613590
67.53703022	182.90426636	-3.80277848
69.53703022	182.90426636	-3.82030654
71.53703022	182.90426636	-3.85083079
73.53703022	182.90426636	-3.53903747
75.53703022	182.90426636	-3.83779883
77.53703022	182.90426636	-3.76237392
79.53703022	182.90426636	-3.84356927
81.53703022	182.90426636	-3.89653850
83.53703022	182.90426636	-3.90431046
85.53703022	182.90426636	-3.70493201
87.53703022	182.90426636	-3.73818421
89.53703022	182.90426636	-3.78119774
91.53703022	182.90426636	-3.74034578
93.53703022	182.90426636	-3.80014914
95.53703022	182.90426636	-3.71322149
97.53703022	182.90426636	-3.82336170
99.53703022	182.90426636	-3.77152005
101.53703022	182.90426636	-3.81431184
103.53703022	182.90426636	-3.82543546
105.53703022	182.90426636	-3.81870884
107.53703022	182.90426636	-3.83495692
109.53703022	182.90426636	-3.83911437
111.53703022	182.90426636	-3.86804956
113.53703022	182.90426636	-3.86070909
115.53703022	182.90426636	-3.89000205
117.53703022	182.90426636	-3.89751741
119.53703022	182.90426636	-3.91092906
121.53703022	182.90426636	-3.88236332
123.53703022	182.90426636	-3.89156985
125.53703022	182.90426636	-3.90133667
127.53703022	182.90426636	-3.90168643
129.53703022	182.90426636	-3.88701572
131.53703022	182.90426636	-3.88968137
133.53703022	182.90426636	-3.88591224
135.53703022	182.90426636	-3.88925840
137.53703022	182.90426636	-3.88782329
139.53703022	182.90426636	-3.90461087
141.53703022	182.90426636	-3.89100790
143.53703022	182.90426636	-3.92170715
145.53703022	182.90426636	-3.91433263
147.53703022	182.90426636	-3.86523056
149.53703022	182.90426636	-3.86905813
151.53703022	182.90426636	-3.90384555
153.53703022	182.90426636	-3.90384555
155.53703022	182.90426636	-3.90384555
157.53703022	182.90426636	-3.90384555
159.53703022	182.90426636	-3.90384555
161.53703022	182.90426636	-3.90384555
163.53703022	182.90426636	-3.90384555
165.53703022	182.90426636	-3.90384555
167.53703022	182.90426636	-3.90384555
169.53703022	182.90426636	-3.90384555
171.53703022	182.90426636	-3.90384555
173.53703022	182.90426636	-3.90384555
175.53703022	182.90426636	-3.90384555
177.53703022	182.90426636	-3.90384555
179.53703022	182.90426636	-3.90384555
181.53703022	182.90426636	-3.90384555
183.53703022	182.90426636	-3.90384555
185.53703022	182.90426636	-3.90384555
187.53703022	182.90426636	-3.90384555
189.53703022	182.90426636	-3.90384555
191.53703022	182.90426636	-3.90384555
193.53703022	182.90426636	-3.90384555
195.53703022	182.90426636	-3.90384555
197.53703022	182.90426636	-3.90384555
199.53703022	182.90426636	-3.90384555
201.53703022	182.90426636	-3.90384555
203.53703022	182.90426636	-3.90384555
205.53703022	182.90426636	-3.90384555
207.53703022	182.90426636	-3.90384555
209.53703022	182.90426636	-3.90384555
211.53703022	182.90426636	-3.90384555
213.53703022	182.90426636	-3.90384555
215.53703022	182.90426636	-3.90384555
217.53703022	182.90426636	-3.90384555
219.53703022	182.90426636	-3.90384555
221.53703022	182.90426636	-3.90384555
223.53703022	182.90426636	-3.90384555
225.53703022	182.90426636	-3.90384555
227.53703022	182.90426636	-3.90384555
229.53703022	182.90426636	-3.90384555
231.53703022	182.90426636	-3.90384555
233.53703022	182.90426636	-3.90384555
235.53703022	182.90426636	-3.90384555
237.53703022	182.90426636	-3.90384555
239.53703022	182.90426636	-3.90384555
241.53703022	182.90426636	-3.90384555
243.53703022	182.90426636	-3.90384555
245.53703022	182.90426636	-3.90384555
247.53703022	182.90426636	-3.90384555
249.53703022	182.90426636	-3.90384555
251.53703022	182.90426636	-3.90384555
253.53703022	182.90426636	-3.90384555
255.53703022	182.90426636	-3.90384555
257.53703022	182.90426636	-3.90384555
259.53703022	182.90426636	-3.90384555
261.53703022	182.90426636	-3.90384555
263.53703022	182.90426636	-3.90384555
265.53703022	182.90426636	-3.90384555
267.53703022	182.90426636	-3.90384555
269.53703022	182.90426636	-3.90384555
271.53703022	182.90426636	-3.90384555
273.53703022	182.90426636	-3.90384555
275.53703022	182.90426636	-3.90384555
277.53703022	182.90426636	-3.90384555
279.53703022	182.90426636	-3.90384555
281.53703022	182.90426636	-3.90384555
-8.46296978	184.90426636	-3.83175373
-6.46296978	184.90426636	-3.83175373
-4.46296978	184.90426636	-3.83175373
-2.46296978	184.90426636	-3.83175373
-0.46296978	184.90426636	-3.83175373
1.53703022	184.90426636	-3.83175373
3.53703022	184.90426636	-3.83175373
5.53703022	184.90426636	-3.83175373
7.53703022	184.90426636	-3.83175373
9.53703022	184.90426636	-3.83175373
11.53703022	184.90426636	-3.83175373
13.53703022	184.90426636	-3.83175373
15.53703022	184.90426636	-3.83175373
17.53703022	184.90426636	-3.83175373
19.53703022	184.90426636	-3.83175373
21.53703022	184.90426636	-3.83175373
23.53703022	184.90426636	-3.83175373
25.53703022	184.90426636	-3.83175373
27.53703022	184.90426636	-3.83175373
29.53703022	184.90426636	-3.83175373
31.53703022	184.90426636	-3.83175373
33.53703022	184.90426636	-3.83175373
35.53703022	184.90426636	-3.83175373
37.53703022	184.90426636	-3.83175373
39.53703022	184.90426636	-3.83175373
41.53703022	184.90426636	-3.83175373
43.53703022	184.90426636	-3.83175373
45.53703022	184.90426636	-3.83175373
47.53703022	184.90426636	-3.83175373
49.53703022	184.90426636	-3.83175373
51.53703022	184.90426636	-3.83175373
53.53703022	184.90426636	-3.83175373
55.53703022	184.90426636	-3.83175373
57.53703022	184.90426636	-3.83175373
59.53703022	184.90426636	-3.83175373
61.53703022	184.90426636	-3.83175373
63.53703022	184.90426636	-3.83175373
65.53703022	184.90426636	-3.77642250
67.53703022	184.90426636	-3.82654667
69.53703022	184.90426636	-3.84269595
71.53703022	184.90426636	-3.81473899
73.53703022	184.90426636	-3.76588279
75.53703022	184.90426636	-3.82197380
77.53703022	184.90426636	-3.85579419
79.53703022	184.90426636	-3.83885980
81.53703022	184.90426636	-3.85610652
83.53703022	184.90426636	-3.88328104
85.53703022	184.90426636	-3.79060366
87.53703022	184.90426636	-3.76620574
89.53703022	184.90426636	-3.78798037
91.53703022	184.90426636	-3.76896643
93.53703022	184.90426636	-3.75583166
95.53703022	184.90426636	-3.77916632
97.53703022	184.90426636	-3.78436536
99.53703022	184.90426636	-3.78808678
101.53703022	184.90426636	-3.78955231
103.53703022	184.90426636	-3.79127554
105.53703022	184.90426636	-3.79575552
107.53703022	184.90426636	-3.80458548
109.53703022	184.90426636	-3.82080356
111.53703022	184.90426636	-3.82823261
113.53703022	184.90426636	-3.82807063
115.53703022	184.90426636	-3.85918024
117.53703022	184.90426636	-3.84687948
119.53703022	184.90426636	-3.66981697
121.53703022	184.90426636	-3.89096665
123.53703022	184.90426636	-3.88604355
125.53703022	184.90426636	-3.90795898
127.53703022	184.90426636	-3.89334798
129.53703022	184.90426636	-3.89745141
131.53703022	184.90426636	-3.89098337
133.53703022	184.90426636	-3.88780142
135.53703022	184.90426636	-3.88447525
137.53703022	184.90426636	-3.90300989
139.53703022	184.90426636	-3.90972209
141.53703022	184.90426636	-3.92186046
143.53703022	184.90426636	-3.88066983
145.53703022	184.90426636	-3.87875032
147.53703022	184.90426636	-3.88682890
149.53703022	184.90426636	-3.88682890
151.53703022	184.90426636	-3.88682890
153.53703022	184.90426636	-3.88682890
155.53703022	184.90426636	-3.88682890
157.53703022	184.90426636	-3.88682890
159.53703022	184.90426636	-3.88682890
161.53703022	184.90426636	-3.88682890
163.53703022	184.90426636	-3.88682890
165.53703022	184.90426636	-3.88682890
167.53703022	184.90426636	-3.88682890
169.53703022	184.90426636	-3.88682890
171.53703022	184.90426636	-3.88682890
173.53703022	184.90426636	-3.88682890
175.53703022	184.90426636	-3.88682890
177.53703022	184.90426636	-3.88682890
179.53703022	184.90426636	-3.88682890
181.53703022	184.90426636	-3.88682890
183.53703022	184.90426636	-3.88682890
185.53703022	184.90426636	-3.88682890
187.53703022	184.90426636	-3.88682890
189.53703022	184.90426636	-3.88682890
191.53703022	184.90426636	-3.88682890
193.53703022	184.90426636	-3.88682890
195.53703022	184.90426636	-3.88682890
197.53703022	184.90426636	-3.88682890
199.53703022	184.90426636	-3.88682890
201.53703022	184.90426636	-3.88682890
203.53703022	184.90426636	-3.88682890
205.53703022	184.90426636	-3.88682890
207.53703022	184.90426636	-3.88682890
209.53703022	184.90426636	-3.88682890
211.53703022	184.90426636	-3.88682890
213.53703022	184.90426636	-3.88682890
215.53703022	184.90426636	-3.88682890
217.53703022	184.90426636	-3.88682890
219.53703022	184.90426636	-3.88682890
221.53703022	184.90426636	-3.88682890
223.53703022	184.90426636	-3.88682890
225.53703022	184.90426636	-3.88682890
227.53703022	184.90426636	-3.88682890
229.53703022	184.90426636	-3.88682890
231.53703022	184.90426636	-3.88682890
233.53703022	184.90426636	-3.88682890
235.53703022	184.90426636	-3.88682890
237.53703022	184.90426636	-3.88682890
239.53703022	184.90426636	-3.88682890
241.53703022	184.90426636	-3.88682890
243.53703022	184.90426636	-3.88682890
245.53703022	184.90426636	-3.88682890
247.53703022	184.90426636	-3.88682890
249.53703022	184.90426636	-3.88682890
251.53703022	184.90426636	-3.88682890
253.53703022	184.90426636	-3.88682890
255.53703022	184.90426636	-3.88682890
257.53703022	184.90426636	-3.88682890
259.53703022	184.90426636	-3.88682890
261.53703022	184.90426636	-3.88682890
263.53703022	184.90426636	-3.88682890
265.53703022	184.90426636	-3.88682890
267.53703022	184.90426636	-3.88682890
269.53703022	184.90426636	-3.88682890
271.53703022	184.90426636	-3.88682890
273.53703022	184.90426636	-3.88682890
275.53703022	184.90426636	-3.88682890
277.53703022	184.90426636	-3.88682890
279.53703022	184.90426636	-3.88682890
281.53703022	184.90426636	-3.88682890
-8.46296978	186.90426636	-3.82970459
-6.46296978	186.90426636	-3.83071794
-4.46296978	186.90426636	-3.83031111
-2.46296978	186.90426636	-3.83030040
-0.46296978	186.90426636	-3.83027479
1.53703022	186.90426636	-3.83025553
3.53703022	186.90426636	-3.82866401
5.53703022	186.90426636	-3.82542546
7.53703022	186.90426636	-3.81882368
9.53703022	186.90426636	-3.81881997
11.53703022	186.90426636	-3.81881724
13.53703022	186.90426636	-3.81881678
15.53703022	186.90426636	-3.81881656
17.53703022	186.90426636	-3.81881659
19.53703022	186.90426636	-3.81881662
21.53703022	186.90426636	-3.81881668
23.53703022	186.90426636	-3.81881680
25.53703022	186.90426636	-3.81881698
27.53703022	186.90426636	-3.81881752
29.53703022	186.90426636	-3.81881897
31.53703022	186.90426636	-3.81882211
33.53703022	186.90426636	-3.81882755
35.53703022	186.90426636	-3.81883598
37.53703022	186.90426636	-3.81884448
39.53703022	186.90426636	-3.81974053
41.53703022	186.90426636	-3.82075163
43.53703022	186.90426636	-3.81833593
45.53703022	186.90426636	-3.81818369
47.53703022	186.90426636	-3.81889630
49.53703022	186.90426636	-3.81889791
51.53703022	186.90426636	-3.81889852
53.53703022	186.90426636	-3.81889752
55.53703022	186.90426636	-3.81889239
57.53703022	186.90426636	-3.81888306
59.53703022	186.90426636	-3.81884936
61.53703022	186.90426636	-3.80838845
63.53703022	186.90426636	-3.80813296
65.53703022	186.90426636	-3.81317590
67.53703022	186.90426636	-3.83195908
69.53703022	186.90426636	-3.76838517
71.53703022	186.90426636	-3.61096406
73.53703022	186.90426636	-3.71935320
75.53703022	186.90426636	-3.89670634
77.53703022	186.90426636	-3.87201118
79.53703022	186.90426636	-3.82480145
81.53703022	186.90426636	-3.85047970
83.53703022	186.90426636	-3.79780058
85.53703022	186.90426636	-3.79399281
87.53703022	186.90426636	-3.77405091
89.53703022	186.90426636	-3.75081431
91.53703022	186.90426636	-3.76288644
93.53703022	186.90426636	-3.78104026
95.53703022	186.90426636	-3.74541096
97.53703022	186.90426636	-3.77996902
99.53703022	186.90426636	-3.76925933
101.53703022	186.90426636	-3.78172770
103.53703022	186.90426636	-3.78193229
105.53703022	186.90426636	-3.78829967
107.53703022	186.90426636	-3.79807856
109.53703022	186.90426636	-3.81188187
111.53703022	186.90426636	-3.82186818
113.53703022	186.90426636	-3.81166835
115.53703022	186.90426636	-3.84199564
117.53703022	186.90426636	-3.64403105
119.53703022	186.90426636	-3.85977793
121.53703022	186.90426636	-3.66618299
123.53703022	186.90426636	-3.89173055
125.53703022	186.90426636	-3.89950085
127.53703022	186.90426636	-3.87379837
129.53703022	186.90426636	-3.89327113
131.53703022	186.90426636	-3.89530134
133.53703022	186.90426636	-3.95580912
135.53703022	186.90426636	-3.95407009
137.53703022	186.90426636	-3.91910887
139.53703022	186.90426636	-3.89109731
141.53703022	186.90426636	-3.86757374
143.53703022	186.90426636	-3.86180401
145.53703022	186.90426636	-3.87286639
147.53703022	186.90426636	-3.87286639
149.53703022	186.90426636	-3.87286639
151.53703022	186.90426636	-3.87286639
153.53703022	186.90426636	-3.87286639
155.53703022	186.90426636	-3.87286639
157.53703022	186.90426636	-3.87286639
159.53703022	186.90426636	-3.87286639
161.53703022	186.90426636	-3.87286639
163.53703022	186.90426636	-3.87286639
165.53703022	186.90426636	-3.87286639
167.53703022	186.90426636	-3.87286639
169.53703022	186.90426636	-3.87286639
171.53703022	186.90426636	-3.87286639
173.53703022	186.90426636	-3.87286639
175.53703022	186.90426636	-3.87286639
177.53703022	186.90426636	-3.87286639
179.53703022	186.90426636	-3.87286639
181.53703022	186.90426636	-3.87286639
183.53703022	186.90426636	-3.87286639
185.53703022	186.90426636	-3.87286639
187.53703022	186.90426636	-3.87286639
189.53703022	186.90426636	-3.87286639
191.53703022	186.90426636	-3.87286639
193.53703022	186.90426636	-3.87286639
195.53703022	186.90426636	-3.87286639
197.53703022	186.90426636	-3.87286639
199.53703022	186.90426636	-3.87286639
201.53703022	186.90426636	-3.87286639
203.53703022	186.90426636	-3.87286639
205.53703022	186.90426636	-3.87286639
207.53703022	186.90426636	-3.87286639
209.53703022	186.90426636	-3.87286639
211.53703022	186.90426636	-3.87286639
213.53703022	186.90426636	-3.87286639
215.53703022	186.90426636	-3.87286639
217.53703022	186.90426636	-3.87286639
219.53703022	186.90426636	-3.87286639
221.53703022	186.90426636	-3.87286639
223.53703022	186.90426636	-3.87286639
225.53703022	186.90426636	-3.87286639
227.53703022	186.90426636	-3.87286639
229.53703022	186.90426636	-3.87286639
231.53703022	186.90426636	-3.87286639
233.53703022	186.90426636	-3.87286639
235.53703022	186.90426636	-3.87286639
237.53703022	186.90426636	-3.87286639
239.53703022	186.90426636	-3.87286639
241.53703022	186.90426636	-3.87286639
243.53703022	186.90426636	-3.87286639
245.53703022	186.90426636	-3.87286639
247.53703022	186.90426636	-3.87286639
249.53703022	186.90426636	-3.87286639
251.53703022	186.90426636	-3.87286639
253.53703022	186.90426636	-3.87286639
255.53703022	186.90426636	-3.87286639
257.53703022	186.90426636	-3.87286639
259.53703022	186.90426636	-3.87286639
261.53703022	186.90426636	-3.87286639
263.53703022	186.90426636	-3.87286639
265.53703022	186.90426636	-3.87286639
267.53703022	186.90426636	-3.87286639
269.53703022	186.90426636	-3.87286639
271.53703022	186.90426636	-3.87286639
273.53703022	186.90426636	-3.87286639
275.53703022	186.90426636	-3.87286639
277.53703022	186.90426636	-3.87286639
279.53703022	186.90426636	-3.87286639
281.53703022	186.90426636	-3.87286639
-8.46296978	188.90426636	-3.83668774
-6.46296978	188.90426636	-3.83583930
-4.46296978	188.90426636	-3.83363620
-2.46296978	188.90426636	-3.83360765
-0.46296978	188.90426636	-3.83354936
1.53703022	188.90426636	-3.83423401
3.53703022	188.90426636	-3.83374670
5.53703022	188.90426636	-3.83463552
7.53703022	188.90426636	-3.83435624
9.53703022	188.90426636	-3.83615909
11.53703022	188.90426636	-3.83595682
13.53703022	188.90426636	-3.83590943
15.53703022	188.90426636	-3.83589797
17.53703022	188.90426636	-3.83589543
19.53703022	188.90426636	-3.83589500
21.53703022	188.90426636	-3.83589517
23.53703022	188.90426636	-3.83589572
25.53703022	188.90426636	-3.83589654
27.53703022	188.90426636	-3.83589871
29.53703022	188.90426636	-3.83590452
31.53703022	188.90426636	-3.83591716
33.53703022	188.90426636	-3.83594060
35.53703022	188.90426636	-3.83598150
37.53703022	188.90426636	-3.83603352
39.53703022	188.90426636	-3.83608928
41.53703022	188.90426636	-3.83333871
43.53703022	188.90426636	-3.83454156
45.53703022	188.90426636	-3.83575803
47.53703022	188.90426636	-3.83577126
49.53703022	188.90426636	-3.83577814
51.53703022	188.90426636	-3.83577791
53.53703022	188.90426636	-3.83576620
55.53703022	188.90426636	-3.83573550
57.53703022	188.90426636	-3.83566246
59.53703022	188.90426636	-3.83545442
61.53703022	188.90426636	-3.80676480
63.53703022	188.90426636	-3.83121186
65.53703022	188.90426636	-3.82456102
67.53703022	188.90426636	-3.82099927
69.53703022	188.90426636	-3.83025536
71.53703022	188.90426636	-3.81287026
73.53703022	188.90426636	-3.86982226
75.53703022	188.90426636	-3.83002060
77.53703022	188.90426636	-3.85093647
79.53703022	188.90426636	-3.82329986
81.53703022	188.90426636	-3.79228463
83.53703022	188.90426636	-3.77791826
85.53703022	188.90426636	-3.76746306
87.53703022	188.90426636	-3.76140595
89.53703022	188.90426636	-3.75807739
91.53703022	188.90426636	-3.74674639
93.53703022	188.90426636	-3.74084452
95.53703022	188.90426636	-3.73771876
97.53703022	188.90426636	-3.73810392
99.53703022	188.90426636	-3.73925621
101.53703022	188.90426636	-3.73783281
103.53703022	188.90426636	-3.73988280
105.53703022	188.90426636	-3.74497317
107.53703022	188.90426636	-3.75056668
109.53703022	188.90426636	-3.75890214
111.53703022	188.90426636	-3.75900039
113.53703022	188.90426636	-3.77247828
115.53703022	188.90426636	-3.71629918
117.53703022	188.90426636	-3.78167486
119.53703022	188.90426636	-3.82187271
121.53703022	188.90426636	-3.81908035
123.53703022	188.90426636	-3.85159254
125.53703022	188.90426636	-3.91455221
127.53703022	188.90426636	-3.88978958
129.53703022	188.90426636	-3.89127016
131.53703022	188.90426636	-3.90101218
133.53703022	188.90426636	-3.91204810
135.53703022	188.90426636	-3.91204810
137.53703022	188.90426636	-3.91204810
139.53703022	188.90426636	-3.91204810
141.53703022	188.90426636	-3.91204810
143.53703022	188.90426636	-3.91204810
145.53703022	188.90426636	-3.91204810
147.53703022	188.90426636	-3.91204810
149.53703022	188.90426636	-3.91204810
151.53703022	188.90426636	-3.91204810
153.53703022	188.90426636	-3.91204810
155.53703022	188.90426636	-3.91204810
157.53703022	188.90426636	-3.91204810
159.53703022	188.90426636	-3.91204810
161.53703022	188.90426636	-3.91204810
163.53703022	188.90426636	-3.91204810
165.53703022	188.90426636	-3.91204810
167.53703022	188.90426636	-3.91204810
169.53703022	188.90426636	-3.91204810
171.53703022	188.90426636	-3.91204810
173.53703022	188.90426636	-3.91204810
175.53703022	188.90426636	-3.91204810
177.53703022	188.90426636	-3.91204810
179.53703022	188.90426636	-3.91204810
181.53703022	188.90426636	-3.91204810
183.53703022	188.90426636	-3.91204810
185.53703022	188.90426636	-3.91204810
187.53703022	188.90426636	-3.91204810
189.53703022	188.90426636	-3.91204810
191.53703022	188.90426636	-3.91204810
193.53703022	188.90426636	-3.91204810
195.53703022	188.90426636	-3.91204810
197.53703022	188.90426636	-3.91204810
199.53703022	188.90426636	-3.91204810
201.53703022	188.90426636	-3.91204810
203.53703022	188.90426636	-3.91204810
205.53703022	188.90426636	-3.91204810
207.53703022	188.90426636	-3.91204810
209.53703022	188.90426636	-3.91204810
211.53703022	188.90426636	-3.91204810
213.53703022	188.90426636	-3.91204810
215.53703022	188.90426636	-3.91204810
217.53703022	188.90426636	-3.91204810
219.53703022	188.90426636	-3.91204810
221.53703022	188.90426636	-3.91204810
223.53703022	188.90426636	-3.91204810
225.53703022	188.90426636	-3.91204810
227.53703022	188.90426636	-3.91204810
229.53703022	188.90426636	-3.91204810
231.53703022	188.90426636	-3.91204810
233.53703022	188.90426636	-3.91204810
235.53703022	188.90426636	-3.91204810
237.53703022	188.90426636	-3.91204810
239.53703022	188.90426636	-3.91204810
241.53703022	188.90426636	-3.91204810
243.53703022	188.90426636	-3.91204810
245.53703022	188.90426636	-3.91204810
247.53703022	188.90426636	-3.91204810
249.53703022	188.90426636	-3.91204810
251.53703022	188.90426636	-3.91204810
253.53703022	188.90426636	-3.91204810
255.53703022	188.90426636	-3.91204810
257.53703022	188.90426636	-3.91204810
259.53703022	188.90426636	-3.91204810
261.53703022	188.90426636	-3.91204810
263.53703022	188.90426636	-3.91204810
265.53703022	188.90426636	-3.91204810
267.53703022	188.90426636	-3.91204810
269.53703022	188.90426636	-3.91204810
271.53703022	188.90426636	-3.91204810
273.53703022	188.90426636	-3.91204810
275.53703022	188.90426636	-3.91204810
277.53703022	188.90426636	-3.91204810
279.53703022	188.90426636	-3.91204810
281.53703022	188.90426636	-3.91204810
-8.46296978	190.90426636	-3.84946480
-6.46296978	190.90426636	-3.84912246
-4.46296978	190.90426636	-3.84612227
-2.46296978	190.90426636	-3.84568705
-0.46296978	190.90426636	-3.84273576
1.53703022	190.90426636	-3.84140345
3.53703022	190.90426636	-3.83983226
5.53703022	190.90426636	-3.83939796
7.53703022	190.90426636	-3.83907238
9.53703022	190.90426636	-3.83901345
11.53703022	190.90426636	-3.83895562
13.53703022	190.90426636	-3.83894948
15.53703022	190.90426636	-3.83894165
17.53703022	190.90426636	-3.83894265
19.53703022	190.90426636	-3.83894234
21.53703022	190.90426636	-3.83894337
23.53703022	190.90426636	-3.83894417
25.53703022	190.90426636	-3.83894545
27.53703022	190.90426636	-3.83894862
29.53703022	190.90426636	-3.83895513
31.53703022	190.90426636	-3.83897013
33.53703022	190.90426636	-3.83900239
35.53703022	190.90426636	-3.83906253
37.53703022	190.90426636	-3.83914390
39.53703022	190.90426636	-3.84397217
41.53703022	190.90426636	-3.84411247
43.53703022	190.90426636	-3.85625186
45.53703022	190.90426636	-3.85639661
47.53703022	190.90426636	-3.86869171
49.53703022	190.90426636	-3.86874298
51.53703022	190.90426636	-3.86874151
53.53703022	190.90426636	-3.86863356
55.53703022	190.90426636	-3.86828453
57.53703022	190.90426636	-3.86769904
59.53703022	190.90426636	-3.86563745
61.53703022	190.90426636	-3.86301335
63.53703022	190.90426636	-3.84698103
65.53703022	190.90426636	-3.82179375
67.53703022	190.90426636	-3.81467651
69.53703022	190.90426636	-3.80977678
71.53703022	190.90426636	-3.81120563
73.53703022	190.90426636	-3.81877916
75.53703022	190.90426636	-3.82727216
77.53703022	190.90426636	-3.81252204
79.53703022	190.90426636	-3.79330247
81.53703022	190.90426636	-3.78616911
83.53703022	190.90426636	-3.77302296
85.53703022	190.90426636	-3.76121567
87.53703022	190.90426636	-3.75469462
89.53703022	190.90426636	-3.74969948
91.53703022	190.90426636	-3.74449195
93.53703022	190.90426636	-3.74248579
95.53703022	190.90426636	-3.74360241
97.53703022	190.90426636	-3.74440273
99.53703022	190.90426636	-3.73065062
101.53703022	190.90426636	-3.74747416
103.53703022	190.90426636	-3.74239594
105.53703022	190.90426636	-3.74442910
107.53703022	190.90426636	-3.75471181
109.53703022	190.90426636	-3.76801548
111.53703022	190.90426636	-3.78327330
113.53703022	190.90426636	-3.78447256
115.53703022	190.90426636	-3.79332307
117.53703022	190.90426636	-3.82385675
119.53703022	190.90426636	-3.80199051
121.53703022	190.90426636	-3.77678156
123.53703022	190.90426636	-3.88122944
125.53703022	190.90426636	-3.90291572
127.53703022	190.90426636	-3.85857844
129.53703022	190.90426636	-3.89254785
131.53703022	190.90426636	-3.88596916
133.53703022	190.90426636	-3.89747310
135.53703022	190.90426636	-3.89747310
137.53703022	190.90426636	-3.89747310
139.53703022	190.90426636	-3.89747310
141.53703022	190.90426636	-3.89747310
143.53703022	190.90426636	-3.89747310
145.53703022	190.90426636	-3.89747310
147.53703022	190.90426636	-3.89747310
149.53703022	190.90426636	-3.89747310
151.53703022	190.90426636	-3.89747310
153.53703022	190.90426636	-3.89747310
155.53703022	190.90426636	-3.89747310
157.53703022	190.90426636	-3.89747310
159.53703022	190.90426636	-3.89747310
161.53703022	190.90426636	-3.89747310
163.53703022	190.90426636	-3.89747310
165.53703022	190.90426636	-3.89747310
167.53703022	190.90426636	-3.89747310
169.53703022	190.90426636	-3.89747310
171.53703022	190.90426636	-3.89747310
173.53703022	190.90426636	-3.89747310
175.53703022	190.90426636	-3.89747310
177.53703022	190.90426636	-3.89747310
179.53703022	190.90426636	-3.89747310
181.53703022	190.90426636	-3.89747310
183.53703022	190.90426636	-3.89747310
185.53703022	190.90426636	-3.89747310
187.53703022	190.90426636	-3.89747310
189.53703022	190.90426636	-3.89747310
191.53703022	190.90426636	-3.89747310
193.53703022	190.90426636	-3.89747310
195.53703022	190.90426636	-3.89747310
197.53703022	190.90426636	-3.89747310
199.53703022	190.90426636	-3.89747310
201.53703022	190.90426636	-3.89747310
203.53703022	190.90426636	-3.89747310
205.53703022	190.90426636	-3.89747310
207.53703022	190.90426636	-3.89747310
209.53703022	190.90426636	-3.89747310
211.53703022	190.90426636	-3.89747310
213.53703022	190.90426636	-3.89747310
215.53703022	190.90426636	-3.89747310
217.53703022	190.90426636	-3.89747310
219.53703022	190.90426636	-3.89747310
221.53703022	190.90426636	-3.89747310
223.53703022	190.90426636	-3.89747310
225.53703022	190.90426636	-3.89747310
227.53703022	190.90426636	-3.89747310
229.53703022	190.90426636	-3.89747310
231.53703022	190.90426636	-3.89747310
233.53703022	190.90426636	-3.89747310
235.53703022	190.90426636	-3.89747310
237.53703022	190.90426636	-3.89747310
239.53703022	190.90426636	-3.89747310
241.53703022	190.90426636	-3.89747310
243.53703022	190.90426636	-3.89747310
245.53703022	190.90426636	-3.89747310
247.53703022	190.90426636	-3.89747310
249.53703022	190.90426636	-3.89747310
251.53703022	190.90426636	-3.89747310
253.53703022	190.90426636	-3.89747310
255.53703022	190.90426636	-3.89747310
257.53703022	190.90426636	-3.89747310
259.53703022	190.90426636	-3.89747310
261.53703022	190.90426636	-3.89747310
263.53703022	190.90426636	-3.89747310
265.53703022	190.90426636	-3.89747310
267.53703022	190.90426636	-3.89747310
269.53703022	190.90426636	-3.89747310
271.53703022	190.90426636	-3.89747310
273.53703022	190.90426636	-3.89747310
275.53703022	190.90426636	-3.89747310
277.53703022	190.90426636	-3.89747310
279.53703022	190.90426636	-3.89747310
281.53703022	190.90426636	-3.89747310
-8.46296978	192.90426636	-3.88013577
-6.46296978	192.90426636	-3.88013577
-4.46296978	192.90426636	-3.88013577
-2.46296978	192.90426636	-3.88013577
-0.46296978	192.90426636	-3.88013577
1.53703022	192.90426636	-3.88013577
3.53703022	192.90426636	-3.88013577
5.53703022	192.90426636	-3.88013577
7.53703022	192.90426636	-3.88013577
9.53703022	192.90426636	-3.88013577
11.53703022	192.90426636	-3.88013577
13.53703022	192.90426636	-3.88013577
15.53703022	192.90426636	-3.88013577
17.53703022	192.90426636	-3.88013577
19.53703022	192.90426636	-3.88013577
21.53703022	192.90426636	-3.88013577
23.53703022	192.90426636	-3.88013577
25.53703022	192.90426636	-3.88013577
27.53703022	192.90426636	-3.88013577
29.53703022	192.90426636	-3.88013577
31.53703022	192.90426636	-3.88013577
33.53703022	192.90426636	-3.88013577
35.53703022	192.90426636	-3.88013577
37.53703022	192.90426636	-3.88013577
39.53703022	192.90426636	-3.88013577
41.53703022	192.90426636	-3.88013577
43.53703022	192.90426636	-3.88013577
45.53703022	192.90426636	-3.88013577
47.53703022	192.90426636	-3.88013577
49.53703022	192.90426636	-3.88013577
51.53703022	192.90426636	-3.88013577
53.53703022	192.90426636	-3.88013577
55.53703022	192.90426636	-3.88013577
57.53703022	192.90426636	-3.88013577
59.53703022	192.90426636	-3.88013577
61.53703022	192.90426636	-3.88013577
63.53703022	192.90426636	-3.88013577
65.53703022	192.90426636	-3.88013577
67.53703022	192.90426636	-3.88013577
69.53703022	192.90426636	-3.79034877
71.53703022	192.90426636	-3.81363656
73.53703022	192.90426636	-3.82279479
75.53703022	192.90426636	-3.81708480
77.53703022	192.90426636	-3.80715430
79.53703022	192.90426636	-3.79726231
81.53703022	192.90426636	-3.78575321
83.53703022	192.90426636	-3.77284499
85.53703022	192.90426636	-3.76333996
87.53703022	192.90426636	-3.75840163
89.53703022	192.90426636	-3.75126513
91.53703022	192.90426636	-3.74460137
93.53703022	192.90426636	-3.74008708
95.53703022	192.90426636	-3.73964438
97.53703022	192.90426636	-3.73980141
99.53703022	192.90426636	-3.73367004
101.53703022	192.90426636	-3.74115084
103.53703022	192.90426636	-3.73922746
105.53703022	192.90426636	-3.74370602
107.53703022	192.90426636	-3.75155126
109.53703022	192.90426636	-3.75722553
111.53703022	192.90426636	-3.75503281
113.53703022	192.90426636	-3.77432277
115.53703022	192.90426636	-3.78542928
117.53703022	192.90426636	-3.80813087
119.53703022	192.90426636	-3.78980255
121.53703022	192.90426636	-3.91404653
123.53703022	192.90426636	-3.87967277
125.53703022	192.90426636	-3.87286878
127.53703022	192.90426636	-3.85860372
129.53703022	192.90426636	-3.85302448
131.53703022	192.90426636	-3.89294314
133.53703022	192.90426636	-3.89294314
135.53703022	192.90426636	-3.89294314
137.53703022	192.90426636	-3.89294314
139.53703022	192.90426636	-3.89294314
141.53703022	192.90426636	-3.89294314
143.53703022	192.90426636	-3.89294314
145.53703022	192.90426636	-3.89294314
147.53703022	192.90426636	-3.89294314
149.53703022	192.90426636	-3.89294314
151.53703022	192.90426636	-3.89294314
153.53703022	192.90426636	-3.89294314
155.53703022	192.90426636	-3.89294314
157.53703022	192.90426636	-3.89294314
159.53703022	192.90426636	-3.89294314
161.53703022	192.90426636	-3.89294314
163.53703022	192.90426636	-3.89294314
165.53703022	192.90426636	-3.89294314
167.53703022	192.90426636	-3.89294314
169.53703022	192.90426636	-3.89294314
171.53703022	192.90426636	-3.89294314
173.53703022	192.90426636	-3.89294314
175.53703022	192.90426636	-3.89294314
177.53703022	192.90426636	-3.89294314
179.53703022	192.90426636	-3.89294314
181.53703022	192.90426636	-3.89294314
183.53703022	192.90426636	-3.89294314
185.53703022	192.90426636	-3.89294314
187.53703022	192.90426636	-3.89294314
189.53703022	192.90426636	-3.89294314
191.53703022	192.90426636	-3.89294314
193.53703022	192.90426636	-3.89294314
195.53703022	192.90426636	-3.89294314
197.53703022	192.90426636	-3.89294314
199.53703022	192.90426636	-3.89294314
201.53703022	192.90426636	-3.89294314
203.53703022	192.90426636	-3.89294314
205.53703022	192.90426636	-3.89294314
207.53703022	192.90426636	-3.89294314
209.53703022	192.90426636	-3.89294314
211.53703022	192.90426636	-3.89294314
213.53703022	192.90426636	-3.89294314
215.53703022	192.90426636	-3.89294314
217.53703022	192.90426636	-3.89294314
219.53703022	192.90426636	-3.89294314
221.53703022	192.90426636	-3.89294314
223.53703022	192.90426636	-3.89294314
225.53703022	192.90426636	-3.89294314
227.53703022	192.90426636	-3.89294314
229.53703022	192.90426636	-3.89294314
231.53703022	192.90426636	-3.89294314
233.53703022	192.90426636	-3.89294314
235.53703022	192.90426636	-3.89294314
237.53703022	192.90426636	-3.89294314
239.53703022	192.90426636	-3.89294314
241.53703022	192.90426636	-3.89294314
243.53703022	192.90426636	-3.89294314
245.53703022	192.90426636	-3.89294314
247.53703022	192.90426636	-3.89294314
249.53703022	192.90426636	-3.89294314
251.53703022	192.90426636	-3.89294314
253.53703022	192.90426636	-3.89294314
255.53703022	192.90426636	-3.89294314
257.53703022	192.90426636	-3.89294314
259.53703022	192.90426636	-3.89294314
261.53703022	192.90426636	-3.89294314
263.53703022	192.90426636	-3.89294314
265.53703022	192.90426636	-3.89294314
267.53703022	192.90426636	-3.89294314
269.53703022	192.90426636	-3.89294314
271.53703022	192.90426636	-3.89294314
273.53703022	192.90426636	-3.89294314
275.53703022	192.90426636	-3.89294314
277.53703022	192.90426636	-3.89294314
279.53703022	192.90426636	-3.89294314
281.53703022	192.90426636	-3.89294314
-8.46296978	194.90426636	-3.87123227
-6.46296978	194.90426636	-3.87123227
-4.46296978	194.90426636	-3.87123227
-2.46296978	194.90426636	-3.87123227
-0.46296978	194.90426636	-3.87123227
1.53703022	194.90426636	-3.87123227
3.53703022	194.90426636	-3.87123227
5.53703022	194.90426636	-3.87123227
7.53703022	194.90426636	-3.87123227
9.53703022	194.90426636	-3.87123227
11.53703022	194.90426636	-3.87123227
13.53703022	194.90426636	-3.87123227
15.53703022	194.90426636	-3.87123227
17.53703022	194.90426636	-3.87123227
19.53703022	194.90426636	-3.87123227
21.53703022	194.90426636	-3.87123227
23.53703022	194.90426636	-3.87123227
25.53703022	194.90426636	-3.87123227
27.53703022	194.90426636	-3.87123227
29.53703022	194.90426636	-3.87123227
31.53703022	194.90426636	-3.87123227
33.53703022	194.90426636	-3.87123227
35.53703022	194.90426636	-3.87123227
37.53703022	194.90426636	-3.87123227
39.53703022	194.90426636	-3.87123227
41.53703022	194.90426636	-3.87123227
43.53703022	194.90426636	-3.87123227
45.53703022	194.90426636	-3.87123227
47.53703022	194.90426636	-3.87123227
49.53703022	194.90426636	-3.87123227
51.53703022	194.90426636	-3.87123227
53.53703022	194.90426636	-3.87123227
55.53703022	194.90426636	-3.87123227
57.53703022	194.90426636	-3.87123227
59.53703022	194.90426636	-3.87123227
61.53703022	194.90426636	-3.87123227
63.53703022	194.90426636	-3.87123227
65.53703022	194.90426636	-3.87123227
67.53703022	194.90426636	-3.87123227
69.53703022	194.90426636	-3.82040191
71.53703022	194.90426636	-3.80041584
73.53703022	194.90426636	-3.81791602
75.53703022	194.90426636	-3.82581116
77.53703022	194.90426636	-3.81062892
79.53703022	194.90426636	-3.78672348
81.53703022	194.90426636	-3.78637216
83.53703022	194.90426636	-3.76966219
85.53703022	194.90426636	-3.76215734
87.53703022	194.90426636	-3.75636183
89.53703022	194.90426636	-3.74946763
91.53703022	194.90426636	-3.74498454
93.53703022	194.90426636	-3.74271940
95.53703022	194.90426636	-3.74210549
97.53703022	194.90426636	-3.74340216
99.53703022	194.90426636	-3.74283905
101.53703022	194.90426636	-3.75011744
103.53703022	194.90426636	-3.72906684
105.53703022	194.90426636	-3.74881131
107.53703022	194.90426636	-3.74749475
109.53703022	194.90426636	-3.76061524
111.53703022	194.90426636	-3.77330652
113.53703022	194.90426636	-3.77411086
115.53703022	194.90426636	-3.80877358
117.53703022	194.90426636	-3.78540186
119.53703022	194.90426636	-3.80797911
121.53703022	194.90426636	-3.86963367
123.53703022	194.90426636	-3.87852685
125.53703022	194.90426636	-3.87823895
127.53703022	194.90426636	-3.87810594
129.53703022	194.90426636	-3.87822254
131.53703022	194.90426636	-3.87828686
133.53703022	194.90426636	-3.87832365
135.53703022	194.90426636	-3.87832567
137.53703022	194.90426636	-3.87832609
139.53703022	194.90426636	-3.87832627
141.53703022	194.90426636	-3.87832628
143.53703022	194.90426636	-3.87832628
145.53703022	194.90426636	-3.87832628
147.53703022	194.90426636	-3.87832628
149.53703022	194.90426636	-3.87832628
151.53703022	194.90426636	-3.87832628
153.53703022	194.90426636	-3.87832629
155.53703022	194.90426636	-3.87832629
157.53703022	194.90426636	-3.87832630
159.53703022	194.90426636	-3.87832630
161.53703022	194.90426636	-3.87832630
163.53703022	194.90426636	-3.87832630
165.53703022	194.90426636	-3.87832630
167.53703022	194.90426636	-3.87832630
169.53703022	194.90426636	-3.87832630
171.53703022	194.90426636	-3.87832630
173.53703022	194.90426636	-3.87832630
175.53703022	194.90426636	-3.87832630
177.53703022	194.90426636	-3.87832630
179.53703022	194.90426636	-3.87832630
181.53703022	194.90426636	-3.87826759
183.53703022	194.90426636	-3.87786265
185.53703022	194.90426636	-3.87816601
187.53703022	194.90426636	-3.87786416
189.53703022	194.90426636	-3.87786805
191.53703022	194.90426636	-3.87737708
193.53703022	194.90426636	-3.87676068
195.53703022	194.90426636	-3.87828078
197.53703022	194.90426636	-3.87836319
199.53703022	194.90426636	-3.87836294
201.53703022	194.90426636	-3.87836293
203.53703022	194.90426636	-3.87836293
205.53703022	194.90426636	-3.87836293
207.53703022	194.90426636	-3.87836293
209.53703022	194.90426636	-3.87836293
211.53703022	194.90426636	-3.87836293
213.53703022	194.90426636	-3.87836293
215.53703022	194.90426636	-3.87836293
217.53703022	194.90426636	-3.87836293
219.53703022	194.90426636	-3.87836293
221.53703022	194.90426636	-3.87836293
223.53703022	194.90426636	-3.87836293
225.53703022	194.90426636	-3.87836293
227.53703022	194.90426636	-3.87836292
229.53703022	194.90426636	-3.87836292
231.53703022	194.90426636	-3.87836292
233.53703022	194.90426636	-3.87836292
235.53703022	194.90426636	-3.87836292
237.53703022	194.90426636	-3.87836292
239.53703022	194.90426636	-3.87836292
241.53703022	194.90426636	-3.87841556
243.53703022	194.90426636	-3.87837754
245.53703022	194.90426636	-3.87832629
247.53703022	194.90426636	-3.87832647
249.53703022	194.90426636	-3.87832610
251.53703022	194.90426636	-3.87832592
253.53703022	194.90426636	-3.87832629
255.53703022	194.90426636	-3.87832629
257.53703022	194.90426636	-3.87832629
259.53703022	194.90426636	-3.87832618
261.53703022	194.90426636	-3.87832589
263.53703022	194.90426636	-3.87832564
265.53703022	194.90426636	-3.87832652
267.53703022	194.90426636	-3.88048264
269.53703022	194.90426636	-3.88048378
271.53703022	194.90426636	-3.88488602
273.53703022	194.90426636	-3.88488592
275.53703022	194.90426636	-3.89386829
277.53703022	194.90426636	-3.89385086
279.53703022	194.90426636	-3.89356777
281.53703022	194.90426636	-3.89173653
-8.46296978	196.90426636	-3.81792641
-6.46296978	196.90426636	-3.81792641
-4.46296978	196.90426636	-3.81792641
-2.46296978	196.90426636	-3.81792641
-0.46296978	196.90426636	-3.81792641
1.53703022	196.90426636	-3.81792641
3.53703022	196.90426636	-3.81792641
5.53703022	196.90426636	-3.81792641
7.53703022	196.90426636	-3.81792641
9.53703022	196.90426636	-3.81792641
11.53703022	196.90426636	-3.81792641
13.53703022	196.90426636	-3.81792641
15.53703022	196.90426636	-3.81792641
17.53703022	196.90426636	-3.81792641
19.53703022	196.90426636	-3.81792641
21.53703022	196.90426636	-3.81792641
23.53703022	196.90426636	-3.81792641
25.53703022	196.90426636	-3.81792641
27.53703022	196.90426636	-3.81792641
29.53703022	196.90426636	-3.81792641
31.53703022	196.90426636	-3.81792641
33.53703022	196.90426636	-3.81792641
35.53703022	196.90426636	-3.81792641
37.53703022	196.90426636	-3.81792641
39.53703022	196.90426636	-3.81792641
41.53703022	196.90426636	-3.81792641
43.53703022	196.90426636	-3.81792641
45.53703022	196.90426636	-3.81792641
47.53703022	196.90426636	-3.81792641
49.53703022	196.90426636	-3.81792641
51.53703022	196.90426636	-3.81792641
53.53703022	196.90426636	-3.81792641
55.53703022	196.90426636	-3.81792641
57.53703022	196.90426636	-3.81792641
59.53703022	196.90426636	-3.81792641
61.53703022	196.90426636	-3.81792641
63.53703022	196.90426636	-3.81792641
65.53703022	196.90426636	-3.81792641
67.53703022	196.90426636	-3.81792641
69.53703022	196.90426636	-3.81792641
71.53703022	196.90426636	-3.87788367
73.53703022	196.90426636	-3.83984666
75.53703022	196.90426636	-3.80253813
77.53703022	196.90426636	-3.79412011
79.53703022	196.90426636	-3.78462750
81.53703022	196.90426636	-3.77559880
83.53703022	196.90426636	-3.76588989
85.53703022	196.90426636	-3.75744520
87.53703022	196.90426636	-3.75005415
89.53703022	196.90426636	-3.74657972
91.53703022	196.90426636	-3.74436434
93.53703022	196.90426636	-3.74502193
95.53703022	196.90426636	-3.74797452
97.53703022	196.90426636	-3.75334215
99.53703022	196.90426636	-3.75446230
101.53703022	196.90426636	-3.75645703
103.53703022	196.90426636	-3.76689891
105.53703022	196.90426636	-3.67450916
107.53703022	196.90426636	-3.72631091
109.53703022	196.90426636	-3.78092645
111.53703022	196.90426636	-3.78097197
113.53703022	196.90426636	-3.77690497
115.53703022	196.90426636	-3.56338000
117.53703022	196.90426636	-3.83323580
119.53703022	196.90426636	-3.88056207
121.53703022	196.90426636	-3.92495704
123.53703022	196.90426636	-3.89439130
125.53703022	196.90426636	-3.89439130
127.53703022	196.90426636	-3.89439130
129.53703022	196.90426636	-3.89439130
131.53703022	196.90426636	-3.89439130
133.53703022	196.90426636	-3.89439130
135.53703022	196.90426636	-3.89439130
137.53703022	196.90426636	-3.89439130
139.53703022	196.90426636	-3.89439130
141.53703022	196.90426636	-3.89439130
143.53703022	196.90426636	-3.89439130
145.53703022	196.90426636	-3.89439130
147.53703022	196.90426636	-3.89439130
149.53703022	196.90426636	-3.89439130
151.53703022	196.90426636	-3.89439130
153.53703022	196.90426636	-3.89439130
155.53703022	196.90426636	-3.89439130
157.53703022	196.90426636	-3.89439130
159.53703022	196.90426636	-3.89439130
161.53703022	196.90426636	-3.89439130
163.53703022	196.90426636	-3.89439130
165.53703022	196.90426636	-3.89439130
167.53703022	196.90426636	-3.89439130
169.53703022	196.90426636	-3.89439130
171.53703022	196.90426636	-3.89439130
173.53703022	196.90426636	-3.89439130
175.53703022	196.90426636	-3.89439130
177.53703022	196.90426636	-3.89439130
179.53703022	196.90426636	-3.89439130
181.53703022	196.90426636	-3.89439130
183.53703022	196.90426636	-3.89439130
185.53703022	196.90426636	-3.89439130
187.53703022	196.90426636	-3.89439130
189.53703022	196.90426636	-3.89439130
191.53703022	196.90426636	-3.89439130
193.53703022	196.90426636	-3.89439130
195.53703022	196.90426636	-3.89439130
197.53703022	196.90426636	-3.89439130
199.53703022	196.90426636	-3.89439130
201.53703022	196.90426636	-3.89439130
203.53703022	196.90426636	-3.89439130
205.53703022	196.90426636	-3.89439130
207.53703022	196.90426636	-3.89439130
209.53703022	196.90426636	-3.89439130
211.53703022	196.90426636	-3.89439130
213.53703022	196.90426636	-3.89439130
215.53703022	196.90426636	-3.89439130
217.53703022	196.90426636	-3.89439130
219.53703022	196.90426636	-3.89439130
221.53703022	196.90426636	-3.89439130
223.53703022	196.90426636	-3.89439130
225.53703022	196.90426636	-3.89439130
227.53703022	196.90426636	-3.89439130
229.53703022	196.90426636	-3.89439130
231.53703022	196.90426636	-3.89439130
233.53703022	196.90426636	-3.89439130
235.53703022	196.90426636	-3.89439130
237.53703022	196.90426636	-3.89439130
239.53703022	196.90426636	-3.89439130
241.53703022	196.90426636	-3.89439130
243.53703022	196.90426636	-3.89439130
245.53703022	196.90426636	-3.89439130
247.53703022	196.90426636	-3.89439130
249.53703022	196.90426636	-3.89439130
251.53703022	196.90426636	-3.89439130
253.53703022	196.90426636	-3.89439130
255.53703022	196.90426636	-3.89439130
257.53703022	196.90426636	-3.89439130
259.53703022	196.90426636	-3.89439130
261.53703022	196.90426636	-3.89439130
263.53703022	196.90426636	-3.89439130
265.53703022	196.90426636	-3.89439130
267.53703022	196.90426636	-3.89439130
269.53703022	196.90426636	-3.89439130
271.53703022	196.90426636	-3.89439130
273.53703022	196.90426636	-3.89439130
275.53703022	196.90426636	-3.89439130
277.53703022	196.90426636	-3.89439130
279.53703022	196.90426636	-3.89439130
281.53703022	196.90426636	-3.89439130
-8.46296978	198.90426636	-3.80415779
-6.46296978	198.90426636	-3.80525378
-4.46296978	198.90426636	-3.80820437
-2.46296978	198.90426636	-3.80855045
-0.46296978	198.90426636	-3.80948989
1.53703022	198.90426636	-3.80990968
3.53703022	198.90426636	-3.81034100
5.53703022	198.90426636	-3.81060127
7.53703022	198.90426636	-3.81083349
9.53703022	198.90426636	-3.81084028
11.53703022	198.90426636	-3.81077342
13.53703022	198.90426636	-3.81048620
15.53703022	198.90426636	-3.81035228
17.53703022	198.90426636	-3.81044418
19.53703022	198.90426636	-3.81048700
21.53703022	198.90426636	-3.81006028
23.53703022	198.90426636	-3.80957059
25.53703022	198.90426636	-3.80878653
27.53703022	198.90426636	-3.80811638
29.53703022	198.90426636	-3.80787747
31.53703022	198.90426636	-3.80796203
33.53703022	198.90426636	-3.80873280
35.53703022	198.90426636	-3.81079764
37.53703022	198.90426636	-3.81273237
39.53703022	198.90426636	-3.81380713
41.53703022	198.90426636	-3.81449260
43.53703022	198.90426636	-3.81521913
45.53703022	198.90426636	-3.81586323
47.53703022	198.90426636	-3.81650694
49.53703022	198.90426636	-3.81676540
51.53703022	198.90426636	-3.81764091
53.53703022	198.90426636	-3.81878218
55.53703022	198.90426636	-3.82007522
57.53703022	198.90426636	-3.82169053
59.53703022	198.90426636	-3.82267859
61.53703022	198.90426636	-3.82628153
63.53703022	198.90426636	-3.82429808
65.53703022	198.90426636	-3.83000067
67.53703022	198.90426636	-3.84183006
69.53703022	198.90426636	-3.82472763
71.53703022	198.90426636	-3.86476064
73.53703022	198.90426636	-3.80661334
75.53703022	198.90426636	-3.79717189
77.53703022	198.90426636	-3.78549297
79.53703022	198.90426636	-3.77794465
81.53703022	198.90426636	-3.76912141
83.53703022	198.90426636	-3.75939485
85.53703022	198.90426636	-3.75069801
87.53703022	198.90426636	-3.75076044
89.53703022	198.90426636	-3.74965534
91.53703022	198.90426636	-3.75085616
93.53703022	198.90426636	-3.75386235
95.53703022	198.90426636	-3.76042134
97.53703022	198.90426636	-3.75745444
99.53703022	198.90426636	-3.78324903
101.53703022	198.90426636	-3.79055475
103.53703022	198.90426636	-3.67931225
105.53703022	198.90426636	-3.74147856
107.53703022	198.90426636	-3.57554555
109.53703022	198.90426636	-3.77013040
111.53703022	198.90426636	-3.83833814
113.53703022	198.90426636	-3.81943693
115.53703022	198.90426636	-3.83494383
117.53703022	198.90426636	-3.87762364
119.53703022	198.90426636	-3.87625432
121.53703022	198.90426636	-3.87625432
123.53703022	198.90426636	-3.87625432
125.53703022	198.90426636	-3.87625432
127.53703022	198.90426636	-3.87625432
129.53703022	198.90426636	-3.87625432
131.53703022	198.90426636	-3.87625432
133.53703022	198.90426636	-3.87625432
135.53703022	198.90426636	-3.87625432
137.53703022	198.90426636	-3.87625432
139.53703022	198.90426636	-3.87625432
141.53703022	198.90426636	-3.87625432
143.53703022	198.90426636	-3.87625432
145.53703022	198.90426636	-3.87625432
147.53703022	198.90426636	-3.87625432
149.53703022	198.90426636	-3.87625432
151.53703022	198.90426636	-3.87625432
153.53703022	198.90426636	-3.87625432
155.53703022	198.90426636	-3.87625432
157.53703022	198.90426636	-3.87625432
159.53703022	198.90426636	-3.87625432
161.53703022	198.90426636	-3.87625432
163.53703022	198.90426636	-3.87625432
165.53703022	198.90426636	-3.87625432
167.53703022	198.90426636	-3.87625432
169.53703022	198.90426636	-3.87625432
171.53703022	198.90426636	-3.87625432
173.53703022	198.90426636	-3.87625432
175.53703022	198.90426636	-3.87625432
177.53703022	198.90426636	-3.87625432
179.53703022	198.90426636	-3.87625432
181.53703022	198.90426636	-3.87625432
183.53703022	198.90426636	-3.87625432
185.53703022	198.90426636	-3.87625432
187.53703022	198.90426636	-3.87625432
189.53703022	198.90426636	-3.87625432
191.53703022	198.90426636	-3.87625432
193.53703022	198.90426636	-3.87625432
195.53703022	198.90426636	-3.87625432
197.53703022	198.90426636	-3.87625432
199.53703022	198.90426636	-3.87625432
201.53703022	198.90426636	-3.87625432
203.53703022	198.90426636	-3.87625432
205.53703022	198.90426636	-3.87625432
207.53703022	198.90426636	-3.87625432
209.53703022	198.90426636	-3.87625432
211.53703022	198.90426636	-3.87625432
213.53703022	198.90426636	-3.87625432
215.53703022	198.90426636	-3.87625432
217.53703022	198.90426636	-3.87625432
219.53703022	198.90426636	-3.87625432
221.53703022	198.90426636	-3.87625432
223.53703022	198.90426636	-3.87625432
225.53703022	198.90426636	-3.87625432
227.53703022	198.90426636	-3.87625432
229.53703022	198.90426636	-3.87625432
231.53703022	198.90426636	-3.87625432
233.53703022	198.90426636	-3.87625432
235.53703022	198.90426636	-3.87625432
237.53703022	198.90426636	-3.87625432
239.53703022	198.90426636	-3.87625432
241.53703022	198.90426636	-3.87625432
243.53703022	198.90426636	-3.87625432
245.53703022	198.90426636	-3.87625432
247.53703022	198.90426636	-3.87625432
249.53703022	198.90426636	-3.87625432
251.53703022	198.90426636	-3.87625432
253.53703022	198.90426636	-3.87625432
255.53703022	198.90426636	-3.87625432
257.53703022	198.90426636	-3.87625432
259.53703022	198.90426636	-3.87625432
261.53703022	198.90426636	-3.87625432
263.53703022	198.90426636	-3.87625432
265.53703022	198.90426636	-3.87625432
267.53703022	198.90426636	-3.87625432
269.53703022	198.90426636	-3.87625432
271.53703022	198.90426636	-3.87625432
273.53703022	198.90426636	-3.87625432
275.53703022	198.90426636	-3.87625432
277.53703022	198.90426636	-3.87625432
279.53703022	198.90426636	-3.87625432
281.53703022	198.90426636	-3.87625432
-8.46296978	200.90426636	-3.79663837
-6.46296978	200.90426636	-3.80055264
-4.46296978	200.90426636	-3.80563595
-2.46296978	200.90426636	-3.80639851
-0.46296978	200.90426636	-3.80705117
1.53703022	200.90426636	-3.80747082
3.53703022	200.90426636	-3.80780641
5.53703022	200.90426636	-3.80803322
7.53703022	200.90426636	-3.80821541
9.53703022	200.90426636	-3.80826583
11.53703022	200.90426636	-3.80825318
13.53703022	200.90426636	-3.80811764
15.53703022	200.90426636	-3.80790821
17.53703022	200.90426636	-3.80789239
19.53703022	200.90426636	-3.80885216
21.53703022	200.90426636	-3.80886723
23.53703022	200.90426636	-3.80866457
25.53703022	200.90426636	-3.80825689
27.53703022	200.90426636	-3.80718721
29.53703022	200.90426636	-3.80650296
31.53703022	200.90426636	-3.80638107
33.53703022	200.90426636	-3.80646238
35.53703022	200.90426636	-3.80729352
37.53703022	200.90426636	-3.81086278
39.53703022	200.90426636	-3.81229329
41.53703022	200.90426636	-3.81300624
43.53703022	200.90426636	-3.81356423
45.53703022	200.90426636	-3.81407250
47.53703022	200.90426636	-3.81454182
49.53703022	200.90426636	-3.81477882
51.53703022	200.90426636	-3.78141107
53.53703022	200.90426636	-3.78550541
55.53703022	200.90426636	-3.76796347
57.53703022	200.90426636	-3.77233831
59.53703022	200.90426636	-3.76980386
61.53703022	200.90426636	-3.77533382
63.53703022	200.90426636	-3.77916521
65.53703022	200.90426636	-3.78451323
67.53703022	200.90426636	-3.78558562
69.53703022	200.90426636	-3.79384419
71.53703022	200.90426636	-3.81701703
73.53703022	200.90426636	-3.75272202
75.53703022	200.90426636	-3.79954721
77.53703022	200.90426636	-3.77713389
79.53703022	200.90426636	-3.79194046
81.53703022	200.90426636	-3.77066524
83.53703022	200.90426636	-3.77246859
85.53703022	200.90426636	-3.75672022
87.53703022	200.90426636	-3.76944816
89.53703022	200.90426636	-3.77681450
91.53703022	200.90426636	-3.64248947
93.53703022	200.90426636	-3.81717503
95.53703022	200.90426636	-3.67559191
97.53703022	200.90426636	-3.78414084
99.53703022	200.90426636	-3.77809091
101.53703022	200.90426636	-3.84883258
103.53703022	200.90426636	-3.86286867
105.53703022	200.90426636	-3.81907582
107.53703022	200.90426636	-3.85476303
109.53703022	200.90426636	-3.86756611
111.53703022	200.90426636	-3.89234138
113.53703022	200.90426636	-3.76020432
115.53703022	200.90426636	-3.89506497
117.53703022	200.90426636	-3.90618482
119.53703022	200.90426636	-3.90703815
121.53703022	200.90426636	-3.90809039
123.53703022	200.90426636	-3.90800073
125.53703022	200.90426636	-3.90807596
127.53703022	200.90426636	-3.90802415
129.53703022	200.90426636	-3.90802415
131.53703022	200.90426636	-3.90802416
133.53703022	200.90426636	-3.90802416
135.53703022	200.90426636	-3.90802416
137.53703022	200.90426636	-3.90802416
139.53703022	200.90426636	-3.90802416
141.53703022	200.90426636	-3.90802416
143.53703022	200.90426636	-3.90802416
145.53703022	200.90426636	-3.90802416
147.53703022	200.90426636	-3.90802416
149.53703022	200.90426636	-3.90802416
151.53703022	200.90426636	-3.90802416
153.53703022	200.90426636	-3.90802416
155.53703022	200.90426636	-3.90802416
157.53703022	200.90426636	-3.90802416
159.53703022	200.90426636	-3.90802416
161.53703022	200.90426636	-3.90802416
163.53703022	200.90426636	-3.90802416
165.53703022	200.90426636	-3.90802416
167.53703022	200.90426636	-3.90802416
169.53703022	200.90426636	-3.90802416
171.53703022	200.90426636	-3.90802416
173.53703022	200.90426636	-3.90802416
175.53703022	200.90426636	-3.90802416
177.53703022	200.90426636	-3.90802416
179.53703022	200.90426636	-3.90802416
181.53703022	200.90426636	-3.90802416
183.53703022	200.90426636	-3.90802416
185.53703022	200.90426636	-3.90802416
187.53703022	200.90426636	-3.90802416
189.53703022	200.90426636	-3.90802416
191.53703022	200.90426636	-3.90802416
193.53703022	200.90426636	-3.90802416
195.53703022	200.90426636	-3.90802416
197.53703022	200.90426636	-3.90802416
199.53703022	200.90426636	-3.90802416
201.53703022	200.90426636	-3.90802416
203.53703022	200.90426636	-3.90802416
205.53703022	200.90426636	-3.90802416
207.53703022	200.90426636	-3.90802416
209.53703022	200.90426636	-3.90802416
211.53703022	200.90426636	-3.90802416
213.53703022	200.90426636	-3.90802416
215.53703022	200.90426636	-3.90802416
217.53703022	200.90426636	-3.90802416
219.53703022	200.90426636	-3.90802416
221.53703022	200.90426636	-3.90802416
223.53703022	200.90426636	-3.90802416
225.53703022	200.90426636	-3.90802415
227.53703022	200.90426636	-3.90802413
229.53703022	200.90426636	-3.90802413
231.53703022	200.90426636	-3.90802412
233.53703022	200.90426636	-3.90802412
235.53703022	200.90426636	-3.90802411
237.53703022	200.90426636	-3.90802411
239.53703022	200.90426636	-3.90802411
241.53703022	200.90426636	-3.90802411
243.53703022	200.90426636	-3.90802411
245.53703022	200.90426636	-3.90802411
247.53703022	200.90426636	-3.90802411
249.53703022	200.90426636	-3.90802411
251.53703022	200.90426636	-3.90802411
253.53703022	200.90426636	-3.90802411
255.53703022	200.90426636	-3.90802411
257.53703022	200.90426636	-3.90802411
259.53703022	200.90426636	-3.90802411
261.53703022	200.90426636	-3.90802411
263.53703022	200.90426636	-3.90802417
265.53703022	200.90426636	-3.90802438
267.53703022	200.90426636	-3.90802469
269.53703022	200.90426636	-3.90827662
271.53703022	200.90426636	-3.90879067
273.53703022	200.90426636	-3.90983957
275.53703022	200.90426636	-3.90983950
277.53703022	200.90426636	-3.90983898
279.53703022	200.90426636	-3.90744771
281.53703022	200.90426636	-3.90764366
-8.46296978	202.90426636	-3.72101468
-6.46296978	202.90426636	-3.72306855
-4.46296978	202.90426636	-3.71195485
-2.46296978	202.90426636	-3.71375570
-0.46296978	202.90426636	-3.71369189
1.53703022	202.90426636	-3.71500977
3.53703022	202.90426636	-3.71654736
5.53703022	202.90426636	-3.71748656
7.53703022	202.90426636	-3.71851151
9.53703022	202.90426636	-3.71896374
11.53703022	202.90426636	-3.71948163
13.53703022	202.90426636	-3.71944081
15.53703022	202.90426636	-3.71939581
17.53703022	202.90426636	-3.71925111
19.53703022	202.90426636	-3.71897880
21.53703022	202.90426636	-3.71856776
23.53703022	202.90426636	-3.71842988
25.53703022	202.90426636	-3.71817465
27.53703022	202.90426636	-3.71831382
29.53703022	202.90426636	-3.71870741
31.53703022	202.90426636	-3.71942072
33.53703022	202.90426636	-3.72034827
35.53703022	202.90426636	-3.72245202
37.53703022	202.90426636	-3.72395110
39.53703022	202.90426636	-3.72623137
41.53703022	202.90426636	-3.72798766
43.53703022	202.90426636	-3.73002367
45.53703022	202.90426636	-3.73432731
47.53703022	202.90426636	-3.73809979
49.53703022	202.90426636	-3.74202593
51.53703022	202.90426636	-3.74514041
53.53703022	202.90426636	-3.74079474
55.53703022	202.90426636	-3.74269973
57.53703022	202.90426636	-3.74488359
59.53703022	202.90426636	-3.74927312
61.53703022	202.90426636	-3.75355296
63.53703022	202.90426636	-3.75739198
65.53703022	202.90426636	-3.76799369
67.53703022	202.90426636	-3.76897134
69.53703022	202.90426636	-3.77899279
71.53703022	202.90426636	-3.77654965
73.53703022	202.90426636	-3.79816604
75.53703022	202.90426636	-3.78249225
77.53703022	202.90426636	-3.78721014
79.53703022	202.90426636	-3.78203922
81.53703022	202.90426636	-3.79968593
83.53703022	202.90426636	-3.80500321
85.53703022	202.90426636	-3.80715922
87.53703022	202.90426636	-3.75937487
89.53703022	202.90426636	-3.79300090
91.53703022	202.90426636	-3.81194612
93.53703022	202.90426636	-3.82175852
95.53703022	202.90426636	-3.84476679
97.53703022	202.90426636	-3.86939198
99.53703022	202.90426636	-3.86504838
101.53703022	202.90426636	-3.76437306
103.53703022	202.90426636	-3.87615874
105.53703022	202.90426636	-3.88219857
107.53703022	202.90426636	-3.86513233
109.53703022	202.90426636	-3.88164067
111.53703022	202.90426636	-3.88826370
113.53703022	202.90426636	-3.88826370
115.53703022	202.90426636	-3.88826370
117.53703022	202.90426636	-3.88826370
119.53703022	202.90426636	-3.88826370
121.53703022	202.90426636	-3.88826370
123.53703022	202.90426636	-3.88826370
125.53703022	202.90426636	-3.88826370
127.53703022	202.90426636	-3.88826370
129.53703022	202.90426636	-3.88826370
131.53703022	202.90426636	-3.88826370
133.53703022	202.90426636	-3.88826370
135.53703022	202.90426636	-3.88826370
137.53703022	202.90426636	-3.88826370
139.53703022	202.90426636	-3.88826370
141.53703022	202.90426636	-3.88826370
143.53703022	202.90426636	-3.88826370
145.53703022	202.90426636	-3.88826370
147.53703022	202.90426636	-3.88826370
149.53703022	202.90426636	-3.88826370
151.53703022	202.90426636	-3.88826370
153.53703022	202.90426636	-3.88826370
155.53703022	202.90426636	-3.88826370
157.53703022	202.90426636	-3.88826370
159.53703022	202.90426636	-3.88826370
161.53703022	202.90426636	-3.88826370
163.53703022	202.90426636	-3.88826370
165.53703022	202.90426636	-3.88826370
167.53703022	202.90426636	-3.88826370
169.53703022	202.90426636	-3.88826370
171.53703022	202.90426636	-3.88826370
173.53703022	202.90426636	-3.88826370
175.53703022	202.90426636	-3.88826370
177.53703022	202.90426636	-3.88826370
179.53703022	202.90426636	-3.88826370
181.53703022	202.90426636	-3.88826370
183.53703022	202.90426636	-3.88826370
185.53703022	202.90426636	-3.88826370
187.53703022	202.90426636	-3.88826370
189.53703022	202.90426636	-3.88826370
191.53703022	202.90426636	-3.88826370
193.53703022	202.90426636	-3.88826370
195.53703022	202.90426636	-3.88826370
197.53703022	202.90426636	-3.88826370
199.53703022	202.90426636	-3.88826370
201.53703022	202.90426636	-3.88826370
203.53703022	202.90426636	-3.88826370
205.53703022	202.90426636	-3.88826370
207.53703022	202.90426636	-3.88826370
209.53703022	202.90426636	-3.88826370
211.53703022	202.90426636	-3.88826370
213.53703022	202.90426636	-3.88826370
215.53703022	202.90426636	-3.88826370
217.53703022	202.90426636	-3.88826370
219.53703022	202.90426636	-3.88826370
221.53703022	202.90426636	-3.88826370
223.53703022	202.90426636	-3.88826370
225.53703022	202.90426636	-3.88826370
227.53703022	202.90426636	-3.88826370
229.53703022	202.90426636	-3.88826370
231.53703022	202.90426636	-3.88826370
233.53703022	202.90426636	-3.88826370
235.53703022	202.90426636	-3.88826370
237.53703022	202.90426636	-3.88826370
239.53703022	202.90426636	-3.88826370
241.53703022	202.90426636	-3.88826370
243.53703022	202.90426636	-3.88826370
245.53703022	202.90426636	-3.88826370
247.53703022	202.90426636	-3.88826370
249.53703022	202.90426636	-3.88826370
251.53703022	202.90426636	-3.88826370
253.53703022	202.90426636	-3.88826370
255.53703022	202.90426636	-3.88826370
257.53703022	202.90426636	-3.88826370
259.53703022	202.90426636	-3.88826370
261.53703022	202.90426636	-3.88826370
263.53703022	202.90426636	-3.88826370
265.53703022	202.90426636	-3.88826370
267.53703022	202.90426636	-3.88826370
269.53703022	202.90426636	-3.88826370
271.53703022	202.90426636	-3.88826370
273.53703022	202.90426636	-3.88826370
275.53703022	202.90426636	-3.88826370
277.53703022	202.90426636	-3.88826370
279.53703022	202.90426636	-3.88826370
281.53703022	202.90426636	-3.88826370
-8.46296978	204.90426636	-3.65636664
-6.46296978	204.90426636	-3.66012601
-4.46296978	204.90426636	-3.65613482
-2.46296978	204.90426636	-3.65883511
-0.46296978	204.90426636	-3.65947073
1.53703022	204.90426636	-3.66159204
3.53703022	204.90426636	-3.66297606
5.53703022	204.90426636	-3.66470659
7.53703022	204.90426636	-3.66605068
9.53703022	204.90426636	-3.66739602
11.53703022	204.90426636	-3.66844846
13.53703022	204.90426636	-3.66937660
15.53703022	204.90426636	-3.67004206
17.53703022	204.90426636	-3.67054273
19.53703022	204.90426636	-3.67085736
21.53703022	204.90426636	-3.67110184
23.53703022	204.90426636	-3.67130256
25.53703022	204.90426636	-3.67165616
27.53703022	204.90426636	-3.67209546
29.53703022	204.90426636	-3.67280690
31.53703022	204.90426636	-3.67366963
33.53703022	204.90426636	-3.67484451
35.53703022	204.90426636	-3.67618508
37.53703022	204.90426636	-3.67781567
39.53703022	204.90426636	-3.67968153
41.53703022	204.90426636	-3.68180069
43.53703022	204.90426636	-3.68404827
45.53703022	204.90426636	-3.68661470
47.53703022	204.90426636	-3.68923846
49.53703022	204.90426636	-3.69243614
51.53703022	204.90426636	-3.69669448
53.53703022	204.90426636	-3.70148818
55.53703022	204.90426636	-3.70624573
57.53703022	204.90426636	-3.71147243
59.53703022	204.90426636	-3.71711997
61.53703022	204.90426636	-3.72325331
63.53703022	204.90426636	-3.73055285
65.53703022	204.90426636	-3.73792513
67.53703022	204.90426636	-3.74548804
69.53703022	204.90426636	-3.75394925
71.53703022	204.90426636	-3.76192692
73.53703022	204.90426636	-3.77290403
75.53703022	204.90426636	-3.82999539
77.53703022	204.90426636	-3.80015142
79.53703022	204.90426636	-3.81294243
81.53703022	204.90426636	-3.81403227
83.53703022	204.90426636	-3.82632294
85.53703022	204.90426636	-3.82534433
87.53703022	204.90426636	-3.84880008
89.53703022	204.90426636	-3.85299480
91.53703022	204.90426636	-3.86406469
93.53703022	204.90426636	-3.87527476
95.53703022	204.90426636	-3.50713825
97.53703022	204.90426636	-3.84895515
99.53703022	204.90426636	-3.71369863
101.53703022	204.90426636	-3.75904703
103.53703022	204.90426636	-3.87822342
105.53703022	204.90426636	-3.91198683
107.53703022	204.90426636	-3.91198683
109.53703022	204.90426636	-3.91198683
111.53703022	204.90426636	-3.91198683
113.53703022	204.90426636	-3.91198683
115.53703022	204.90426636	-3.91198683
117.53703022	204.90426636	-3.91198683
119.53703022	204.90426636	-3.91198683
121.53703022	204.90426636	-3.91198683
123.53703022	204.90426636	-3.91198683
125.53703022	204.90426636	-3.91198683
127.53703022	204.90426636	-3.91198683
129.53703022	204.90426636	-3.91198683
131.53703022	204.90426636	-3.91198683
133.53703022	204.90426636	-3.91198683
135.53703022	204.90426636	-3.91198683
137.53703022	204.90426636	-3.91198683
139.53703022	204.90426636	-3.91198683
141.53703022	204.90426636	-3.91198683
143.53703022	204.90426636	-3.91198683
145.53703022	204.90426636	-3.91198683
147.53703022	204.90426636	-3.91198683
149.53703022	204.90426636	-3.91198683
151.53703022	204.90426636	-3.91198683
153.53703022	204.90426636	-3.91198683
155.53703022	204.90426636	-3.91198683
157.53703022	204.90426636	-3.91198683
159.53703022	204.90426636	-3.91198683
161.53703022	204.90426636	-3.91198683
163.53703022	204.90426636	-3.91198683
165.53703022	204.90426636	-3.91198683
167.53703022	204.90426636	-3.91198683
169.53703022	204.90426636	-3.91198683
171.53703022	204.90426636	-3.91198683
173.53703022	204.90426636	-3.91198683
175.53703022	204.90426636	-3.91198683
177.53703022	204.90426636	-3.91198683
179.53703022	204.90426636	-3.91198683
181.53703022	204.90426636	-3.91198683
183.53703022	204.90426636	-3.91198683
185.53703022	204.90426636	-3.91198683
187.53703022	204.90426636	-3.91198683
189.53703022	204.90426636	-3.91198683
191.53703022	204.90426636	-3.91198683
193.53703022	204.90426636	-3.91198683
195.53703022	204.90426636	-3.91198683
197.53703022	204.90426636	-3.91198683
199.53703022	204.90426636	-3.91198683
201.53703022	204.90426636	-3.91198683
203.53703022	204.90426636	-3.91198683
205.53703022	204.90426636	-3.91198683
207.53703022	204.90426636	-3.91198683
209.53703022	204.90426636	-3.91198683
211.53703022	204.90426636	-3.91198683
213.53703022	204.90426636	-3.91198683
215.53703022	204.90426636	-3.91198683
217.53703022	204.90426636	-3.91198683
219.53703022	204.90426636	-3.91198683
221.53703022	204.90426636	-3.91198683
223.53703022	204.90426636	-3.91198683
225.53703022	204.90426636	-3.91198683
227.53703022	204.90426636	-3.91198683
229.53703022	204.90426636	-3.91198683
231.53703022	204.90426636	-3.91198683
233.53703022	204.90426636	-3.91198683
235.53703022	204.90426636	-3.91198683
237.53703022	204.90426636	-3.91198683
239.53703022	204.90426636	-3.91198683
241.53703022	204.90426636	-3.91198683
243.53703022	204.90426636	-3.91198683
245.53703022	204.90426636	-3.91198683
247.53703022	204.90426636	-3.91198683
249.53703022	204.90426636	-3.91198683
251.53703022	204.90426636	-3.91198683
253.53703022	204.90426636	-3.91198683
255.53703022	204.90426636	-3.91198683
257.53703022	204.90426636	-3.91198683
259.53703022	204.90426636	-3.91198683
261.53703022	204.90426636	-3.91198683
263.53703022	204.90426636	-3.91198683
265.53703022	204.90426636	-3.91198683
267.53703022	204.90426636	-3.91198683
269.53703022	204.90426636	-3.91198683
271.53703022	204.90426636	-3.91198683
273.53703022	204.90426636	-3.91198683
275.53703022	204.90426636	-3.91198683
277.53703022	204.90426636	-3.91198683
279.53703022	204.90426636	-3.91198683
281.53703022	204.90426636	-3.91198683
-8.46296978	206.90426636	-3.65079041
-6.46296978	206.90426636	-3.65360156
-4.46296978	206.90426636	-3.65658196
-2.46296978	206.90426636	-3.65867760
-0.46296978	206.90426636	-3.66098256
1.53703022	206.90426636	-3.66284214
3.53703022	206.90426636	-3.66471302
5.53703022	206.90426636	-3.66631138
7.53703022	206.90426636	-3.66781819
9.53703022	206.90426636	-3.66908310
11.53703022	206.90426636	-3.67019530
13.53703022	206.90426636	-3.67104767
15.53703022	206.90426636	-3.67169509
17.53703022	206.90426636	-3.67212784
19.53703022	206.90426636	-3.67239765
21.53703022	206.90426636	-3.67254066
23.53703022	206.90426636	-3.67271915
25.53703022	206.90426636	-3.67293321
27.53703022	206.90426636	-3.67335093
29.53703022	206.90426636	-3.67393866
31.53703022	206.90426636	-3.67481716
33.53703022	206.90426636	-3.67593244
35.53703022	206.90426636	-3.67738616
37.53703022	206.90426636	-3.67902268
39.53703022	206.90426636	-3.68090114
41.53703022	206.90426636	-3.68285584
43.53703022	206.90426636	-3.68506280
45.53703022	206.90426636	-3.68764550
47.53703022	206.90426636	-3.69051118
49.53703022	206.90426636	-3.69394619
51.53703022	206.90426636	-3.69778823
53.53703022	206.90426636	-3.70146180
55.53703022	206.90426636	-3.70558386
57.53703022	206.90426636	-3.71002187
59.53703022	206.90426636	-3.71508478
61.53703022	206.90426636	-3.72086100
63.53703022	206.90426636	-3.72750767
65.53703022	206.90426636	-3.73536000
67.53703022	206.90426636	-3.74302599
69.53703022	206.90426636	-3.75189734
71.53703022	206.90426636	-3.75972017
73.53703022	206.90426636	-3.77527365
75.53703022	206.90426636	-3.77990997
77.53703022	206.90426636	-3.79148597
79.53703022	206.90426636	-3.79613935
81.53703022	206.90426636	-3.80719426
83.53703022	206.90426636	-3.81639515
85.53703022	206.90426636	-3.83924467
87.53703022	206.90426636	-3.83724023
89.53703022	206.90426636	-3.85467330
91.53703022	206.90426636	-3.72259212
93.53703022	206.90426636	-3.79002476
95.53703022	206.90426636	-3.87006974
97.53703022	206.90426636	-3.89306355
99.53703022	206.90426636	-3.88546014
101.53703022	206.90426636	-3.90952158
103.53703022	206.90426636	-3.87779379
105.53703022	206.90426636	-3.87779379
107.53703022	206.90426636	-3.87779379
109.53703022	206.90426636	-3.87779379
111.53703022	206.90426636	-3.87779379
113.53703022	206.90426636	-3.87779379
115.53703022	206.90426636	-3.87779379
117.53703022	206.90426636	-3.87779379
119.53703022	206.90426636	-3.87779379
121.53703022	206.90426636	-3.87779379
123.53703022	206.90426636	-3.87779379
125.53703022	206.90426636	-3.87779379
127.53703022	206.90426636	-3.87779379
129.53703022	206.90426636	-3.87779379
131.53703022	206.90426636	-3.87779379
133.53703022	206.90426636	-3.87779379
135.53703022	206.90426636	-3.87779379
137.53703022	206.90426636	-3.87779379
139.53703022	206.90426636	-3.87779379
141.53703022	206.90426636	-3.87779379
143.53703022	206.90426636	-3.87779379
145.53703022	206.90426636	-3.87779379
147.53703022	206.90426636	-3.87779379
149.53703022	206.90426636	-3.87779379
151.53703022	206.90426636	-3.87779379
153.53703022	206.90426636	-3.87779379
155.53703022	206.90426636	-3.87779379
157.53703022	206.90426636	-3.87779379
159.53703022	206.90426636	-3.87779379
161.53703022	206.90426636	-3.87779379
163.53703022	206.90426636	-3.87779379
165.53703022	206.90426636	-3.87779379
167.53703022	206.90426636	-3.87779379
169.53703022	206.90426636	-3.87779379
171.53703022	206.90426636	-3.87779379
173.53703022	206.90426636	-3.87779379
175.53703022	206.90426636	-3.87779379
177.53703022	206.90426636	-3.87779379
179.53703022	206.90426636	-3.87779379
181.53703022	206.90426636	-3.87779379
183.53703022	206.90426636	-3.87779379
185.53703022	206.90426636	-3.87779379
187.53703022	206.90426636	-3.87779379
189.53703022	206.90426636	-3.87779379
191.53703022	206.90426636	-3.87779379
193.53703022	206.90426636	-3.87779379
195.53703022	206.90426636	-3.87779379
197.53703022	206.90426636	-3.87779379
199.53703022	206.90426636	-3.87779379
201.53703022	206.90426636	-3.87779379
203.53703022	206.90426636	-3.87779379
205.53703022	206.90426636	-3.87779379
207.53703022	206.90426636	-3.87779379
209.53703022	206.90426636	-3.87779379
211.53703022	206.90426636	-3.87779379
213.53703022	206.90426636	-3.87779379
215.53703022	206.90426636	-3.87779379
217.53703022	206.90426636	-3.87779379
219.53703022	206.90426636	-3.87779379
221.53703022	206.90426636	-3.87779379
223.53703022	206.90426636	-3.87779379
225.53703022	206.90426636	-3.87779379
227.53703022	206.90426636	-3.87779379
229.53703022	206.90426636	-3.87779379
231.53703022	206.90426636	-3.87779379
233.53703022	206.90426636	-3.87779379
235.53703022	206.90426636	-3.87779379
237.53703022	206.90426636	-3.87779379
239.53703022	206.90426636	-3.87779379
241.53703022	206.90426636	-3.87779379
243.53703022	206.90426636	-3.87779379
245.53703022	206.90426636	-3.87779379
247.53703022	206.90426636	-3.87779379
249.53703022	206.90426636	-3.87779379
251.53703022	206.90426636	-3.87779379
253.53703022	206.90426636	-3.87779379
255.53703022	206.90426636	-3.87779379
257.53703022	206.90426636	-3.87779379
259.53703022	206.90426636	-3.87779379
261.53703022	206.90426636	-3.87779379
263.53703022	206.90426636	-3.87779379
265.53703022	206.90426636	-3.87779379
267.53703022	206.90426636	-3.87779379
269.53703022	206.90426636	-3.87779379
271.53703022	206.90426636	-3.87779379
273.53703022	206.90426636	-3.87779379
275.53703022	206.90426636	-3.87779379
277.53703022	206.90426636	-3.87779379
279.53703022	206.90426636	-3.87779379
281.53703022	206.90426636	-3.87779379
-8.46296978	208.90426636	-3.64389329
-6.46296978	208.90426636	-3.64759706
-4.46296978	208.90426636	-3.64825429
-2.46296978	208.90426636	-3.65057960
-0.46296978	208.90426636	-3.65216616
1.53703022	208.90426636	-3.65414950
3.53703022	208.90426636	-3.65579391
5.53703022	208.90426636	-3.65747913
7.53703022	208.90426636	-3.65892831
9.53703022	208.90426636	-3.66026169
11.53703022	208.90426636	-3.66135928
13.53703022	208.90426636	-3.66227902
15.53703022	208.90426636	-3.66297178
17.53703022	208.90426636	-3.66352213
19.53703022	208.90426636	-3.66392562
21.53703022	208.90426636	-3.66430710
23.53703022	208.90426636	-3.66468245
25.53703022	208.90426636	-3.66519947
27.53703022	208.90426636	-3.66583546
29.53703022	208.90426636	-3.66671540
31.53703022	208.90426636	-3.66777881
33.53703022	208.90426636	-3.66911110
35.53703022	208.90426636	-3.67062785
37.53703022	208.90426636	-3.67236946
39.53703022	208.90426636	-3.67429979
41.53703022	208.90426636	-3.67642877
43.53703022	208.90426636	-3.67874983
45.53703022	208.90426636	-3.68147335
47.53703022	208.90426636	-3.68457817
49.53703022	208.90426636	-3.68822564
51.53703022	208.90426636	-3.69246548
53.53703022	208.90426636	-3.69706687
55.53703022	208.90426636	-3.70200385
57.53703022	208.90426636	-3.70745350
59.53703022	208.90426636	-3.71363417
61.53703022	208.90426636	-3.72047996
63.53703022	208.90426636	-3.72857370
65.53703022	208.90426636	-3.73701154
67.53703022	208.90426636	-3.74548413
69.53703022	208.90426636	-3.75386231
71.53703022	208.90426636	-3.76549289
73.53703022	208.90426636	-3.77629749
75.53703022	208.90426636	-3.80432865
77.53703022	208.90426636	-3.80204631
79.53703022	208.90426636	-3.81879169
81.53703022	208.90426636	-3.82495850
83.53703022	208.90426636	-3.84437585
85.53703022	208.90426636	-3.85154426
87.53703022	208.90426636	-3.85091257
89.53703022	208.90426636	-3.85025573
91.53703022	208.90426636	-3.87271476
93.53703022	208.90426636	-3.88785338
95.53703022	208.90426636	-3.88785338
97.53703022	208.90426636	-3.88785338
99.53703022	208.90426636	-3.88785338
101.53703022	208.90426636	-3.88785338
103.53703022	208.90426636	-3.88785338
105.53703022	208.90426636	-3.88785338
107.53703022	208.90426636	-3.88785338
109.53703022	208.90426636	-3.88785338
111.53703022	208.90426636	-3.88785338
113.53703022	208.90426636	-3.88785338
115.53703022	208.90426636	-3.88785338
117.53703022	208.90426636	-3.88785338
119.53703022	208.90426636	-3.88785338
121.53703022	208.90426636	-3.88785338
123.53703022	208.90426636	-3.88785338
125.53703022	208.90426636	-3.88785338
127.53703022	208.90426636	-3.88785338
129.53703022	208.90426636	-3.88785338
131.53703022	208.90426636	-3.88785338
133.53703022	208.90426636	-3.88785338
135.53703022	208.90426636	-3.88785338
137.53703022	208.90426636	-3.88785338
139.53703022	208.90426636	-3.88785338
141.53703022	208.90426636	-3.88785338
143.53703022	208.90426636	-3.88785338
145.53703022	208.90426636	-3.88785338
147.53703022	208.90426636	-3.88785338
149.53703022	208.90426636	-3.88785338
151.53703022	208.90426636	-3.88785338
153.53703022	208.90426636	-3.88785338
155.53703022	208.90426636	-3.88785338
157.53703022	208.90426636	-3.88785338
159.53703022	208.90426636	-3.88785338
161.53703022	208.90426636	-3.88785338
163.53703022	208.90426636	-3.88785338
165.53703022	208.90426636	-3.88785338
167.53703022	208.90426636	-3.88785338
169.53703022	208.90426636	-3.88785338
171.53703022	208.90426636	-3.88785338
173.53703022	208.90426636	-3.88785338
175.53703022	208.90426636	-3.88785338
177.53703022	208.90426636	-3.88785338
179.53703022	208.90426636	-3.88785338
181.53703022	208.90426636	-3.88785338
183.53703022	208.90426636	-3.88785338
185.53703022	208.90426636	-3.88785338
187.53703022	208.90426636	-3.88785338
189.53703022	208.90426636	-3.88785338
191.53703022	208.90426636	-3.88785338
193.53703022	208.90426636	-3.88785338
195.53703022	208.90426636	-3.88785338
197.53703022	208.90426636	-3.88785338
199.53703022	208.90426636	-3.88785338
201.53703022	208.90426636	-3.88785338
203.53703022	208.90426636	-3.88785338
205.53703022	208.90426636	-3.88785338
207.53703022	208.90426636	-3.88785338
209.53703022	208.90426636	-3.88785338
211.53703022	208.90426636	-3.88785338
213.53703022	208.90426636	-3.88785338
215.53703022	208.90426636	-3.88785338
217.53703022	208.90426636	-3.88785338
219.53703022	208.90426636	-3.88785338
221.53703022	208.90426636	-3.88785338
223.53703022	208.90426636	-3.88785338
225.53703022	208.90426636	-3.88785338
227.53703022	208.90426636	-3.88785338
229.53703022	208.90426636	-3.88785338
231.53703022	208.90426636	-3.88785338
233.53703022	208.90426636	-3.88785338
235.53703022	208.90426636	-3.88785338
237.53703022	208.90426636	-3.88785338
239.53703022	208.90426636	-3.88785338
241.53703022	208.90426636	-3.88785338
243.53703022	208.90426636	-3.88785338
245.53703022	208.90426636	-3.88785338
247.53703022	208.90426636	-3.88785338
249.53703022	208.90426636	-3.88785338
251.53703022	208.90426636	-3.88785338
253.53703022	208.90426636	-3.88785338
255.53703022	208.90426636	-3.88785338
257.53703022	208.90426636	-3.88785338
259.53703022	208.90426636	-3.88785338
261.53703022	208.90426636	-3.88785338
263.53703022	208.90426636	-3.88785338
265.53703022	208.90426636	-3.88785338
267.53703022	208.90426636	-3.88785338
269.53703022	208.90426636	-3.88785338
271.53703022	208.90426636	-3.88785338
273.53703022	208.90426636	-3.88785338
275.53703022	208.90426636	-3.88785338
277.53703022	208.90426636	-3.88785338
279.53703022	208.90426636	-3.88785338
281.53703022	208.90426636	-3.88785338
-8.46296978	210.90426636	-3.63574524
-6.46296978	210.90426636	-3.64250257
-4.46296978	210.90426636	-3.64679558
-2.46296978	210.90426636	-3.64935363
-0.46296978	210.90426636	-3.65172201
1.53703022	210.90426636	-3.65372587
3.53703022	210.90426636	-3.65560324
5.53703022	210.90426636	-3.65729771
7.53703022	210.90426636	-3.65885355
9.53703022	210.90426636	-3.66022875
11.53703022	210.90426636	-3.66142745
13.53703022	210.90426636	-3.66241370
15.53703022	210.90426636	-3.66319814
17.53703022	210.90426636	-3.66380192
19.53703022	210.90426636	-3.66424607
21.53703022	210.90426636	-3.66460905
23.53703022	210.90426636	-3.66496288
25.53703022	210.90426636	-3.66537362
27.53703022	210.90426636	-3.66593351
29.53703022	210.90426636	-3.66667464
31.53703022	210.90426636	-3.66766043
33.53703022	210.90426636	-3.66888662
35.53703022	210.90426636	-3.67035770
37.53703022	210.90426636	-3.67202356
39.53703022	210.90426636	-3.67386142
41.53703022	210.90426636	-3.67582090
43.53703022	210.90426636	-3.67805137
45.53703022	210.90426636	-3.68057094
47.53703022	210.90426636	-3.68345243
49.53703022	210.90426636	-3.68688175
51.53703022	210.90426636	-3.69060048
53.53703022	210.90426636	-3.69449906
55.53703022	210.90426636	-3.69879659
57.53703022	210.90426636	-3.70355290
59.53703022	210.90426636	-3.70899809
61.53703022	210.90426636	-3.71514911
63.53703022	210.90426636	-3.72245632
65.53703022	210.90426636	-3.73031163
67.53703022	210.90426636	-3.73874394
69.53703022	210.90426636	-3.74755640
71.53703022	210.90426636	-3.75832320
73.53703022	210.90426636	-3.77016707
75.53703022	210.90426636	-3.77920980
77.53703022	210.90426636	-3.78734983
79.53703022	210.90426636	-3.80169968
81.53703022	210.90426636	-3.81687480
83.53703022	210.90426636	-3.85196209
85.53703022	210.90426636	-3.83705735
87.53703022	210.90426636	-3.86480284
89.53703022	210.90426636	-3.88089395
91.53703022	210.90426636	-3.86773062
93.53703022	210.90426636	-3.89452839
95.53703022	210.90426636	-3.89452839
97.53703022	210.90426636	-3.89452839
99.53703022	210.90426636	-3.89452839
101.53703022	210.90426636	-3.89452839
103.53703022	210.90426636	-3.89452839
105.53703022	210.90426636	-3.89452839
107.53703022	210.90426636	-3.89452839
109.53703022	210.90426636	-3.89452839
111.53703022	210.90426636	-3.89452839
113.53703022	210.90426636	-3.89452839
115.53703022	210.90426636	-3.89452839
117.53703022	210.90426636	-3.89452839
119.53703022	210.90426636	-3.89452839
121.53703022	210.90426636	-3.89452839
123.53703022	210.90426636	-3.89452839
125.53703022	210.90426636	-3.89452839
127.53703022	210.90426636	-3.89452839
129.53703022	210.90426636	-3.89452839
131.53703022	210.90426636	-3.89452839
133.53703022	210.90426636	-3.89452839
135.53703022	210.90426636	-3.89452839
137.53703022	210.90426636	-3.89452839
139.53703022	210.90426636	-3.89452839
141.53703022	210.90426636	-3.89452839
143.53703022	210.90426636	-3.89452839
145.53703022	210.90426636	-3.89452839
147.53703022	210.90426636	-3.89452839
149.53703022	210.90426636	-3.89452839
151.53703022	210.90426636	-3.89452839
153.53703022	210.90426636	-3.89452839
155.53703022	210.90426636	-3.89452839
157.53703022	210.90426636	-3.89452839
159.53703022	210.90426636	-3.89452839
161.53703022	210.90426636	-3.89452839
163.53703022	210.90426636	-3.89452839
165.53703022	210.90426636	-3.89452839
167.53703022	210.90426636	-3.89452839
169.53703022	210.90426636	-3.89452839
171.53703022	210.90426636	-3.89452839
173.53703022	210.90426636	-3.89452839
175.53703022	210.90426636	-3.89452839
177.53703022	210.90426636	-3.89452839
179.53703022	210.90426636	-3.89452839
181.53703022	210.90426636	-3.89452839
183.53703022	210.90426636	-3.89452839
185.53703022	210.90426636	-3.89452839
187.53703022	210.90426636	-3.89452839
189.53703022	210.90426636	-3.89452839
191.53703022	210.90426636	-3.89452839
193.53703022	210.90426636	-3.89452839
195.53703022	210.90426636	-3.89452839
197.53703022	210.90426636	-3.89452839
199.53703022	210.90426636	-3.89452839
201.53703022	210.90426636	-3.89452839
203.53703022	210.90426636	-3.89452839
205.53703022	210.90426636	-3.89452839
207.53703022	210.90426636	-3.89452839
209.53703022	210.90426636	-3.89452839
211.53703022	210.90426636	-3.89452839
213.53703022	210.90426636	-3.89452839
215.53703022	210.90426636	-3.89452839
217.53703022	210.90426636	-3.89452839
219.53703022	210.90426636	-3.89452839
221.53703022	210.90426636	-3.89452839
223.53703022	210.90426636	-3.89452839
225.53703022	210.90426636	-3.89452839
227.53703022	210.90426636	-3.89452839
229.53703022	210.90426636	-3.89452839
231.53703022	210.90426636	-3.89452839
233.53703022	210.90426636	-3.89452839
235.53703022	210.90426636	-3.89452839
237.53703022	210.90426636	-3.89452839
239.53703022	210.90426636	-3.89452839
241.53703022	210.90426636	-3.89452839
243.53703022	210.90426636	-3.89452839
245.53703022	210.90426636	-3.89452839
247.53703022	210.90426636	-3.89452839
249.53703022	210.90426636	-3.89452839
251.53703022	210.90426636	-3.89452839
253.53703022	210.90426636	-3.89452839
255.53703022	210.90426636	-3.89452839
257.53703022	210.90426636	-3.89452839
259.53703022	210.90426636	-3.89452839
261.53703022	210.90426636	-3.89452839
263.53703022	210.90426636	-3.89452839
265.53703022	210.90426636	-3.89452839
267.53703022	210.90426636	-3.89452839
269.53703022	210.90426636	-3.89452839
271.53703022	210.90426636	-3.89452839
273.53703022	210.90426636	-3.89452839
275.53703022	210.90426636	-3.89452839
277.53703022	210.90426636	-3.89452839
279.53703022	210.90426636	-3.89452839
281.53703022	210.90426636	-3.89452839
-8.46296978	212.90426636	-3.63669858
-6.46296978	212.90426636	-3.64061916
-4.46296978	212.90426636	-3.64318566
-2.46296978	212.90426636	-3.64585817
-0.46296978	212.90426636	-3.64758388
1.53703022	212.90426636	-3.64972639
3.53703022	212.90426636	-3.65139719
5.53703022	212.90426636	-3.65320097
7.53703022	212.90426636	-3.65472047
9.53703022	212.90426636	-3.65618394
11.53703022	212.90426636	-3.65739398
13.53703022	212.90426636	-3.65844201
15.53703022	212.90426636	-3.65924008
17.53703022	212.90426636	-3.65988909
19.53703022	212.90426636	-3.66036528
21.53703022	212.90426636	-3.66082581
23.53703022	212.90426636	-3.66123632
25.53703022	212.90426636	-3.66178915
27.53703022	212.90426636	-3.66240306
29.53703022	212.90426636	-3.66326844
31.53703022	212.90426636	-3.66427589
33.53703022	212.90426636	-3.66556829
35.53703022	212.90426636	-3.66702429
37.53703022	212.90426636	-3.66872816
39.53703022	212.90426636	-3.67057018
41.53703022	212.90426636	-3.67261277
43.53703022	212.90426636	-3.67477556
45.53703022	212.90426636	-3.67735637
47.53703022	212.90426636	-3.68047038
49.53703022	212.90426636	-3.68408335
51.53703022	212.90426636	-3.68820897
53.53703022	212.90426636	-3.69272053
55.53703022	212.90426636	-3.69754132
57.53703022	212.90426636	-3.70287153
59.53703022	212.90426636	-3.70888671
61.53703022	212.90426636	-3.71554956
63.53703022	212.90426636	-3.72321125
65.53703022	212.90426636	-3.73146965
67.53703022	212.90426636	-3.74060249
69.53703022	212.90426636	-3.74931658
71.53703022	212.90426636	-3.76397424
73.53703022	212.90426636	-3.76868490
75.53703022	212.90426636	-3.79438273
77.53703022	212.90426636	-3.79425667
79.53703022	212.90426636	-3.81358847
81.53703022	212.90426636	-3.80697393
83.53703022	212.90426636	-3.85433054
85.53703022	212.90426636	-3.86370349
87.53703022	212.90426636	-3.86359453
89.53703022	212.90426636	-3.86723447
91.53703022	212.90426636	-3.86723447
93.53703022	212.90426636	-3.86723447
95.53703022	212.90426636	-3.86723447
97.53703022	212.90426636	-3.86723447
99.53703022	212.90426636	-3.86723447
101.53703022	212.90426636	-3.86723447
103.53703022	212.90426636	-3.86723447
105.53703022	212.90426636	-3.86723447
107.53703022	212.90426636	-3.86723447
109.53703022	212.90426636	-3.86723447
111.53703022	212.90426636	-3.86723447
113.53703022	212.90426636	-3.86723447
115.53703022	212.90426636	-3.86723447
117.53703022	212.90426636	-3.86723447
119.53703022	212.90426636	-3.86723447
121.53703022	212.90426636	-3.86723447
123.53703022	212.90426636	-3.86723447
125.53703022	212.90426636	-3.86723447
127.53703022	212.90426636	-3.86723447
129.53703022	212.90426636	-3.86723447
131.53703022	212.90426636	-3.86723447
133.53703022	212.90426636	-3.86723447
135.53703022	212.90426636	-3.86723447
137.53703022	212.90426636	-3.86723447
139.53703022	212.90426636	-3.86723447
141.53703022	212.90426636	-3.86723447
143.53703022	212.90426636	-3.86723447
145.53703022	212.90426636	-3.86723447
147.53703022	212.90426636	-3.86723447
149.53703022	212.90426636	-3.86723447
151.53703022	212.90426636	-3.86723447
153.53703022	212.90426636	-3.86723447
155.53703022	212.90426636	-3.86723447
157.53703022	212.90426636	-3.86723447
159.53703022	212.90426636	-3.86723447
161.53703022	212.90426636	-3.86723447
163.53703022	212.90426636	-3.86723447
165.53703022	212.90426636	-3.86723447
167.53703022	212.90426636	-3.86723447
169.53703022	212.90426636	-3.86723447
171.53703022	212.90426636	-3.86723447
173.53703022	212.90426636	-3.86723447
175.53703022	212.90426636	-3.86723447
177.53703022	212.90426636	-3.86723447
179.53703022	212.90426636	-3.86723447
181.53703022	212.90426636	-3.86723447
183.53703022	212.90426636	-3.86723447
185.53703022	212.90426636	-3.86723447
187.53703022	212.90426636	-3.86723447
189.53703022	212.90426636	-3.86723447
191.53703022	212.90426636	-3.86723447
193.53703022	212.90426636	-3.86723447
195.53703022	212.90426636	-3.86723447
197.53703022	212.90426636	-3.86723447
199.53703022	212.90426636	-3.86723447
201.53703022	212.90426636	-3.86723447
203.53703022	212.90426636	-3.86723447
205.53703022	212.90426636	-3.86723447
207.53703022	212.90426636	-3.86723447
209.53703022	212.90426636	-3.86723447
211.53703022	212.90426636	-3.86723447
213.53703022	212.90426636	-3.86723447
215.53703022	212.90426636	-3.86723447
217.53703022	212.90426636	-3.86723447
219.53703022	212.90426636	-3.86723447
221.53703022	212.90426636	-3.86723447
223.53703022	212.90426636	-3.86723447
225.53703022	212.90426636	-3.86723447
227.53703022	212.90426636	-3.86723447
229.53703022	212.90426636	-3.86723447
231.53703022	212.90426636	-3.86723447
233.53703022	212.90426636	-3.86723447
235.53703022	212.90426636	-3.86723447
237.53703022	212.90426636	-3.86723447
239.53703022	212.90426636	-3.86723447
241.53703022	212.90426636	-3.86723447
243.53703022	212.90426636	-3.86723447
245.53703022	212.90426636	-3.86723447
247.53703022	212.90426636	-3.86723447
249.53703022	212.90426636	-3.86723447
251.53703022	212.90426636	-3.86723447
253.53703022	212.90426636	-3.86723447
255.53703022	212.90426636	-3.86723447
257.53703022	212.90426636	-3.86723447
259.53703022	212.90426636	-3.86723447
261.53703022	212.90426636	-3.86723447
263.53703022	212.90426636	-3.86723447
265.53703022	212.90426636	-3.86723447
267.53703022	212.90426636	-3.86723447
269.53703022	212.90426636	-3.86723447
271.53703022	212.90426636	-3.86723447
273.53703022	212.90426636	-3.86723447
275.53703022	212.90426636	-3.86723447
277.53703022	212.90426636	-3.86723447
279.53703022	212.90426636	-3.86723447
281.53703022	212.90426636	-3.86723447
-8.46296978	214.90426636	-3.60044038
-6.46296978	214.90426636	-3.61066716
-4.46296978	214.90426636	-3.61625515
-2.46296978	214.90426636	-3.61935984
-0.46296978	214.90426636	-3.62193243
1.53703022	214.90426636	-3.62407543
3.53703022	214.90426636	-3.62608732
5.53703022	214.90426636	-3.62799193
7.53703022	214.90426636	-3.62984471
9.53703022	214.90426636	-3.63162626
11.53703022	214.90426636	-3.63333950
13.53703022	214.90426636	-3.63493884
15.53703022	214.90426636	-3.63638772
17.53703022	214.90426636	-3.63769867
19.53703022	214.90426636	-3.63880757
21.53703022	214.90426636	-3.63974176
23.53703022	214.90426636	-3.64059061
25.53703022	214.90426636	-3.64141177
27.53703022	214.90426636	-3.64235750
29.53703022	214.90426636	-3.64339037
31.53703022	214.90426636	-3.64456839
33.53703022	214.90426636	-3.64583957
35.53703022	214.90426636	-3.64723801
37.53703022	214.90426636	-3.64878391
39.53703022	214.90426636	-3.65048578
41.53703022	214.90426636	-3.65231003
43.53703022	214.90426636	-3.65437928
45.53703022	214.90426636	-3.65658885
47.53703022	214.90426636	-3.65892411
49.53703022	214.90426636	-3.66163935
51.53703022	214.90426636	-3.66466093
53.53703022	214.90426636	-3.66814904
55.53703022	214.90426636	-3.67222154
57.53703022	214.90426636	-3.67699880
59.53703022	214.90426636	-3.68258839
61.53703022	214.90426636	-3.68900194
63.53703022	214.90426636	-3.69650458
65.53703022	214.90426636	-3.70484262
67.53703022	214.90426636	-3.71497299
69.53703022	214.90426636	-3.72624937
71.53703022	214.90426636	-3.73639791
73.53703022	214.90426636	-3.74464999
75.53703022	214.90426636	-3.75405787
77.53703022	214.90426636	-3.76222527
79.53703022	214.90426636	-3.79194914
81.53703022	214.90426636	-3.85263848
83.53703022	214.90426636	-3.86245370
85.53703022	214.90426636	-3.87127757
87.53703022	214.90426636	-3.86348343
89.53703022	214.90426636	-3.86348343
91.53703022	214.90426636	-3.86348343
93.53703022	214.90426636	-3.86348343
95.53703022	214.90426636	-3.86348343
97.53703022	214.90426636	-3.86348343
99.53703022	214.90426636	-3.86348343
101.53703022	214.90426636	-3.86348343
103.53703022	214.90426636	-3.86348343
105.53703022	214.90426636	-3.86348343
107.53703022	214.90426636	-3.86348343
109.53703022	214.90426636	-3.86348343
111.53703022	214.90426636	-3.86348343
113.53703022	214.90426636	-3.86348343
115.53703022	214.90426636	-3.86348343
117.53703022	214.90426636	-3.86348343
119.53703022	214.90426636	-3.86348343
121.53703022	214.90426636	-3.86348343
123.53703022	214.90426636	-3.86348343
125.53703022	214.90426636	-3.86348343
127.53703022	214.90426636	-3.86348343
129.53703022	214.90426636	-3.86348343
131.53703022	214.90426636	-3.86348343
133.53703022	214.90426636	-3.86348343
135.53703022	214.90426636	-3.86348343
137.53703022	214.90426636	-3.86348343
139.53703022	214.90426636	-3.86348343
141.53703022	214.90426636	-3.86348343
143.53703022	214.90426636	-3.86348343
145.53703022	214.90426636	-3.86348343
147.53703022	214.90426636	-3.86348343
149.53703022	214.90426636	-3.86348343
151.53703022	214.90426636	-3.86348343
153.53703022	214.90426636	-3.86348343
155.53703022	214.90426636	-3.86348343
157.53703022	214.90426636	-3.86348343
159.53703022	214.90426636	-3.86348343
161.53703022	214.90426636	-3.86348343
163.53703022	214.90426636	-3.86348343
165.53703022	214.90426636	-3.86348343
167.53703022	214.90426636	-3.86348343
169.53703022	214.90426636	-3.86348343
171.53703022	214.90426636	-3.86348343
173.53703022	214.90426636	-3.86348343
175.53703022	214.90426636	-3.86348343
177.53703022	214.90426636	-3.86348343
179.53703022	214.90426636	-3.86348343
181.53703022	214.90426636	-3.86348343
183.53703022	214.90426636	-3.86348343
185.53703022	214.90426636	-3.86348343
187.53703022	214.90426636	-3.86348343
189.53703022	214.90426636	-3.86348343
191.53703022	214.90426636	-3.86348343
193.53703022	214.90426636	-3.86348343
195.53703022	214.90426636	-3.86348343
197.53703022	214.90426636	-3.86348343
199.53703022	214.90426636	-3.86348343
201.53703022	214.90426636	-3.86348343
203.53703022	214.90426636	-3.86348343
205.53703022	214.90426636	-3.86348343
207.53703022	214.90426636	-3.86348343
209.53703022	214.90426636	-3.86348343
211.53703022	214.90426636	-3.86348343
213.53703022	214.90426636	-3.86348343
215.53703022	214.90426636	-3.86348343
217.53703022	214.90426636	-3.86348343
219.53703022	214.90426636	-3.86348343
221.53703022	214.90426636	-3.86348343
223.53703022	214.90426636	-3.86348343
225.53703022	214.90426636	-3.86348343
227.53703022	214.90426636	-3.86348343
229.53703022	214.90426636	-3.86348343
231.53703022	214.90426636	-3.86348343
233.53703022	214.90426636	-3.86348343
235.53703022	214.90426636	-3.86348343
237.53703022	214.90426636	-3.86348343
239.53703022	214.90426636	-3.86348343
241.53703022	214.90426636	-3.86348343
243.53703022	214.90426636	-3.86348343
245.53703022	214.90426636	-3.86348343
247.53703022	214.90426636	-3.86348343
249.53703022	214.90426636	-3.86348343
251.53703022	214.90426636	-3.86348343
253.53703022	214.90426636	-3.86348343
255.53703022	214.90426636	-3.86348343
257.53703022	214.90426636	-3.86348343
259.53703022	214.90426636	-3.86348343
261.53703022	214.90426636	-3.86348343
263.53703022	214.90426636	-3.86348343
265.53703022	214.90426636	-3.86348343
267.53703022	214.90426636	-3.86348343
269.53703022	214.90426636	-3.86348343
271.53703022	214.90426636	-3.86348343
273.53703022	214.90426636	-3.86348343
275.53703022	214.90426636	-3.86348343
277.53703022	214.90426636	-3.86348343
279.53703022	214.90426636	-3.86348343
281.53703022	214.90426636	-3.86348343
-8.46296978	216.90426636	-3.60751253
-6.46296978	216.90426636	-3.61109309
-4.46296978	216.90426636	-3.61466518
-2.46296978	216.90426636	-3.61722196
-0.46296978	216.90426636	-3.61939174
1.53703022	216.90426636	-3.62154412
3.53703022	216.90426636	-3.62351050
5.53703022	216.90426636	-3.62551144
7.53703022	216.90426636	-3.62742456
9.53703022	216.90426636	-3.62929584
11.53703022	216.90426636	-3.63106702
13.53703022	216.90426636	-3.63268821
15.53703022	216.90426636	-3.63413791
17.53703022	216.90426636	-3.63539876
19.53703022	216.90426636	-3.63644751
21.53703022	216.90426636	-3.63745339
23.53703022	216.90426636	-3.63831262
25.53703022	216.90426636	-3.63931771
27.53703022	216.90426636	-3.64022050
29.53703022	216.90426636	-3.64134960
31.53703022	216.90426636	-3.64244887
33.53703022	216.90426636	-3.64378920
35.53703022	216.90426636	-3.64520089
37.53703022	216.90426636	-3.64684465
39.53703022	216.90426636	-3.64856830
41.53703022	216.90426636	-3.65049869
43.53703022	216.90426636	-3.65245177
45.53703022	216.90426636	-3.65471861
47.53703022	216.90426636	-3.65736029
49.53703022	216.90426636	-3.66037377
51.53703022	216.90426636	-3.66403567
53.53703022	216.90426636	-3.66804919
55.53703022	216.90426636	-3.67276217
57.53703022	216.90426636	-3.67801886
59.53703022	216.90426636	-3.68420572
61.53703022	216.90426636	-3.69111998
63.53703022	216.90426636	-3.69910095
65.53703022	216.90426636	-3.70820022
67.53703022	216.90426636	-3.71954433
69.53703022	216.90426636	-3.73031927
71.53703022	216.90426636	-3.74106147
73.53703022	216.90426636	-3.74896963
75.53703022	216.90426636	-3.76268713
77.53703022	216.90426636	-3.78660665
79.53703022	216.90426636	-3.74306750
81.53703022	216.90426636	-3.74306750
83.53703022	216.90426636	-3.74306750
85.53703022	216.90426636	-3.74306750
87.53703022	216.90426636	-3.74306750
89.53703022	216.90426636	-3.74306750
91.53703022	216.90426636	-3.74306750
93.53703022	216.90426636	-3.74306750
95.53703022	216.90426636	-3.74306750
97.53703022	216.90426636	-3.74306750
99.53703022	216.90426636	-3.74306750
101.53703022	216.90426636	-3.74306750
103.53703022	216.90426636	-3.74306750
105.53703022	216.90426636	-3.74306750
107.53703022	216.90426636	-3.74306750
109.53703022	216.90426636	-3.74306750
111.53703022	216.90426636	-3.74306750
113.53703022	216.90426636	-3.74306750
115.53703022	216.90426636	-3.74306750
117.53703022	216.90426636	-3.74306750
119.53703022	216.90426636	-3.74306750
121.53703022	216.90426636	-3.74306750
123.53703022	216.90426636	-3.74306750
125.53703022	216.90426636	-3.74306750
127.53703022	216.90426636	-3.74306750
129.53703022	216.90426636	-3.74306750
131.53703022	216.90426636	-3.74306750
133.53703022	216.90426636	-3.74306750
135.53703022	216.90426636	-3.74306750
137.53703022	216.90426636	-3.74306750
139.53703022	216.90426636	-3.74306750
141.53703022	216.90426636	-3.74306750
143.53703022	216.90426636	-3.74306750
145.53703022	216.90426636	-3.74306750
147.53703022	216.90426636	-3.74306750
149.53703022	216.90426636	-3.74306750
151.53703022	216.90426636	-3.74306750
153.53703022	216.90426636	-3.74306750
155.53703022	216.90426636	-3.74306750
157.53703022	216.90426636	-3.74306750
159.53703022	216.90426636	-3.74306750
161.53703022	216.90426636	-3.74306750
163.53703022	216.90426636	-3.74306750
165.53703022	216.90426636	-3.74306750
167.53703022	216.90426636	-3.74306750
169.53703022	216.90426636	-3.74306750
171.53703022	216.90426636	-3.74306750
173.53703022	216.90426636	-3.74306750
175.53703022	216.90426636	-3.74306750
177.53703022	216.90426636	-3.74306750
179.53703022	216.90426636	-3.74306750
181.53703022	216.90426636	-3.74306750
183.53703022	216.90426636	-3.74306750
185.53703022	216.90426636	-3.74306750
187.53703022	216.90426636	-3.74306750
189.53703022	216.90426636	-3.74306750
191.53703022	216.90426636	-3.74306750
193.53703022	216.90426636	-3.74306750
195.53703022	216.90426636	-3.74306750
197.53703022	216.90426636	-3.74306750
199.53703022	216.90426636	-3.74306750
201.53703022	216.90426636	-3.74306750
203.53703022	216.90426636	-3.74306750
205.53703022	216.90426636	-3.74306750
207.53703022	216.90426636	-3.74306750
209.53703022	216.90426636	-3.74306750
211.53703022	216.90426636	-3.74306750
213.53703022	216.90426636	-3.74306750
215.53703022	216.90426636	-3.74306750
217.53703022	216.90426636	-3.74306750
219.53703022	216.90426636	-3.74306750
221.53703022	216.90426636	-3.74306750
223.53703022	216.90426636	-3.74306750
225.53703022	216.90426636	-3.74306750
227.53703022	216.90426636	-3.74306750
229.53703022	216.90426636	-3.74306750
231.53703022	216.90426636	-3.74306750
233.53703022	216.90426636	-3.74306750
235.53703022	216.90426636	-3.74306750
237.53703022	216.90426636	-3.74306750
239.53703022	216.90426636	-3.74306750
241.53703022	216.90426636	-3.74306750
243.53703022	216.90426636	-3.74306750
245.53703022	216.90426636	-3.74306750
247.53703022	216.90426636	-3.74306750
249.53703022	216.90426636	-3.74306750
251.53703022	216.90426636	-3.74306750
253.53703022	216.90426636	-3.74306750
255.53703022	216.90426636	-3.74306750
257.53703022	216.90426636	-3.74306750
259.53703022	216.90426636	-3.74306750
261.53703022	216.90426636	-3.74306750
263.53703022	216.90426636	-3.74306750
265.53703022	216.90426636	-3.74306750
267.53703022	216.90426636	-3.74306750
269.53703022	216.90426636	-3.74306750
271.53703022	216.90426636	-3.74306750
273.53703022	216.90426636	-3.74306750
275.53703022	216.90426636	-3.74306750
277.53703022	216.90426636	-3.74306750
279.53703022	216.90426636	-3.74306750
281.53703022	216.90426636	-3.74306750
